manufacturer_id,manufacturer_name
1,Glaxo SmithKline Pharmaceuticals Ltd
2,Alembic Pharmaceuticals Ltd
3,Glenmark Pharmaceuticals Ltd
4,Sanofi India Ltd
5,Abbott
6,Cipla Ltd
7,Dr Reddy's Laboratories Ltd
8,Cadila Pharmaceuticals Ltd
9,USV Ltd
10,Aristo Pharmaceuticals Pvt Ltd
11,Torrent Pharmaceuticals Ltd
12,Mankind Pharma Ltd
13,Sun Pharmaceutical Industries Ltd
14,Pfizer Ltd
15,Alkem Laboratories Ltd
16,RPG Life Sciences Ltd
17,Stadmed Pvt Ltd
18,Jagsonpal Pharmaceuticals Ltd
19,Lupin Ltd
20,Samarth Life Sciences Pvt Ltd
21,Zydus Cadila
22,J B Chemicals and Pharmaceuticals Ltd
23,Systopic Laboratories Pvt Ltd
24,Micro Labs Ltd
25,Intas Pharmaceuticals Ltd
26,Elder Pharmaceuticals Ltd
27,Galderma India Pvt Ltd
28,Bharat Serums & Vaccines Ltd
29,Medley Pharmaceuticals
30,Lekar Pharma Ltd
31,Apex Laboratories Pvt Ltd
32,Bayer Pharmaceuticals Pvt Ltd
33,Macleods Pharmaceuticals Pvt Ltd
34,Tablets India Limited
35,Biochem Pharmaceutical Industries
36,Harson Laboratories
37,Rusan Pharma Ltd
38,Eris Lifesciences Ltd
39,Care Formulation Labs Pvt Ltd
40,Indoco Remedies Ltd
41,Novo Nordisk India Pvt Ltd
42,DKT India Ltd
43,Unimarck Pharma India Ltd
44,Cachet Pharmaceuticals Pvt Ltd
45,Veritaz Healthcare Ltd
46,Emcure Pharmaceuticals Ltd
47,Mac Millon Pharmaceuticals Pvt Ltd
48,Ipca Laboratories Ltd
49,Ajanta Pharma Ltd
50,Morepen Laboratories Ltd
51,Akumentis Healthcare Ltd
52,Leeford Healthcare Ltd
53,Alteus Biogenics Pvt Ltd
54,Synchem Lab
55,Oaknet Healthcare Pvt Ltd
56,Natco Pharma Ltd
57,Zuventus Healthcare Ltd
58,Health N U Therapeutics Pvt Ltd
59,Curatio Healthcare India Pvt Ltd
60,Reliance Life Sciences
61,Ind Swift Laboratories Ltd
62,Blue Cross Laboratories Ltd
63,Ergos Life Sciences
64,Medsol India Overseas Pvt Ltd
65,Shine Pharmaceuticals Ltd
66,AstraZeneca
67,Panacea Biotec Ltd
68,Group Pharmaceuticals Ltd
69,Eisai Pharmaceuticals India Pvt Ltd
70,Alcon Laboratories
71,Tas Med India Pvt Ltd
72,Life Sciences Inc
73,Corona Remedies Pvt Ltd
74,Albert David Ltd
75,Mano Pharma Pvt Ltd
76,Bevit Pharmaceuticals Ltd
77,Ordain Health Care Global Pvt Ltd
78,FDC Ltd
79,Wanbury Ltd
80,Serum Institute Of India Ltd
81,Allergan India Pvt Ltd
82,Nestor Pharmaceuticals
83,KC Laboratories
84,Novartis India Ltd
85,Steadfast Medishield Pvt Ltd
86,Unison Pharmaceuticals Pvt Ltd
87,Boehringer Ingelheim
88,Tridoss Laboratories Pvt Ltd
89,Overseas Healthcare Pvt Ltd
90,Pharmatak Opthalmics Pvt Ltd
91,His Eyeness Ophthalmics Pvt Ltd
92,Franco-Indian Pharmaceuticals Pvt Ltd
93,Torque Pharmaceuticals Pvt Ltd
94,Prism Life Sciences Ltd
95,Icon Life Sciences
96,Gujarat Terce Laboratories Ltd
97,Wockhardt Ltd
98,Mohrish Pharmaceuticals
99,Obsurge Biotech Ltd
100,Surya Pharmaceutical Ltd
101,Acme Generics LLP
102,A. Menarini India Pvt Ltd
103,Densa Pharmaceuticals Pvt Ltd
104,Neon Laboratories Ltd
105,Wallace Pharmaceuticals Pvt Ltd
106,Parasol Laboratories
107,Atharv Healthcare
108,Sunways India Pvt Ltd
109,La Renon Healthcare Pvt Ltd
110,Renauxe Pharma India Pvt Ltd
111,Centaur Pharmaceuticals Pvt Ltd
112,Indchemie Health Specialities Pvt Ltd
113,Alniche Life Sciences Pvt Ltd
114,Roche Products India Pvt Ltd
115,Achemic
116,Pulse Pharmaceuticals
117,Elixir Life Care Pvt Ltd
118,Laborate Pharmaceuticals India Ltd
119,Salud Care India Pvt Ltd
120,Themis Medicare Ltd
121,Mylan Pharmaceuticals Pvt Ltd
122,Fulford India Ltd
123,Emcee Pharmaceuticals Pvt Ltd
124,Foregen Healthcare Ltd
125,Navil Laboratories Pvt Ltd
126,Bennet Pharmaceuticals Limited
127,Cista Medicorp
128,Bini Laboratories Pvt Ltd
129,Khandelwal Laboratories Pvt Ltd
130,Zeelab Pharmacy Pvt Ltd
131,Bliss Gvs Pharma Limited
132,Fresenius Kabi India Pvt Ltd
133,Nithyasha Healthcare Pvt Ltd
134,Allenge India
135,Wewell Biotech Pvt Ltd
136,Uniza Healthcare LLP
137,Bayberry Pharmaceuticals Pvt Ltd
138,Kare Health Specialities Pvt Ltd
139,German Remedies
140,Pharmed Ltd
141,Besins Healthcare India Pvt Ltd
142,Zydus Healthcare Limited
143,Hetero Drugs Ltd
144,Diamond Drugs Pvt Ltd
145,NuLife Pharmaceuticals
146,Safe Life Care
147,Unimac Pharmaceuticals Pvt Ltd
148,Quepreon Biologicals Pvt Ltd
149,AN Pharmaceuticals Pvt Ltd
150,Waterley Pharmaceuticals Pvt Ltd
151,Sanatra Health Care
152,Medimax Pharma
153,Koye Pharmaceuticals Pvt ltd
154,Psychotropics India Ltd
155,Organon (India) Ltd
156,Arinna Lifescience Pvt Ltd
157,Atopic Laboratories
158,Maneesh Pharmaceuticals Ltd
159,Talent India
160,Iscon Life Sciences
161,Blisson Mediplus Pvt Ltd
162,Jackson Laboratories Pvt Ltd
163,Pharma Drugs & Chemicals
164,Aureate Healthcare Pvt Ltd
165,Amore Health Essentials Pvt Ltd
166,Shreya Life Sciences Pvt Ltd
167,Hegde and Hegde Pharmaceutical LLP
168,Maxis Healthcare
169,Dabur India Ltd
170,Nexkem Pharmaceuticals Pvt Ltd
171,Aareen Healthcare Pvt Ltd
172,Avis Lifecare Pvt Ltd
173,Leben Life Sciences Pvt Ltd
174,Lincoln Pharmaceuticals Ltd
175,Indian Immunologicals Ltd
176,Orchid Chemicals & Pharmaceuticals Ltd
177,Alto Healthcare Pvt. Ltd.
178,Indiabulls pharmaceutical ltd
179,Akme Biotec
180,Zen Labs India
181,Bajaj Pharmaceutical
182,Prem Pharmaceuticals Pvt Ltd
183,Accilex Diacardo
184,Rhine Biogenics Pvt Ltd
185,Inga Laboratories Pvt Ltd
186,Exmo Biogenics Pvt. Ltd.
187,Modi Mundi Pharma Pvt Ltd
188,S H Pharmaceuticals Ltd
189,Profic Organic Ltd
190,Fusion Healthcare Pvt Ltd
191,Canixa Life Sciences Pvt
192,Aronex Life Sciences Pvt Ltd
193,Snu Biocare
194,Alpic Biotech Ltd
195,Ethicare Pharma
196,Growmax Medicare Pvt Ltd
197,Isis Healthcare Pvt Ltd
198,Sigmund Promedica
199,Mahendra Labs Private Limited
200,Bion Therapeutics India Pvt Ltd
201,Amwill Healthcare
202,Jawa Pharmaceuticals Pvt Ltd
203,Alpa Laboratories Ltd
204,Pharmagic Lifesciences
205,Sparsh Remedies Pvt Ltd
206,Menidine Pharmaceuticals
207,Entod Pharmaceuticals Ltd
208,Nextgen Healthcare
209,Anglo-French Drugs & Industries Ltd
210,Ferring Pharmaceuticals
211,Curewell Drugs and Pharmaceuticals Pvt Ltd
212,Nemi Pharmaceuticles
213,Bal Pharma Ltd
214,Astrum Healthcare Pvt Ltd
215,Brinton Pharmaceuticals Pvt Ltd
216,Hicare Pharma
217,Vhb Life Sciences Inc
218,Lark Laboratories Ltd
219,Biocon
220,Auskincare Formulation Pvt Ltd
221,Empiai Pharmaceuticals Pvt Ltd
222,SBS Biosciences
223,Baksun Healthcare Pvt Ltd
224,Dermo Care Laboratories
225,Mark India
226,Injecto Capta Pvt Ltd
227,Austro Labs
228,Systemic Healthcare
229,Wynclark Pharmaceuticals Private Limited
230,Med Manor Organics Pvt Ltd
231,Alliaance Biotech
232,Sunrest Life Science
233,Raymed Pharmaceuticals Ltd
234,Awakesoul Pharmaceutical Pvt Ltd
235,Eisen Pharmaceutical Co Pvt Ltd
236,Ortin Laboratories Ltd
237,Kivi Labs Ltd
238,Biokindle Lifesciences Pvt Ltd
239,ZDL(Zodiacal) Pharmaceutics Pvt.Ltd
240,Synokem Pharmaceuticals Ltd
241,Walter Bushnell
242,Jenburkt Pharmaceuticals Ltd
243,Oyster Labs Ltd
244,Troikaa Pharmaceuticals Ltd
245,Linux Laboratories
246,Fourrts India Laboratories Pvt Ltd
247,Austrazen Bio Pharmaceuticals Pvt Ltd
248,MSN Laboratories
249,Hindustan Syringes & Medical Devices Ltd
250,Caplet India Pvt Ltd
251,Aurum Life Science Pvt Ltd
252,Kumayun Drugs Pvt Ltd
253,Eurocare
254,Aprica Pharmaceuticals Pvt Ltd
255,Blubell Pharma
256,Avel Life Sciences
257,Azkka Pharmaceuticals Pvt Ltd
258,Biomiicron Pharmaceuticals
259,Smart Laboratories Pvt Ltd
260,Dr. Johns Laboratories Pvt Ltd
261,Matrixx Formulation
262,Galpha Laboratories Ltd
263,Sycon Healthcare Pvt Ltd
264,Gladstone Pharma India Pvt Ltd
265,Trends Pharma Pvt Ltd
266,Wafture Healthcare Pvt Ltd
267,United Biotech Pvt Ltd
268,Schon Pharmaceuticals Ltd
269,Theogen Pvt Ltd
270,West-Coast Pharmaceutical Works Ltd
271,Raptakos Brett & Co Ltd
272,Unicure Remedies Pvt Ltd
273,Adonis Laboratories Pvt Ltd
274,Alester Pharma Pvt Ltd
275,Geno Pharmaceuticals Ltd
276,Hallmark Chemicals
277,Ultimate Healthcare
278,Asterisk Laboratories India Pvt Ltd
279,Srigan Anatto Care Pvt Ltd
280,Serve Pharmaceuticals
281,Unimarck Healthcare Ltd
282,kalal & Saiyed Pharma Pvt Ltd
283,Rely on Pharmaceuticals
284,Eskon Pharma
285,Agn Healthcare
286,Codon Pharma Private Limited
287,Zee Laboratories
288,Regaliz India Ltd
289,Velite Pharmaceuticals
290,Aerochem Neutron
291,Divine Savior Pvt Ltd
292,Rockmed Pharma Pvt. Ltd.
293,Novelty Healthshine Pvt Ltd
294,Afive Pharma
295,Proton Remedies Pvt Ltd
296,Aurolab
297,Knoll Pharmaceuticals Ltd
298,Regalia Pharmaceuticals (I) Pvt Ltd
299,Emami Frank Ross Ltd
300,Seagull Pharmaceutical Pvt Ltd
301,Corpus Lifesciences Pvt Ltd
302,Intra Life
303,Olympus Life Sciences
304,Synmedic Laboratories
305,Iceberg Healthcare Pvt Ltd
306,Ethinext Pharma
307,Rubra Pharmaceuticals Ltd
308,BMW Pharmaco India Pvt. Ltd.
309,Icon Pharma & Surgicals Pvt Ltd
310,Apple Lifescience
311,AAR ESS Remedies Pvt Ltd
312,Acron Pharmaceuticals
313,Medoz Pharmaceutical Pvt. Ltd
314,Celon Laboratories Ltd
315,Pride Pharma
316,Optho Pharma Pvt Ltd
317,Denizen Pharmaceuticals India (P) Ltd
318,Klar Sehen Pvt Ltd
319,Doqchem
320,Dycine Pharmaceuticals Ltd
321,Solvate Laboratries Pvt Ltd
322,PCI Pharmaceuticals
323,Marsha Pharma Pvt Ltd
324,East West Pharma
325,Signit Laboratories Pvt Ltd
326,Chemo Healthcare Pvt Ltd
327,Uniphar Biotech Private Limited
328,Lesanto Laboratories
329,Candrin Pharma Pvt Ltd
330,Sanshis Pharmaceuticals
331,Resilient Cosmecueticals Pvt Ltd
332,Vega Laboratories Pvt Ltd
333,MMC Healthcare Ltd
334,Biomax Laboratories
335,Sain Medicaments Pvt Ltd
336,Crescent Therapeutics Ltd
337,Therapeutic Pharmaceuticals
338,Affy Pharma Pvt Ltd
339,Regenix Drugs Ltd
340,Kepler Health Care
341,Strides shasun Ltd
342,Medikem Pharmaceuticals
343,IGP Medventures Pvt Ltd
344,Olcare Laboratories
345,Mancare Labs Pvt Ltd
346,Astraea Life Sciences Pvt Ltd
347,Alvio Pharma
348,Siesta Pharmaceuticals
349,Meridian Medicare Ltd
350,Assam Chemical & Pharmaceutical Pvt Ltd
351,Algen Healthcare Limited
352,Ben Pharmaceuticals
353,Lemford Biotech Pvt Ltd
354,Vyonics Health Care Pvt Ltd
355,Total Healthcare
356,Vrevive Medicure Pvt. Ltd.
357,Three Dots Lifescience
358,Avancer Labs Pvt Ltd
359,Viilbery Healthcare Pvt Ltd
360,D D Pharmaceuticals
361,Superstar Laboratories Pvt Ltd
362,Senechio Pharma Pvt Ltd
363,Nest Pharma
364,Healing Pharma India Pvt Ltd
365,Galacus Healthcare Pvt Ltd
366,Druto Laboratories
367,Gold Line
368,Adley Formulations
369,Skinska Pharmaceutica Pvt Ltd
370,Assiduous Life Sciences Pvt Ltd
371,Bioworld Pharma
372,Kim Lab
373,Ikon Remedies Pvt Ltd
374,Admac Pharma Ltd
375,Intra Labs India Pvt Ltd
376,Signova Pharma Pvt Ltd
377,Pharma Planet India
378,Axon Drugs Pvt Ltd
379,Mascot Health Series Pvt Ltd
380,Symbiosis Lab
381,Mission Research Laboratories Pvt Ltd
382,Woakes Pharma
383,SG Lifecare Pvt Ltd
384,Akesiss Pharma Pvt Ltd
385,La Pharmaceuticals
386,Adventus Laboratories India Pvt Ltd
387,Albinis Biotech Pvt Ltd
388,Haeal Pharma
389,Synovia Life Sciences Pvt Ltd
390,Parenteral Drugs India Ltd
391,Green Cross Remedies
392,Vivid Biotek Pvt Ltd
393,Senses Pharmaceuticals Ltd
394,Innovative Pharmaceuticals
395,Sol Derma Pharmaceuiticals Pvt Ltd
396,Atishya Biotech
397,WellOK Pharma
398,Fawn Incorporation
399,Allied Chemicals & Pharmaceuticals Pvt Ltd
400,Solarium Pharmaceuticals
401,Biomax Biotechnics Pvt Ltd
402,Kremoint Pharma Pvt Ltd
403,Uni-Pex Pharmaceuticals Pvt Ltd
404,Kivonyx Healthcare
405,Medic Forge Healthcare Private Limited
406,Medicross Pharmaceuticals
407,Daxia Healthcare
408,Azilliane Healthcare
409,Hospimax Healthcare Pvt Ltd
410,Sun Life Sciences Pvt Ltd
411,Embiotic Laboratories Pvt Ltd
412,Eumedica Pharmaceuticals
413,Zenlabs Ethica Ltd
414,Juggat Pharma
415,Knoll Healthcare Pvt Ltd
416,Aurz Pharmaceuticals Pvt Ltd
417,Aishwarya Healthcare
418,Alcure Pharmaceutical Laboratories India Pvt Ltd
419,Renova Pharmaceuticals
420,Alika Healthcare Pvt Ltd
421,Bharti Life Sciences
422,Bio Vitamins
423,Energize Pharmaceuticals (P) Ltd.
424,Psychocare Health Pvt Ltd
425,Adips Laboratories Ltd
426,Arbro Pharmaceuticals Pvt Ltd
427,Invomed Cotab Pvt Ltd
428,BestoChem Formulations India Ltd
429,Parnasa Mediworld Pvt Ltd
430,Zunison Healthcare
431,Legend Advanced Biomedicinals
432,Mediyork Pharma Pvt Ltd
433,Nectar Biopharma Pvt Limited
434,Aan Pharma Pvt Ltd
435,Medi Biotech Pvt Ltd
436,Primus Remedies Pvt Ltd
437,Alive Healthcare
438,Astellas Pharma Inc
439,Omenta Pharma Pvt Ltd
440,Hamax Pharmaceuticals
441,Excare Laboratories
442,Divine Lifecare Pvt Ltd
443,Avrohn Pharma I Limited
444,Curelab Healthcare
445,Medichem Pharmceuticals Ltd
446,PlasmaGen Biosciences Pvt Ltd
447,Yash Pharma Laboratories Pvt Ltd
448,AGM Biotec
449,Kopran Ltd
450,Ozone Pharmaceuticals Ltd
451,Synthiko Formulations & Pharma Pvt Ltd
452,Sumac Pharma Pvt Ltd
453,Chethana Pharmaceuticals
454,Alna Biotech Pvt Ltd
455,Vibcare Pharma Pvt Ltd
456,Oxford Pharmaceuticals Pvt Ltd
457,Nukind Healthcare Pvt Ltd
458,Mucos Pharma India Pvt Ltd
459,Depsons Pharma
460,Ciron Drugs & Pharmaceuticals Pvt Ltd
461,Dew Drops Lab
462,Votary Laboratories I Ltd
463,Finecure Pharmaceuticals Ltd.
464,Lezaa Biotech
465,Daksh Pharma Pvt Ltd
466,Adalia Pharmaceuticals LLP
467,Aromed Pharmaceuticals
468,Plenteous Pharmaceuticals Ltd
469,Biophar Lifesciences Pvt Ltd
470,Prevego Healthcare & Research Private Limited
471,Angel Laboratories Pvt Ltd
472,Avron Pharma Pvt Ltd
473,Megha Healthcare Pvt Ltd
474,Lexus Organics
475,Cure Tech Skincare
476,Premier Nutraceuticals Pvt Ltd
477,Healthkind Labs Pvt Ltd
478,Alde Medi Impex Ltd
479,Rene Lifescience
480,Ardent Life Sciences Pvt Ltd
481,Pharmatech Healthcare
482,Astra Labs
483,Orris Pharmaceuticals
484,Cascade India Pharmaceuticals
485,Nilrise Pharmaceuticals Pvt Ltd
486,Neuron Pharma Pvt Ltd
487,Altavista Life Sciences Pvt Ltd
488,Concept Pharmaceuticals Ltd
489,Ambit Bio Medix
490,Pinarc Life Sciences
491,Life Medicare & Biotech Pvt Ltd
492,Aver Pharmaceuticals Pvt Ltd
493,Wings Biotech Ltd
494,Syndicate Life Sciences Pvt Ltd
495,Aspire Remedies
496,Innovexia Life Sciences Pvt Ltd
497,Cadomed Pharmaceuticals Pvt Ltd
498,MDC Pharmaceuticals Pvt Ltd
499,Alisier Drugs Pvt Ltd
500,Kom-med Labrotories Pvt Ltd
501,Flora & Pharma
502,Syncom Formulations I Limited
503,Alencure Biotech Pvt Ltd
504,Oneiro Pharmaceuticals
505,Arvincare Pharma
506,Rapross Pharmaceuticals Pvt Ltd
507,Theta Lab Pvt Ltd
508,Integrace Pvt Ltd
509,Paras Impex
510,Solvis Pharmaceuticals
511,RR Life Sciences Pvt Ltd
512,Ethics Health Care Pvt Ltd
513,Laxian Healthcare
514,Libra Drugs India
515,Boots Lifesciences Ltd
516,Remantra Pharma
517,Solway Pharmaceuticals Pvt Ltd
518,Gary Pharmaceuticals Pvt Ltd
519,Concord Drugs Ltd
520,Bios Lab
521,Pristine Formulations
522,Dermawin Pharmaceuticals
523,Winmac Laboratories Ltd
524,Lifecare Neuro Products Ltd
525,Auspharma Private Limited
526,Parry Pharma Pvt Ltd
527,Chemo Biological
528,Radicura Pharma pvt ltd ltd
529,Serwina Pharmaceuticals Private Limited
530,Century Life Science
531,Kaizen Pharmaceuticals Pvt Ltd
532,Citizen Remedies Private Limited
533,Kenn Pharmaceuticals Pvt Ltd
534,Izng Pharmaceuticals
535,AAA Pharma Trade Pvt Ltd
536,Abia Pharmaceuticals Pvt. Ltd.
537,Win-Medicare Pvt Ltd
538,Gamete Pharma Pvt Ltd
539,Vrinda Life
540,Insight Eyecare Pvt Ltd.
541,Avyukt Pharmaceuticals
542,Pharmtak Ophtalmics India Pvt Ltd
543,Athens Labs Ltd
544,Fitwel Pharmaceuticals Private Limited
545,Cubit Healthcare
546,Ventus Pharmaceuticals Pvt Ltd
547,Pharma Fabrikon
548,Lifeon Paediatrics Ltd
549,Medmex Health Care
550,Nidus Pharma Pvt Ltd
551,Matteo Healthcare Pvt Ltd
552,Drukst Biotech Private Limited
553,Zenon Healthcare Ltd
554,Shilar Pharmaceuticals
555,Griffin Biogenesis Pvt Ltd
556,Hauz Pharma Pvt Ltd
557,Psycormedies
558,Hi Tech Pharmaceuticals Pvt Ltd
559,Makers Laboratories Ltd
560,Madbris Life Sciences Pvt Ltd
561,Dolvis Bio Pharma Pvt Ltd
562,Univentis Medicare Ltd
563,Sois Formulations Pvt Ltd
564,Vinca Lifesciences
565,Mestra Pharma Pvt Ltd
566,Nava Healthcare Pvt Ltd
567,Aster Medipharm Pvt Ltd
568,Genetic Pharma
569,Canbro Healthcare
570,Amnicure Healthcare Pvt Ltd
571,Acme Pharmaceutical
572,Aculife Healthcare Private Limited
573,Quick Heal Life Sciences
574,Jarun Pharmaceuticals
575,Nuorik Healthcare
576,Axiommax Oncology Pvt Ltd
577,Medisync Pharma
578,Zota Health care Ltd
579,Demorbus India Pvt Ltd
580,Sapient Laboratories Pvt Ltd
581,Wilshire Pharmaceuticals Pvt Ltd
582,Biological E Ltd
583,Roussel Laboratories Pvt Ltd
584,Universal Micro Sciences
585,Urochem Biotech
586,Sunwin Healthcare
587,Captab Biotec
588,Sierra Pharmaceuticals Ltd
589,HiGlance Laboratories
590,Appasamy Ocular Device Pvt Ltd
591,Unistar Biotech Ltd
592,Galcare Pharmaceutical Pvt Ltd
593,Swiss Pharma Pvt Ltd
594,Clox Pharma Pvt Ltd
595,Lyra Laboratories Pvt Ltd
596,Oxpro Pharma Private Limited
597,Tycoon Pharmaceuticals Pvt Ltd
598,Meditouch Wellness
599,Vee Remedies
600,JV Healthcare
601,Blossom Pharmaceuticals Pvt Ltd
602,Acmedix Pharma LLP
603,Anthus Pharmaceuticals Pvt Ltd
604,Marc Laboratories Pvt Ltd
605,Wonder Healthcare
606,Indi Pharma
607,A N Pharmacia
608,HS Aldem Healthcare
609,Midas Healthcare Ltd
610,Gonan Pharma
611,Altius Life Sciences
612,Biologic Psychotropics India Pvt Ltd
613,Precise Biopharma Pvt Ltd
614,Minol Pharmaceuticals
615,Cnscure India Pvt Ltd
616,Cubic Lifesciences Private Limited
617,Nri Vision Care India Limited
618,Biorex Healthcare Pvt Ltd
619,Alobiote Healthcare
620,e-derma Pharma India Pvt. Ltd.
621,Diicor Healthcare
622,Hibiscus Pharmaceuticals
623,Medipol Pharmaceuticals India Pvt Ltd
624,Bill Cure Pharma Pvt Ltd
625,Santis Pharmaceuticals Private Limited
626,Jenfer Biosciences Pvt Ltd
627,Lypho Med Remedies Pvt Ltd
628,Altar Healthcare Pvt Ltd
629,Positive Medicare Pvt Ltd
630,Aeobury Healthcare Pvt Ltd
631,Brooks Pharmaceuticals
632,Apotek Pharma Private Limited
633,CHS Formulations
634,Vestal Healthcare
635,Heal India Laboratories
636,Allien Pharmaceuticals
637,Orlife Healthcare
638,Bonsai Pharma
639,Yuventis Pharmaceuticals
640,Aust Ind Labs
641,Suncruz Pharmaceuticals
642,Kriven Health Solutions
643,Baxter India Pvt Ltd
644,Oxygen Pharma Care Pvt Ltd
645,Sanity Pharma
646,Avonic Life Sciences
647,Blaze Remedies
648,Sarian Healthcare
649,GH Vision Care Life Science
650,Capto Therapeutics
651,General Medicine Therapeutics Pvt Ltd
652,Triko Pharmaceuticals
653,Beulah Biomedics Ltd
654,General Pharmaceuticals Pvt Ltd
655,Alka Pharma
656,Guillain Pharma Private Limited
657,Chandra Bhagat Pharma Pvt Ltd
658,Talent Healthcare
659,Accilex Nutricorp
660,Dallas Pharmaceuticals and Formulations Pvt Ltd
661,Ipc Healthcare Pvt Ltd
662,Modern Medisciences
663,Comed Chemicals Ltd
664,Quality Bestochem Formulations Pvt Ltd
665,Shreeji Healthcare Impex
666,Gennext Life Sciences
667,Gnova Biotech
668,Curewin Hylico Pharma Pvt Ltd
669,Armour Remedies India Ltd
670,Mcastro Pharma
671,C M R Life Sciences
672,Goddres Pharmaceuticals Pvt Ltd
673,In Med Therapeutics
674,Abseil Pharmaceticals Pvt Ltd
675,Domagk Smith Labs Pvt Ltd
676,Leo Life Science Pvt Ltd
677,Medfence Labs
678,Reliance Formulation Pvt Ltd
679,Acekinetics Healthcare Pvt Ltd
680,Sunij Pharma Pvt Ltd
681,Slaney Healthcare
682,Plena Remedies
683,Angiolife Healthcare Pvt Ltd
684,Adikan Healthcare Pvt Ltd
685,Asolear Pharma Pvt Ltd
686,Stenkem Molecules Pvt Ltd
687,Racoon Pharmaceutical
688,V Care Pharma Pvt Ltd
689,Albus Healthcare Pvt Ltd
690,Life Gain Pharma
691,Archmed Biotech Pvt Ltd
692,Azine Healthcare Pvt Ltd
693,Zither Pharmaceutical Pvt Ltd
694,Abiba Pharmacia Pvt Ltd
695,Celera Healthcare Pvt. Ltd.
696,Deep Pharmaceutical
697,Lividus Pharmaceuticals Pvt Ltd
698,Dynamed Pharmaceuticals Pvt Ltd
699,Fluense Pharmaceutical
700,Gland Pharma Limited
701,May and Baker Pharmaceuticals Ltd
702,Truecure Healthcare Private Limited
703,Arwana Pharmaceuticals
704,Regal Healthcare
705,Lenimen Biotech
706,Megavision Pharmaceuticals
707,Medico Healthcare
708,Dokcare Life Sciences
709,Malody Healthcare Ltd
710,Scott Edil Pharmacia Ltd
711,Zephyr Medicare Pvt Ltd
712,Sunlife Pharmaceuticals Ltd
713,Vintek Pharmaceuticals
714,Indoglobe Ventures Private Limited
715,Rebanta Health Care (P) Limited
716,Avalanche Pharmaceuticals
717,Pharma Plus
718,RMPL Pharma LLP
719,Palvin Pharmaceuticals
720,Dahlia Pharmaceutical Pvt Ltd
721,Arrient Healthcare Pvt Ltd
722,Cian Health Care Pvt Ltd
723,Monark Biocare Pvt Ltd
724,Qren Lifesciences Pvt Ltd
725,Jemon Pharmaceutical
726,Palsons Derma
727,Biomorph Lifesciences
728,Albia Biocare
729,Regent Ajanta Biotech
730,MPC Pharmaceuticals
731,Suncure Lifescience Pvt Ltd
732,Lancer Health Care Pvt Ltd
733,Aryan Biotech Pvt Ltd
734,Johnlee Pharmaceuticals Pvt Ltd
735,Morgen Healthcare
736,Urvija Pharmaceuticals
737,Mclain Laboratories
738,Symbiosis Life Sciences Limited
739,Sesderma India Pvt Ltd
740,Rhombus Pharma Pvt Ltd
741,Alpha Aromatic Pvt Ltd
742,Chemech Laboratories Ltd
743,Sunroxx Pharma
744,Ishjas Pharma Pvt Ltd
745,Abron Healthcare
746,Biogenetic Pharmaceuticals
747,Accurate Pharmaceuticals
748,Staunch Health Care Pvt Ltd
749,Metamorf Lifesciences
750,Pharma Biological
751,Intel Pharmaceuticals
752,Pharmacopius Drugs Pvt Ltd
753,Drakt Pharmaceutical Pvt Ltd
754,Chem Biotech Healthcare
755,Aster Pharma
756,Biozec Healthcare
757,Kaithy Pharma
758,Pebble Pharmaceutical
759,Superlative Healthcare
760,Percos India Pvt Ltd
761,Novalife Healthcare
762,DWD Pharmaceuticals Ltd
763,Aegis Pharmaceuticals
764,Taj Pharma India Ltd
765,Arkson Pharmaceuticals
766,Consern Pharma Limited
767,Akunez Biotech
768,Citizen Life Science Pvt Ltd
769,Daemon Pharma Pvt Ltd
770,Tusker Pharma Pvt Ltd
771,Pharmasynth Formulations Ltd
772,Anmol Healthcare
773,Aadi Health Care
774,Emocare
775,Organic Laboratories
776,Integral Lifesciences
777,Ancalima Lifesciences Ltd
778,Astron Healthcare
779,Cynosure Life Care
780,Biosans Lifecare
781,Bluewaterresearch
782,Kusum Healthcare Pvt Ltd
783,Arnon Healthcare LLP
784,Jupiter Biolabs Pvt Ltd
785,Vts Life Sciences
786,Astraazin Pharmaceuticals Private Limited
787,Zenith Healthcare Ltd
788,Strathspey Labs Pvt Ltd
789,Parijat Lifescience Pvt Ltd
790,Biotic Healthcare
791,Medicure Life Sciences India Pvt Ltd
792,Baxton Pharmacia
793,Numark Ltd
794,H.L Healthcare Pvt Ltd
795,Arion Healthcare
796,Zota Pharmaceuticals Pvt Ltd
797,Akshita Remedies
798,Shield Health Care Pvt Ltd
799,Cyrus Remedies
800,Shiron Pharmaceuticals
801,Mackenzie Pharmaceuticals Pvt Ltd
802,Leegenic Pharmaceuticals
803,Sanzyme Ltd
804,Blaine Pharmaceuticals Pvt. Ltd
805,Medihealth Lifesciences Pvt. Ltd.
806,Talson Pharmaceuticals
807,Creogenic Pharma
808,Accuminn Labs
809,La Med India
810,Innovative Remedies
811,Yaxon BioCare Pvt Ltd
812,Hetero Healthcare Limited
813,Thrivex Lifesciences Pvt. Ltd.
814,Aqua Fina Injecta Pvt Ltd
815,Aventura Healthcare Pvt Ltd
816,Lan Pharmachem
817,Tavis Lifecare
818,Octane Biotech Pvt Ltd
819,Siochem Pharma Pvt Ltd
820,Lifeline Remedies India Pvt Ltd
821,Mmatrics Pharmaceuticals
822,Edinburgh Pharmaceuticals
823,Atlantis Formulations Pvt Ltd
824,Vanguard Therapeutics Pvt Ltd
825,Cenofi Healthcare Pvt Ltd
826,Atos Lifesciences Pvt Ltd
827,Vasu Organics Pvt Ltd
828,Medilance Healthcare
829,Davaindia Generic Pharmacy
830,Kaizen Research Labs India Pvt Ltd
831,Panzer Pharmaceuticals Pvt Ltd
832,Prorient Pharmaceuticals Pvt Ltd
833,Varenyam Healthcare Pvt Ltd
834,Pacific Drugs & Chemicals
835,Welkind Pharma
836,Shatayushi Healthcare Pvt Ltd
837,Dhanvantari Medicine & Equipments Pvt Ltd
838,Amplec Healthcare Pvt. Ltd.
839,Active Healthcare
840,Adventure Life Sciences Pvt Ltd
841,Alpha Drugs & Pharmaceuticals
842,Healthy Life Medicare
843,Dynamic Laboratories Pvt Ltd
844,Sterkem Pharma Pvt Ltd
845,Leo Pharmaceuticals
846,VIVO Life Science
847,Vintas Pharmaceuticals Pvt. Ltd.
848,Lxir Medilabs Pvt Ltd
849,Smilax Pharmaceuticals
850,Alicia Healthcare
851,Radix Pharmaceuticals
852,Gopal Lifesciences
853,Sunberry Lifesciences Private Limited
854,Arlak Biotech Pvt Ltd
855,Daylon Healthcare
856,Puneet Laboratories Pvt Ltd
857,Anhox Healthcare Pvt Ltd
858,HBC Dermiza Healthcare Pvt Ltd
859,Fidalgo Laboratories Pvt Ltd
860,Rivan Pharma
861,ADZO Lifesciences Pvt Ltd
862,SBS Life Sciences Pvt Ltd
863,Suraksha Pharma Pvt Ltd
864,BDR Pharmaceuticals Internationals Pvt
865,Shreeyam Healthcare
866,Abiz Pharma
867,Radicool Pharmaceutical Pvt Ltd
868,Chemonix India Ltd
869,AXA Parenterals Ltd
870,Lamiaceae Healthcare
871,Biocore Pharmaceuticals
872,Medicraft Group
873,Clyde Pharmaceuticals Pvt Ltd
874,Unicon Life Sciences
875,Shrinivas Gujarat Laboratories Pvt Ltd
876,Lia Life Sciences Pvt Ltd
877,Hi-Cure Biotech
878,Nexus Biotech
879,Atral Cyrus Lifesciences
880,Medons India
881,Zyphar's Pharmaceuticals Pvt Ltd
882,Narankaa Pharma
883,Strillion Healthcare
884,Vanprom Lifesciences Pvt Ltd
885,Saan Labs
886,Serene Medicos
887,Bioshine Healthcare Pvt Ltd
888,Assure Pharma
889,Endolabs Ltd
890,Aeon Remedies
891,Alcolabs
892,Klokter Life Sciences
893,Raphael Pharmaceuticals Pvt Ltd
894,Excella Life Sciences Pvt Ltd
895,Nimbles Biotech Pvt Ltd
896,Maximon Pharma Pvt Ltd
897,Asteroid Pharma
898,Stallion Laboratories Pvt Ltd
899,Wintech Pharmaceuticals
900,Eutheon Life Sciences Pvt Ltd
901,Biosys Medisciences
902,Genesis Biotech Inc
903,Stellar Bio-Labs
904,Acumen Pharmaceuticals Pvt Ltd
905,Krishna Life Sciences
906,Penlon India Pharmaceuticals
907,Mcronus Lifescience Pvt Ltd
908,Ifimed Pharmaceuticals Pvt Ltd
909,Pharmatec India Pvt Ltd
910,Saturn Formulations Pvt Ltd
911,Aptus Pharma Pvt Ltd
912,Rowan Bioceuticals Pvt Ltd
913,Axis Life Science Pvt Ltd
914,Surge Pharmaceuticals Pvt Ltd
915,Mandevis Pharma
916,Santo Formulations
917,Raymedica Pharmaceuticals
918,Hebert Biotech
919,Biosync Pharmaceuticals Pvt. Ltd.
920,Viribus Healthcare
921,Kaps3 Life Sciences
922,Ritz Pharma
923,Indizen Pharmaceutical
924,Sarthak Biotech Pvt Ltd
925,Biovzn Pharmaceuticals
926,Ridhima Biocare
927,Adinex Healthcare
928,Medico Lab
929,Anvik Biotech
930,Bioethics Lifesciences Pvt Ltd
931,Aice Healthcare
932,Symbiosis Pharmaceuticals Pvt Ltd
933,Safe Pharmaceuticals
934,Globela Pharma Pvt Ltd
935,Ultra Drugs Pvt Ltd
936,Entrust Healthcare Pvt Ltd
937,Crinova Healthcare
938,Adept Biocare
939,Kar Pharmaceuticals
940,Phoenix Biotech
941,Theo Pharma Pvt Ltd
942,Encyclo Healthcare
943,Thrift Pharmaceuticals
944,Will Impex
945,HAB Pharma
946,Dr Alson Laboratories Pvt Ltd
947,Mecartus Health Care Pvt Ltd
948,Varn pharmaceuticals
949,Sara Remedies
950,Aequitas Healthcare Pvt Ltd
951,Rianel Pharmaceuticals
952,Pharmatech India
953,Yami Pharma
954,CNX Healthcare Pvt Ltd
955,Pax Healthcare
956,Rouzel Pharma
957,Doctris Lifesciences
958,Baltic Pharmaceuticals
959,Eden Healthcare Pvt Ltd
960,Bioceutics Inc
961,Aethicz Biolife
962,Icarus Healthcare Pvt Ltd
963,Endocard India Pvt Ltd
964,True Care Biomedix
965,Ivy Healthcare
966,Genova Lifesciences
967,Bombay Tablet Mfg Co Pvt Ltd
968,LifeCare Formulation Pvt Ltd
969,Alicon Pharmaceutical Pvt Ltd
970,Novazen Pharmaceuticals
971,Aingo Pharma Pvt Ltd
972,Meri-Odin Life sciences
973,Medpurple Lifesciences Pvt Ltd
974,Idol Biotech
975,Parker Robinson Pvt Ltd
976,Aztec Lifescience Pvt Ltd
977,ABL Lifecare Pvt Ltd
978,Biotech Ltd
979,Acichem Laboratories
980,Synetic Healthcare
981,I.I.F.A Health Care
982,Vance Health Pharmaceuticals Ltd
983,Befam Pharmaceuticals Pvt Ltd
984,Capri Pharmaceuticals
985,Akiez Healthcare
986,Monokem Labs
987,Nettle Pharmaceuticals
988,Naatson Healthcare Pvt Ltd
989,Xeno Pharmaceuticals Pvt Ltd
990,Accord Pharmaceuticals
991,Oxirich Healthcare Pvt Ltd
992,Lifepure Labs Pvt Ltd
993,Merganzer Pharma Private Limited
994,Patson Laboratories Pvt Ltd
995,Kyna Pharmaceuticals
996,Ronyd Healthcare Pvt Ltd
997,Alexa Medicare Pvt Ltd
998,Syntho Pharmaceuticals Pvt Ltd
999,Shree KrishnaKeshav Laboratories Ltd
1000,Arika Healthcare
1001,Solace Biotech Ltd
1002,Altak Pharmaceuticals Pvt Ltd
1003,Axico Healthcare
1004,Aryan Pharmaceuticals
1005,Reliance Lifecare Pvt Ltd
1006,Medisoft Pharma
1007,Elcliff Formulations Pvt Ltd
1008,Logos Pharma
1009,Eltis Organics
1010,Austin Health Care
1011,Avilius Neutracare
1012,Axyzen Life Sciences
1013,Zumentes Healthcare
1014,Techyon Biotech Pvt Ltd
1015,SAG Health Science Pvt Ltd
1016,Sandika Pharmaceuticals Pvt Ltd
1017,Medlife Genetics
1018,Capital Pharma
1019,Elkos Healthcare Pvt Ltd
1020,Axenic Healthcare
1021,Treatwell Pharma
1022,Medrexcare Pharma Pvt Ltd
1023,Adelmo Healthcare
1024,Nephurocare Pharma Pvt Ltd
1025,Arbit Pharmaceutical
1026,Abigail Care Pharmaceutical
1027,Allen Dale Biosciences
1028,Midas Biotek Pvt Ltd
1029,The Pharmed Research Lab Pvt Ltd
1030,Oldmed Healthcare Pvt Ltd
1031,Tunic Healthcare
1032,Healers Lab
1033,Omni Lifesciences Pvt Ltd
1034,Accosts Remedies Pvt Ltd
1035,Ellanjey Lifesciences
1036,Makmaul Labocare
1037,H & Care Incorp
1038,Apex Diagnostic And Imaging Pvt Ltd
1039,Apical Biologicals
1040,Maverick Pharma Pvt Ltd
1041,Maksun Biotech Pvt Ltd
1042,Nostrum Pharmaceuticals
1043,Precept Pharma Ltd
1044,Premedium Pharmaceuticals Pvt Ltd
1045,Medrix Pharma Pvt Ltd
1046,Biocell Pharmaceuticals Pvt Ltd
1047,Meditek India
1048,Pykon Healthcare
1049,Shankus Acme Pharma Pvt Ltd
1050,Ernst Pharmacia
1051,Geneka Biotek
1052,Sulzderma Pharmaceuticals Pvt Ltd
1053,Roucher Biosciences Pvt Ltd
1054,Akrovis Pharmaceuticals
1055,Akcent Healthcare
1056,Hinglaj Laboratories
1057,Brostin Seizz Biocare
1058,Voizmed Pharma Pvt Ltd
1059,Kontest Chemicals Ltd
1060,Tesla Labs Pvt Ltd
1061,Glanz Health Care Pvt Ltd
1062,Medios Laboratories Pvt Ltd
1063,Abettor Life Sciences Pvt Ltd
1064,Shrrishti Health Care Products Pvt Ltd
1065,Allpa India Medicines Pvt Ltd
1066,Remeris Pharma Pvt. Ltd.
1067,Valens Biotech
1068,Kolaz Biotech Pvt Ltd
1069,Yaher Pharma
1070,Ambic Ayurchem Ltd
1071,Eli Lilly and Company India Pvt Ltd
1072,India Remedies
1073,Apple Therapeutics Pvt Ltd
1074,H2H India Biotech Private Limited
1075,Addii Biotech Private Limited
1076,Mediquest Inc.
1077,Bogs India (P) Ltd
1078,Asvins Lifecare
1079,Anikem Laboratories
1080,Shivani Healthcare
1081,Dr. DeFelice Health Care
1082,Akpash Pharmaceuticals Pvt Ltd
1083,Mefro Pharmaceuticals Pvt Ltd
1084,Aamorb Pharmaceuticals Pvt Ltd
1085,Walberg Pharmaceuticals
1086,Saaol Pharma Pvt Ltd
1087,Remember India Medicos
1088,Elite Pharma Pvt Ltd
1089,Biochemix Health Care Pvt. Ltd.
1090,TTK Healthcare Ltd
1091,Max India Ltd
1092,Astranova Biotech
1093,Alice Healthcare Pvt Ltd
1094,S.P Pharmaceuticals
1095,Calyx Medicare
1096,MHS Pharmaceuticals Pvt Ltd
1097,Raddison Health Care Pvt Ltd
1098,Amazone Pharmaceuticals Pvt Ltd
1099,Medcure Organics Pvt Ltd
1100,Remex Pharmaceuticals Ltd.
1101,Paradigm Healthcare
1102,Jubilant Life Sciences
1103,Macved Pharmaceuticals
1104,Cadwell Pharma Private Limited
1105,SHP Life Sciences Pvt Ltd
1106,Ryland Healthcare
1107,Ashes Life Sciences
1108,Winmark Healthcare Pvt Ltd
1109,Args India Pharma Private Limited
1110,Aconwell Pharma Pvt Ltd
1111,Farlex Pharmaceuticals Pvt Ltd
1112,Zenolia Life Science Private Limited
1113,Medishri Healthcare
1114,Abaris Healthcare
1115,Sigman Wellness
1116,Curewin Pharmaceuticals Ltd
1117,Quality Pharma Products Pvt. Ltd.
1118,Zen Pharma Pvt Ltd
1119,Adroit Lifescience Pvt Ltd
1120,Dewcare Concept Pvt.Ltd.
1121,American Biocare
1122,Delwis Healthcare Pvt Ltd
1123,Aquarius Health Care Pvt Ltd
1124,NB Healthcare
1125,Hanuchem Laboratories
1126,Signorah Healthcare
1127,Mediva Lifecare
1128,Biozen Health Products Pvt Ltd
1129,Spc Healthcare Private Limited
1130,Hiya Lifesciences Pvt Ltd
1131,Bondane Pharma
1132,Salveo Lifecare
1133,SSK Pharma
1134,Auroswift Pharma
1135,Aveon Healthcare & Pharma Pvt Ltd
1136,Raxon Lifesciences Pvt Ltd
1137,Mediwin Pharmaceuticals
1138,Ambreyo Lifesciences
1139,Fidelity Lifesciences Pvt Ltd
1140,Axis Labs Pvt Ltd
1141,Liva Healthcare Ltd
1142,Fibovil Pharmaceuticals Pvt Ltd
1143,Altius Pharmaceuticals Pvt Ltd
1144,Ochoa Laboratories Ltd
1145,East India Pharmaceutical Works Ltd
1146,Aglowmed Limited
1147,Addii Biotech Pvt Ltd
1148,Moxy Laboratories Pvt Ltd
1149,Banson Pharmaceuticals Pvt Ltd
1150,Paridhi Remedies
1151,AS Lifesciences
1152,Galaxy Biotech
1153,Anabolic Remedies Pvt Ltd
1154,Hab Pharmaceuticals and Research Ltd
1155,Ankaa Pharmaceutical
1156,Carise Pharmaceuticals Pvt Ltd
1157,Ascent Meditech Limited
1158,Sunfine Healthcare
1159,Medreich Lifecare Ltd
1160,Denchmed Pharma
1161,Tuhi Lifesciences Pvt. Ltd.
1162,Serene Lifeworld Pvt Ltd
1163,Magnachem Pharmaceuticals Pvt Ltd
1164,Asarva Lifescience Pvt Ltd
1165,Pride Healthcare
1166,Ampira Biotechnics Pvt Ltd
1167,Incite
1168,Olamic Pharma Pvt. Ltd.
1169,Paviour Pharmaceuticals Pvt Ltd
1170,Calren Care Lifesciences Pvt Ltd
1171,RKG Pharma
1172,Aarpik Pharmaceuticals Pvt Ltd
1173,Panjon Pharma Ltd
1174,Mecado Healthcare Pvt Ltd
1175,Aerozest Life Science
1176,Jarson Pharmaceuticals
1177,Standard Remedies Pvt Ltd
1178,Willow Pharmaceuticals Pvt Ltd
1179,Apco Pharma Ltd
1180,Versatil Pharmaceuticals Pvt Ltd
1181,Biodyne Remedies Pvt Ltd
1182,Gms Biomax Medicare Pvt Ltd
1183,Prector Lifesciences
1184,RSR Healthcare
1185,Lotus Life Sciences
1186,Cosmederma Remedies
1187,Godase Healthcare
1188,Deon Healthcare
1189,Indiana Opthalmics
1190,AS Pharmaceutical (India) Pvt Ltd
1191,Qcl Life Science Pvt Ltd
1192,Human Biolife India Pvt Ltd
1193,Advance Pharma
1194,Avita Laboratories Pvt Ltd
1195,Lanark Laboratories Pvt Ltd
1196,Anabiosis Medisciences Ltd
1197,Gentech Healthcare Pvt Ltd
1198,Romas Remedies
1199,Matins Pharma
1200,JMS Medicon Pvt Ltd
1201,Femgrace Formulations
1202,Nectazen Pharmaceuticals
1203,Orn Remedies Pvt Ltd
1204,Dea-della Life Sciences Pvt Ltd
1205,Iatros Pharmaceuticals Pvt Ltd
1206,Anoco Pharmaceuticals India Pvt Ltd
1207,ICI Healthcare Pvt Ltd
1208,Health Guard India Pvt Ltd
1209,Dewmedic Healthcare Pvt Ltd
1210,Colinz Laboratories Ltd
1211,Vermilion Healthcare Pvt Ltd
1212,Pharmacon Healthcare
1213,Digmedi Pvt Ltd
1214,Gates Byby Pharma
1215,BRD MediLabs
1216,Succor Health Care Pvt Ltd
1217,Zytras Life Sciences
1218,Rekin Pharma Pvt. Ltd.
1219,Paras Pharmaceuticals Ltd
1220,Beekay Pharmaceuticals
1221,Zennar Life Sciences
1222,Drug For Life India Pvt Ltd
1223,Hosta Labs
1224,Corazon Pharma Pvt Ltd
1225,Best Biotech
1226,Park Pharmaceuticals
1227,Saksham Pharmaceuticals India Ltd
1228,Evok Lifesciences Pvt Ltd
1229,Maxx Farmacia (India) Lip
1230,Anvicure Drugs
1231,Insyte Health Care
1232,Ashok Pharmaceuticals
1233,NG Life Sciences Pvt Ltd
1234,Hos & Ins
1235,Surecare Pharma Pvt Ltd
1236,Aretaeus Pharmaceuticals
1237,Salve Pharmaceuticals Pvt Ltd
1238,Akums Drugs & Pharmaceuticals Ltd
1239,Actus Health Care
1240,Cheminnova Life Sciences
1241,Grefith Life Sciences Pvt Ltd
1242,Healthwell Healthcare
1243,Stanford Biotech Pvt Ltd
1244,Jupiter Pharmaceutical Ltd
1245,Avail Healthcare
1246,Sanify Healthcare Pvt Ltd
1247,Simpson Brawn Pharmaceuticals
1248,Srigen Pharmaceuticals
1249,Calix Health Care
1250,Zen Biotech Pvt Ltd
1251,Angeas Healthcare Ltd
1252,Dial Pharmaceuticals Pvt Ltd
1253,Citrus Pharma
1254,Mac Organics
1255,Indian Drugs & Pharmaceuticals Ltd
1256,Supracyn Pharma
1257,Bhavishya Pharmaceuticals Pvt Ltd
1258,Ranmarc Labs
1259,Allentis Pharmaceuticals Pvt Ltd
1260,Hochest Biotech India
1261,Colors Life Sciences
1262,Amazeal Life Science Pvt Ltd
1263,Medicowin Remedies (P) Ltd
1264,Milstein Pharma
1265,Arkas Pharma Pvt Ltd
1266,Commonwealth Pharmaceuticals
1267,Indo Medix
1268,Esteem Pharmaceuticals
1269,Desta Lifescience
1270,Dr. Morepen Limited
1271,Spine HealthCare Pvt Ltd
1272,Uniroyal Biotech
1273,Regain Laboratories
1274,Eden Pharmaceuticals Limited
1275,Geo Pharma Pvt Ltd
1276,Hippo Labs Pvt Ltd
1277,Rekvina Laboratories Ltd
1278,Tenet Healthcare
1279,Shinto Organics (P) Limited
1280,Altena Healthcare
1281,A V Pharmaceuticals
1282,Care Benzorganics Pvt Ltd
1283,Aarav Pharmaceuticals
1284,Capricorn Biotech
1285,Novo Medi Sciences Pvt Ltd
1286,Overseas Pharma Pvt Ltd
1287,Sanador Healthcare
1288,Axter Pharmaceuticals Pvt Ltd
1289,Zoic Lifesciences
1290,Novogen Captab
1291,Deepkamal Health Services Private Limited
1292,MayGriss Healthcare Pvt. Ltd
1293,Base Pharmaceuticals Pvt Ltd
1294,Aventure Pharma
1295,Biomirra Biogenics Pvt Ltd
1296,Hilbert Healthcare
1297,Unipure Biotech
1298,Winmark Pharmaceuticals Pvt Ltd
1299,Amzor Healthcare
1300,Mediarka Lifesciences Pvt Ltd
1301,Ai Health Care LLP
1302,Dukes Lab
1303,Carrel Pharmaceuticals
1304,Pleasant Pharmaceuticals Pvt Ltd
1305,Uni-san Pharmaceuticals
1306,Pharvax Biosciences
1307,Neuromentis Lifesciences
1308,Mediwave Life Sciences Pvt Ltd
1309,Adalbert Healthcare Pvt Ltd
1310,Unikind Pharma
1311,Anrose Pharma Ltd
1312,Alvid Biocare
1313,Saga Laboratories
1314,Azurite Bio Science Pvt Ltd
1315,Aman Healthcare
1316,KRP Pharma
1317,Kris Pharma
1318,Allegiant Biotech
1319,East African (India) Overseas
1320,Hind Bioscience
1321,Welcure Pharma
1322,Asmed Healthcare
1323,Adisys Healthcare
1324,Glorior Biotech Pvt Ltd
1325,Elinor Pharmaceuticals Pvt Ltd
1326,Elivia Life Sciences Pvt Ltd
1327,Healing Touch Pharmaceuticals Pvt Ltd
1328,Assure Lifescience Pvt Ltd
1329,Nova Scotia
1330,Ampus Life Sciences Ltd
1331,Esquire Drug House
1332,Focus Healthcare
1333,Trumac Healthcare
1334,Sanjivani Parenteral Ltd
1335,Bio Warriors Pharmaceuticals Pvt Ltd
1336,Staneil Pharma
1337,Makeown Pharma Private Limited
1338,Kaptab Pharmaceuticals
1339,Bennet Mypher Pharmaceuticals LLP
1340,Ravenmac Pharmaceuticals Pvt Ltd
1341,Proqol Healthcare
1342,Edward Young Labs
1343,Hanburys Health Care Pvt Ltd
1344,Larion Life Sciences Pvt Ltd
1345,Texas Pharmaceuticals
1346,Aeston Life Sciences
1347,Adison Pharmaceuticals
1348,Betamax Remedies
1349,Alter Ego Pharmaceuticals
1350,Addissun Life Science Pvt Ltd
1351,Masson Healthcare Pvt Ltd
1352,Arrow Pharma
1353,Bonitas Life Science Pvt Ltd
1354,Numera Life Sciences
1355,Zenacts Pharma
1356,Adoc Pharma
1357,Epitome Life Sciences
1358,Novus Life Sciences Pvt Ltd
1359,Zenexa Healthcare
1360,Arnvis Pharma Pvt Ltd
1361,Caddes Life Sciences
1362,Salas Pharmaceuticals
1363,Mayflower India
1364,Macsys LifeSciences
1365,Styrax Pharma Pvt Ltd
1366,Aurel Biolife
1367,Avinash Health Products Pvt Ltd
1368,Amideep Pharmaceuticals
1369,Meditune Healthcare Pvt Ltd
1370,Rezichem Healthcare Pvt Ltd
1371,Edymax Lifesciences Private Limited
1372,SandMartin Pharmaceuticals Pvt Ltd
1373,Acto Pharma Pvt Ltd
1374,Esmatrix Life Sciences Pvt Ltd
1375,Coxswain Healthcare
1376,Brzee Mediscience
1377,Synthergen Therapeutics Pvt Ltd
1378,Dermcure's Pharma
1379,Exsan Healthcare
1380,Nirlife Healthcare
1381,Biozoc INC
1382,Adicure Pharma Private Limited
1383,Asoj Soft Caps Pvt Ltd
1384,M.M Pharma
1385,Kritikos Care
1386,Meddox Formulations
1387,Doff Biotech Pvt Ltd
1388,Arrowin Pharmaceuticals
1389,Mihika Pharmaceutical
1390,MedHeal Pharmaceuticals
1391,Astonea Labs Private Limited
1392,Universal Health Sciences
1393,Cordial Lifesciences Pvt Ltd
1394,Crestige Lifecare
1395,Nitro Organics
1396,Magma Allianz Laboratories Ltd
1397,John Biotech Pvt Ltd
1398,Asklepios Remedies Pvt Ltd
1399,Symbion Lifescience
1400,Kramer Pharmaceuticals Pvt Ltd
1401,Espirit Lifecare
1402,Kabir Life Sciences
1403,Eskag Pharma Pvt Ltd
1404,Guard Ever Life Sciences
1405,Noel Pharma India Pvt Ltd
1406,Quintus Lifesciences Pvt Ltd
1407,Vaxova Drugs Pvt Ltd
1408,Apple Laboratories Private Limited
1409,Wens Drugs India Pvt Ltd
1410,Consent Pharmaceuticals Pvt Ltd
1411,Aspo Healthcare
1412,LifeSurge BioSciences Pvt Ltd
1413,Torway Pharmacia Pvt Ltd
1414,Lexicon Biotech India Ltd
1415,Biotics Lab Life Services Private Limited
1416,Lepidus Pharma India Pvt Ltd
1417,Metrix Healthcare Pvt Ltd
1418,Bsp Pharmaceuticals
1419,Nutricorp Healthcare India Pvt Ltd
1420,Zelleven Healthcare Pvt Ltd
1421,Alwin Wilcare Pharmaceuticals
1422,Alcare Laboratories Pvt Ltd
1423,Lancer Therapeutics
1424,Aggrowin Pharma
1425,Athlon Mediventure Pvt Ltd
1426,Q Check Speciality Care
1427,Xectus Healthcare
1428,Pristine Pearl Pharma Pvt Ltd
1429,Bioaltus Pharmaceuticals Pvt Ltd
1430,Acinta Pharmaceuticals Pvt Ltd
1431,Durpha Lifesciences
1432,Next Labs Pvt Ltd
1433,Dermacure Pharmaceuticals Pvt Ltd
1434,Dicore Pharmaceuticals Pvt Ltd
1435,J Altius Healthcare
1436,Litaka Pharmaceuticals Ltd
1437,Soft Pharmaceuticals
1438,Aaschem Life Care Pvt Ltd
1439,Inventiva Labs Pvt Ltd
1440,Retort Pharma Pvt Ltd
1441,Darwin Formulations Pvt Ltd
1442,Agron Remedies Pvt Ltd
1443,Fortune Labs
1444,Diues Biotech
1445,Jasbal Pharma
1446,Healthserch Pharma LLP
1447,Habitare Pharma
1448,Windlas Biotech Ltd
1449,Ayati Pharma Pvt Ltd
1450,Steris Healthcare Pvt Ltd
1451,Avallac Pharmaceutical LLP
1452,Arvind Laboratories Pvt Ltd
1453,Alluvium Health Care Pvt Ltd
1454,Kinesis Pharmaceuticals Pvt Ltd
1455,Health Care Formulations Pvt Ltd
1456,Concertina Pharma Pvt Ltd
1457,Dazzle Healthcare
1458,Sanrose Nutrachem
1459,Southshourne Corporation India
1460,Instant Remedies Pvt Ltd
1461,BAMPS Health Care
1462,Mensa Futura Life Sciences Pvt Ltd
1463,Simcare Pharma
1464,Que Pharma Pvt Ltd
1465,Next Generation Deals Pvt Ltd
1466,Magnifur Life Sciences
1467,Remedial Healthcare
1468,Starus Pharmaceuticals
1469,MVD Pharmaceuticals Pvt Ltd
1470,Paarzon Pharmaceuticals
1471,Rx Healthcare Ltd
1472,Akned Healthcare Pvt. Ltd.
1473,Bio-Zenesis Healthcare
1474,Alpha Lab
1475,Mabril Healthcare Pvt Ltd
1476,Medens Pharmaceutical Pvt Ltd
1477,Dalmia Healthcare
1478,Astam Health Care Pvt Ltd
1479,Micro Organics Pharmaceuticals India Pvt Ltd
1480,Brukem Life Care
1481,Orphic Pharma (India) Ltd
1482,Mattox Healthcare Pvt Ltd
1483,Shilpa Medicare Ltd
1484,Agresco Pharma
1485,Enrico Pharmaceuticals
1486,OAK Vance Life Sciences Pvt. Ltd.
1487,Sickcure Pharmaceuticals Private Limited
1488,Doctors Leaf Pharmaceuticals Pvt Ltd
1489,Proctor Organics P Ltd
1490,Indkus Biotech India
1491,Shakam Lifesciences
1492,Medrhans Pharmaceuticals Private Limited
1493,Alathea Biotec Pvt Ltd
1494,Medicamen Biotech Ltd
1495,Ark Life Sciences Pvt Ltd
1496,Saintlife Mediscience Pvt Ltd
1497,Plus India
1498,Xena Coronus Health Care Pvt Ltd
1499,Adcock Ingram Healthcare Pvt Ltd
1500,Elan Pharma India Pvt Ltd
1501,Hawitt Pharmaceuticals Pvt Ltd
1502,Ambromide Pharma Private Limited
1503,Ikon Pharmachem Pvt Ltd
1504,Acuition Pharmaceutical
1505,Bionext Pharma Pvt Ltd
1506,Aton Biotech
1507,All Grace Pharma
1508,Medifaith Biotech
1509,Medicaid Labs LLP
1510,Anuveda Life Sciences Pvt Ltd
1511,Neiss Labs Pvt Ltd
1512,Associated Biopharma
1513,Sytabz Meditech Pvt Ltd
1514,Gama Medi Wave Private Limited
1515,Crossford Healthcare
1516,Radico Remedies
1517,Aelida Healthcare
1518,Mark Remedies Pvt Ltd
1519,Zedlon Pharmaceuticals
1520,Gentronix Lifecare Pvt Ltd
1521,Ssv Pharmaceuticals
1522,Healthkey Lifescience Pvt. Ltd.
1523,Silicon Pharma
1524,Neuro Pharma GmbH
1525,Mcbrex Lifesciences
1526,Altar Pharmaceuticals Pvt Ltd
1527,Fizikem Life Sciences
1528,Vitalae Healthcare
1529,Eleadora Pharma
1530,Zest Pharma
1531,Akmed Biotech
1532,Sarthi Life Sciences
1533,Satyam Lifesciences
1534,Sungrace Pharma Pvt Ltd
1535,Zynor Pharmaceutical Pvt Ltd
1536,Venus Remedies Ltd
1537,Innova Formulations Pvt Ltd
1538,M G Pharmaceutical
1539,Smiles Healthcare
1540,Vinson pharma
1541,Ardor Drugs Pvt Ltd
1542,Camlin Pharma
1543,Invision Medi Sciences Pvt Ltd
1544,Mediboon Pharma Private Limited
1545,Skymap Pharmaceutical Pvt Ltd
1546,Nikvin Healthcare (India) Pvt Ltd
1547,Apcon Remedies
1548,Medi Products Pvt Ltd
1549,Shirr Pharmaceuticals Pvt Ltd
1550,Vostok & Wilcure Remedies
1551,Indolands Pharma Pvt Ltd
1552,Add Labs Biotech
1553,Prosaic Pharmaceuticals Pvt Ltd
1554,Merit Organics Ltd
1555,Swiss Parenterals Ltd
1556,Asterism Pharmaceuticals Pvt Ltd
1557,Clanthis Lifesciences Pvt Ltd
1558,Aqualife Pharmaceuticals
1559,Global Care
1560,Henin Lukinz Pvt Ltd
1561,Tricept Life Sciences Private Limited
1562,Crest Pharma Pvt Ltd
1563,Apostle Remedies
1564,Alvid-Indo Corporation
1565,Mitoch Pharma Pvt Ltd
1566,Threpsi Solutions Private Limited
1567,Metiers Pharmaceuticals Pvt Ltd
1568,Omnica Laboratories
1569,Mech Pharmaceuticals
1570,Biotrendz Medicaments
1571,Advok Pharmacia Private Limited
1572,Green Bract Lifesciences
1573,Almatica Pharmaceuticals Private Limited
1574,Global Medisciences Ltd
1575,Lewis Bioserch Pharma Pvt Ltd
1576,Orion Biotech Pvt Ltd
1577,Daffohils Laboratories Pvt Ltd
1578,Destin Laboratories Pvt Ltd
1579,Safe U Pharmaceuticals
1580,Medon Pharmaceuticals Pvt Ltd
1581,Med Express
1582,PNBio Lab Pvt Ltd
1583,Medisun Pharma
1584,Grifols India Healthcare Private Limited
1585,Svizera Healthcare Pvt Ltd
1586,Radius Healthcare Pvt Ltd
1587,Symbiotic Drugs
1588,Aden Healthcare
1589,Antex Pharma
1590,Arovea Lifesciences Pvt Ltd
1591,Bio-Trust Pharmaceuticals
1592,Vsab Healthcare
1593,Medlius Pharma Pvt. Limited
1594,Karnataka Antibiotics & Pharmaceuticals Ltd
1595,Kapeetus Medicorp
1596,ABS Remedies Pvt Ltd
1597,Snig Pharmaceuticals Pvt Ltd
1598,Biovitamins Pvt Ltd
1599,Helios Pharmaceuticals
1600,Alliance Remedies
1601,Evershine Lifesciences Pvt Ltd
1602,Sansill Formulations
1603,Pharm Biotech
1604,Siskan Pharma
1605,P & B Pharmaceuticals Ltd
1606,Adiza Healthcare
1607,Krishgir Pharmaceuticals Pvt Ltd
1608,Aspen Pharmaceuticals
1609,SH Pharmaceuticals Pvt Ltd
1610,Medex India Pvt Ltd
1611,Medilewis Biotech
1612,Nascent Life Sciences
1613,Pan Pharmaceuticals Ltd
1614,Vintage Labs Pvt Ltd
1615,Omega Pharmaceuticals Pvt Ltd
1616,Gnosis Pharmaceuticals Pvt Ltd
1617,Chicky Pharma Pvt Ltd
1618,Maxnova Healthcare
1619,Welgenic Pharma
1620,Tansy Molequle
1621,Rhophic Health Care
1622,Grapple Life Sciences Pvt Ltd
1623,Medivaxia Pharma
1624,Incepta Pharma
1625,Briscon Remedies
1626,Age Biotech
1627,Servocare Lifesciences Pvt Ltd
1628,Om Biotec
1629,Trireme Life Sciences Pvt Ltd
1630,Azius Pharma Private Limited
1631,Sinsan Pharmaceuticals
1632,Genix Lifescience Pvt Ltd
1633,Cadell Healthcare Pvt Ltd
1634,Pharmacia India Pvt Ltd
1635,M.M.A.F Pharma Private Limited
1636,Omega Remedies Pvt Ltd
1637,Primed Pharma
1638,Matrix Healthcare
1639,Bioderma Solutions
1640,Spectra Therapeutics Pvt Ltd
1641,Erich Lifesciences Pvt Ltd
1642,Legend Pharma Technologies
1643,Yodley Life Sciences Private Limited
1644,Asgard Labs Private Limited
1645,Shure LifeCare Pvt Ltd
1646,B L Pharma Limited
1647,Atsun Life Sciences
1648,Agex Laboratories Pvt Ltd
1649,Medglobe Biotek Private Limited
1650,Leben Laboratories Pvt Ltd
1651,Ariane Biotech
1652,Teblik Drugs Pvt Ltd
1653,Riasmo Lifesciences
1654,Megnesia Neurocare
1655,Zorion Drugs & Herbs Pvt. Ltd.
1656,Aim Four Life Line Private Limited
1657,Jantec Pharma
1658,Medilab India
1659,Startos Healthcare Pvt. Ltd
1660,Avin Pharma
1661,Scoshia Remedy Inc
1662,Eridanus Healthcare
1663,Unibiotech Formulations
1664,Inex Medicaments Pvt Ltd
1665,Adenscot Healthcare
1666,Zegchem
1667,Nova Indus Pharmaceuticals
1668,Advent Life Sciences LLP
1669,Bindlysh Biotec Ltd
1670,Dansan Medichem
1671,Jainson Biotech (India) Pvt Ltd
1672,Lifekyor Pharmaceuticals
1673,UniOrange Life Care Pvt Ltd
1674,Trimak Lifesciences
1675,Leo Star Healthcare Pvt Ltd
1676,Medivista Lifesciences Pvt. Ltd.
1677,Alishan Biotec Private Limited
1678,Canipla Care
1679,Anevay Pharmaceuticals Pvt. Ltd.
1680,Praise Pharma
1681,Nourier Lab
1682,Surewin Healthcare
1683,Allenchem
1684,Acinom Healthcare
1685,Glebit Laboratories
1686,Elfin Pharma Pvt Ltd
1687,Skymax Life Science Pvt Ltd
1688,Ace Pharma
1689,Amwin Pharmaceuticals
1690,Ramose Laboratories Pvt Ltd
1691,Cure Quick Pharmaceuticals
1692,Elixir Pharmacon
1693,Roseate Medicare
1694,Spencure Biotech Pvt. Ltd.
1695,Brewa Healthcare Private Limited
1696,Amro Pharma Pvt Ltd
1697,3A Pharmaceuticals
1698,Welbe Life Sciences
1699,Olzwell Healthcare Pvt. Ltd.
1700,Zicad Life Care
1701,Devyam Medicare Pvt Ltd
1702,Estrellas Life Sciences Pvt. Ltd.
1703,Sykocure Lifesciences
1704,S.S.M Pharmaceuticals
1705,Indinon Pharma
1706,Umano Healthcare Pvt Ltd
1707,Accentus Health Care
1708,Indico Pharmaceuticals
1709,Dermakare Pharmaceuticals Pvt Ltd
1710,Algen Remedies Pvt Ltd
1711,Biocare Remedies
1712,Precise Lifescience
1713,Themis Pharmaceuticals Prop Chemosyn Ltd
1714,Medinova Labs
1715,Krishlar Pharmaceuticals
1716,Semiotic Pharmaceutical Private Limited
1717,Auriga Labs
1718,Onamoy Healthcare LLP
1719,Aries Drugs Pvt Ltd
1720,Nelson Pharma
1721,Walton Healthcare Pvt. Ltd
1722,Accott Healthcare
1723,AGIO Pharmaceuticals Ltd
1724,Sentonssa Wellness Pvt Ltd
1725,Gracure Pharmaceuticals Ltd
1726,Prescription Medicines Pvt Ltd
1727,Zeotec Life Science Pvt Ltd
1728,Anisum Lifesciences
1729,Ekansh Pharma
1730,Quiver Pharma
1731,Shiwalic Formulations Pvt Ltd
1732,Medicil Healthcare
1733,Aktis Pharma India Pvt Ltd
1734,Origin Health Care Pvt Ltd
1735,Medicita Pharma Private Limited
1736,Vytrax Healthcare
1737,Ansel Healthcare
1738,Positif Life sciences
1739,Granmed Pharma
1740,Flagship Biotech International
1741,Dowell Pharmaceutical
1742,Jasco Labs Pvt Ltd
1743,Mapra Laboratories Pvt Ltd
1744,Altrawell Biotech Pvt Ltd
1745,Gufic Bioscience Ltd
1746,Carezone Healthcare
1747,Voopar Sciences Pvt Ltd
1748,Elegant Drugs Pvt Ltd
1749,Eugenics Medicare Pvt Ltd
1750,Aarcin Pharmaceutical LLP
1751,Ani Healthcare Pvt Ltd
1752,JM Healthcare Pvt Ltd
1753,Dhanwantari Pharmaceutical
1754,Cellic Healthcare Pvt Ltd
1755,Aldrin Pharma Pvt Ltd
1756,Vitabiotech Healthcare Private Limited
1757,Helplab Healthcare Pvt Ltd
1758,Anant Pharmaceuticals Pvt Ltd
1759,Rbs Pharmaceutical
1760,MaxQure Labs
1761,Arches Pharmaceuticals
1762,Baroda Pharma Pvt Ltd
1763,Mandar Pharmaceuticals Pvt Ltd
1764,Truelight Life Sciences Pvt Ltd
1765,Dayal Pharmaceuticals
1766,Sristi Pharmaceuticals
1767,Aldan Healthcare Private Limited
1768,Esma Formulations
1769,Taurus Laboratories Pvt Ltd
1770,Feron Healthcare Pvt Ltd
1771,Shrion Pharmaceuticals
1772,Epsilon Biotech
1773,Fox & Wolf Health Care
1774,Vestal Lifesciences Pvt Ltd
1775,G D Pharmaceuticals Pvt Ltd
1776,Aanika Pharma
1777,Gladden Laboratories
1778,Exotic Laboratories Pvt Ltd
1779,Allites life Sciences Pvt Ltd
1780,Healthyways Pharmaceuticals pvt ltd Ltd
1781,Boon & Bastion Formulations
1782,Panm Labs India
1783,Targof Pure Drugs Td
1784,Bayard Pharmaceuticals Pvt Ltd
1785,Sifam Healthcare Pvt Ltd
1786,Apace Life Sciences Pvt Ltd
1787,Himanshu Pharmaceuticals Pvt Ltd
1788,Neoliva Formulations
1789,Biostem pharma Pvt Ltd
1790,Ultramark Healthcare Pvt Ltd
1791,Lacqure Healthcare
1792,Amra Remedies
1793,Pearlshine Lifescience Pvt Ltd
1794,Sterling lab
1795,Growell Vision
1796,Aar Biosys
1797,Pficus De Med Pvt Ltd
1798,Artel Laboratories
1799,Cryzer Formulation
1800,Numed
1801,Uniorange group
1802,Ambience Pharma
1803,Focaz Pharma
1804,Andee Lifesciences
1805,Hope Life Sciences
1806,Skvamps Pharma Pvt Ltd
1807,Catholicon Pharmaceuticals Pvt Ltd
1808,Mint Life Sciences Pvt Ltd
1809,Trans Pharmaceuticals
1810,R.B. Remedies Pvt Ltd
1811,Reantis Pharmaceuticals Pvt. Ltd.
1812,Dexon Biotech Private Limited
1813,Mactif Pharma
1814,Amicures Research Pvt Ltd
1815,Magbro Healthcare Pvt Ltd
1816,Jemster Healthcare Private Limited
1817,Venistro Biotech
1818,Novalab Healthcare Pvt Ltd
1819,Yug Pharmaceuticals
1820,Cybele Bio sciences Pvt Ltd
1821,Elikem Pharmaceuticals Pvt Ltd
1822,Iva Healthcare Pvt. Ltd.
1823,Gipla Healthcare
1824,Optica Pharmaceuticals Pvt Ltd
1825,Bio Sars Pharma Pvt Ltd
1826,Sienna Formulations Pvt Ltd
1827,Nex Pharma Pvt Ltd
1828,Sunrise Remedies Pvt Ltd
1829,Tweet India Pharmaceuticals Pvt Ltd
1830,Piramal Enterprises Ltd
1831,Sanoti Laboratories
1832,Medbeat Healthcare
1833,Trillest Healthcare
1834,Strassenburg Pharmaceuticals.Ltd
1835,Geneda Pharma
1836,Stenzer Healthcare
1837,Cfl Pharmaceuticals Ltd
1838,Rapidchem Healthcare
1839,World Heal Pharmaceuticals Pvt. Ltd.
1840,Pacira Healthcare PVT LTD
1841,Insta Care Lifescience
1842,Nucleo Remedies
1843,Kepsee Lab
1844,Vanshita Lifecare
1845,Ar-Ex Laboratories Pvt Ltd
1846,Haledew Remedies
1847,Apkavit Lifesciences
1848,PRM Life Sciences Pvt Ltd
1849,Bioss Healthcare
1850,Atlantic Pharma Ltd
1851,Merril Pharma Pvt Ltd
1852,Shalaks Healthcare
1853,Norwest Pharmaceuticals Inc
1854,Hiral Labs Ltd
1855,Vision Medilink
1856,Novique Life Sciences
1857,Rax Health Care Pvt Ltd
1858,Aton Remedies Llp
1859,Zedon Pharmaceuticals Pvt Ltd
1860,Oscar Remedies Pvt Ltd
1861,Ambitious Pharmaceutical Pvt Ltd
1862,Unimax Laboratories pvt ltd Ltd
1863,Kindcare Pharmaceutical
1864,Auztus Laboratories Pvt Ltd
1865,Dorris Pharmaceutical Pvt Ltd
1866,Sentosa Geigy (India) Labs Limited
1867,Devak Formulations
1868,Medflux Pharmaceuticals Pvt Ltd
1869,Future Pharma Pvt Ltd
1870,Ambitions drugs
1871,Linus Life Sciences Pvt Ltd
1872,Selexia Biotech Private Limited
1873,Cassel Research Laboratories Pvt Ltd
1874,Sanjivini Biotech Pvt Ltd
1875,Sangrose Laboratories Pvt Ltd
1876,Shalina Laboratories Pvt Ltd
1877,Aurobindo Pharma Ltd
1878,Redson Laboratories Pvt Ltd
1879,Taksa LIfe Sciences
1880,Timetech Formulations Ltd
1881,Mediworld Pharma Pvt Ltd
1882,Intermed Pharma Pvt Ltd
1883,Suvik Hitek Pvt Ltd
1884,Citric Labs
1885,Acela Healthcare Pvt Ltd
1886,Glenvox Biotech
1887,Dolphar Life Care Pvt Ltd
1888,Antares Pharmaceuticals Pvt. Ltd.
1889,Magnum Laboratories Pvt Ltd
1890,Azaris Pharma
1891,Axonwave Pharmaceuticals Private Limited
1892,Deys Medical
1893,Nectar Remedies Ltd
1894,Precia Pharma
1895,Ultra Chiron Pharmaceuticals Pvt Ltd
1896,Bionexa Organic
1897,Ace Remedies
1898,Archicare Limited
1899,Meltic Healthcare Pvt Ltd
1900,Pifer Pharmaceuticals Pvt Ltd
1901,Sarabhai Chemicals Ltd
1902,Citaderm Pharma Pvt. Ltd.
1903,Boffin Biotech Pvt Ltd
1904,Sotac Pharmaceuticals Pvt Ltd
1905,Moreish Pharmaceuticals Pvt Ltd
1906,Edifice Laboratories
1907,Fine Kind Drugs & Pharmaceuticals
1908,Novitas Remedies Pvt Ltd
1909,Extant Pharmaceutical
1910,Medcure Pharma
1911,Brainwave Healthcare Pvt Ltd
1912,Biostan Indian Pharmaceuticals
1913,Aarux Pharmaceuticals Pvt Ltd
1914,Jaiwik Biotech
1915,Skylla Pharmaceuticals
1916,Mindwave Healthcare Pvt Ltd
1917,Phoenix Pharmaceuticals
1918,Earum Pharma
1919,Toronto Pharmaceuticals Private Limited
1920,Medsea Healthcare Pvt Ltd
1921,Tridev Pharmaceutical
1922,Alive Pharmaceutical Pvt Ltd
1923,Bionics Remedies
1924,A. B Pharmaceuticals Pvt Ltd
1925,Remedy Life Sciences India Pvt Ltd
1926,Cyper Drugs & Pharmaceuticals Pvt Ltd
1927,Adesan Pharma
1928,SBS Biotech Limited
1929,Antiseptic Pharmaceuticals
1930,Zargan Healthcare
1931,Merck Ltd
1932,Casca Remedies Pvt Ltd
1933,Pharmadent Remedies Pvt. Ltd.
1934,Aegisco Remedies Pvt Ltd
1935,Zenberg Pharmaceutical Pvt Ltd
1936,BB Remedies Pvt Ltd
1937,Molekule India Pvt Ltd
1938,Atlas Laboratories Pvt Ltd
1939,Reltic Labs
1940,Olens Healthcare Pvt Ltd
1941,Blair Remedies Pvt Ltd
1942,S.Bee Life Sciences
1943,Kryptomed Formulations Pvt Ltd
1944,Siomond Pharmaceuticals Pvt Ltd
1945,Little Greave Pharmaceutical Pvt Ltd
1946,Apikos Pharma
1947,Rellicure Pharma
1948,Disan Pharma
1949,Wellona Pharmaceutical Private Limited
1950,Ambrezzia Pharmaceuticals
1951,Vintech Formulations
1952,Hamps India Pvt Ltd
1953,Rishab Healthcare pvt ltd. Ltd.
1954,Vidakem Lifesciences Pvt Ltd
1955,Aarotax Pharmaceutical Pvt Ltd
1956,Nucron Pharmaceuticals Pvt Ltd
1957,Medion Biotech Pvt Ltd
1958,Biomed Pharmaceuticals
1959,TOSC International Pvt Ltd
1960,Datla Laboratories
1961,Dorphyll Healthcare
1962,Unifaith Biotech (P) Limited
1963,Prosem Healthcare Private Limited
1964,Emdrix Pharmaceuticals Pvt Ltd
1965,Nutrifirm therapeutics
1966,Nexcellence Lifesciences
1967,Sunflower Phamaceuticals
1968,Elio Biocare Lifesciences Pvt Ltd
1969,Pentamark Organics
1970,Medic Biologicals And Pharmaceuticals Pvt Ltd
1971,Symet Drugs Ltd
1972,Future Dermacare Pvt Ltd
1973,Cartel Laboratories
1974,Javeline Pharmaceuticals
1975,Convoy Remedies
1976,Stensa Life Sciences
1977,Avillions Laboratories Pvt Ltd
1978,Ellederma Pharma Pvt Ltd
1979,Nectar Life Sciences Ltd (NLL)
1980,Adney Healthcare Private Limited
1981,Madlyn Biotech
1982,Procure Medica
1983,VASU Healthcare Pvt Ltd
1984,Elisa Biotech Pvt Ltd
1985,Roma Pharma Pvt Ltd
1986,Smotec Pharmaceuticals
1987,Biovensia Pharmaceutical
1988,Bioheal Lifesciences Private Limited
1989,Fredun Pharmaceuticals Limited
1990,Therapia Sanjeevani
1991,Avin Pharmaceuticals
1992,Biostrass Health Sciences Pvt Ltd
1993,Igniva Marketing Pvt Ltd
1994,Race Pharmaceuticals pvt ltd ltd
1995,Indica Laboratories Pvt Ltd
1996,Advance Revive
1997,Geneva Biocare
1998,Emdok Pharmaceuticals
1999,Aditya Pharmaceuticals
2000,Sanes Pharmaceuticals
2001,Oddiant Formulations
2002,Nexocare Biotech Pvt Ltd
2003,Elixir Pharma
2004,Ranbass Pharmaceuticals
2005,Alred Health Care Ltd
2006,Veliko Pharmacls
2007,Sherwell Biotech
2008,Nocnil Pharma
2009,Fedley Healthcare Private Limited
2010,Eastern Drug
2011,Zodley Pharmaceuticals Pvt Ltd
2012,Tulsi Medi Sciences
2013,Athens Wellness
2014,Vanshyam Pharma
2015,Agrim Pharmaceuticals
2016,Surge Biotech Pvt Ltd
2017,Medok Life Sciences Pvt Ltd
2018,Chem + Med Pharmaceuticals
2019,Satven And Mer
2020,Aegis Prescriptions Pvt Ltd
2021,Emar HealthCare
2022,Jpee Healthcare
2023,Iasis Care
2024,Haustus Biotech Pvt Ltd
2025,Veewin Healthcare Pvt Ltd
2026,Worth Medicines Pvt Ltd
2027,Avayama Pharmacare Pvt Ltd
2028,Strio Healthcare
2029,Fervent Life Sciences Pvt Ltd
2030,Elis Pharmaceuticals India Pvt Ltd
2031,Mittal Remedies
2032,Research Medicure Pvt Ltd
2033,Arico Life Sciences
2034,Zephon Life Sciences
2035,Ethyrial Pharmaceuticals
2036,Jchem Pharmaceuticals
2037,Lee Chem Biotech Pvt Ltd
2038,MLT Laboratories Pvt Ltd
2039,Meyer Organics Pvt Ltd
2040,Carminol Laboratories Pvt Ltd
2041,Blossoms Biologicals
2042,Aavhanzr Pharmaceutical Pvt Ltd
2043,Caudex Lifecare
2044,Amagen India Life Sciences
2045,ABN Drugs
2046,Zuvius Life Sciences
2047,Mediwell Laboratories
2048,Vinsha Pharmaceuticals
2049,Geolife Sciences
2050,Indian Pharmaceuticals
2051,Vasolife Healthcare
2052,Cortina Laboratories Pvt Ltd
2053,Indosurge Biotech
2054,Zens Healthcare Pvt Ltd
2055,Senate Laboratories
2056,Anista Healthcare
2057,Matias Healthcare Pvt Ltd
2058,Surmuont
2059,Pharmafer Pvt Ltd
2060,Apellon Biotech
2061,Astrophel Pharmaceuticals
2062,Bio-Swiss Pharma
2063,Olamic Healthcare
2064,Drams Healthcare
2065,Analeptic Manufacturing India
2066,Scorsis Laboratories
2067,Zaneka Healthcare Pvt Ltd
2068,Martyn Nikk Pharma Private Limited
2069,Viking Pharma Opc Pvt Ltd
2070,Curever Pharma Pvt Ltd
2071,Bonum Medelae Pvt Ltd
2072,Samson Laboratories Pvt Ltd
2073,Ablus Pharma
2074,Costa Rich Pharmaceuticals
2075,Adelina Lifesciences
2076,Dermaland Pvt Ltd
2077,Riyadh Pharmaceutical
2078,Span Pharmaceuticals Pvt Ltd
2079,Ethilexhealth Care Guj Ltd
2080,Polard Healthcare
2081,MLS Healthcare Pvt Ltd
2082,Culmen Healthcare
2083,Zavik Drugs
2084,Volaris Life Sciences Pvt Ltd
2085,Mas Life Science
2086,Ruby Enterprise
2087,Cadila Healthcare Limited
2088,Cimera Skin Care
2089,Auspi Medicaments
2090,Indus Pharma Pvt Ltd
2091,Giriraj Healthcare
2092,Brawn Laboratories Ltd
2093,Abetar Healthcare
2094,H & I Critical Care
2095,Curolife Biochem Private Limited
2096,Zim Laboratories Limited
2097,Vavisto Biotech
2098,Vivid Labs Pvt Ltd
2099,GR Healthcare Laboratories
2100,Union Drug
2101,Nicson Pharma
2102,Sayona Medicare Pvt Ltd
2103,Synergy Pharmaceuticals
2104,Medilane Labs
2105,Ambrosia Pharmaceuticals
2106,Ultratech Pharmaceuticals
2107,Triton Healthcare Pvt Ltd
2108,Aaura Care Pharmaceutical Pvt Ltd
2109,Altcare Pharmaceuticals Private Limited
2110,Ciaga Pvt Ltd
2111,Aeran Lab India Pvt Ltd
2112,Comex Pharma
2113,Amvia Biotech
2114,Biocorp Life Sciences Pvt Ltd
2115,Aeryn Lifesciences Pvt Ltd
2116,Nordic Formulations Pvt Ltd
2117,Alcea Biotech Pvt Ltd
2118,Kamron Laboratories Ltd
2119,Ampra Pharmaceuticals
2120,Trio Remedies Pvt Ltd
2121,Human Pharmacia Pvt Ltd
2122,Jayson Pharmaceuticals Ltd
2123,Revive Pharma
2124,SAG Pharma Pvt Ltd
2125,Eright Healthcare
2126,Halcyon Drugs
2127,Medirose drug & pharma
2128,Prayas Pharmaceuticals
2129,Apotex Lifesciences
2130,Floreat Medica Pvt Ltd
2131,Abony Healthcare Limited
2132,Insutik pharmaceuticals Private Limited
2133,Sepik Life Sciences
2134,Eldwin Pharmaceuticals
2135,Quince Lifesciences Pvt Ltd
2136,Astra Eureka Pharmaceuticals
2137,Uvkan Healthcare Pvt Ltd
2138,Biobrick Pharma
2139,Cure Kelvin
2140,Impact Healthcare Pvt Ltd
2141,AMPS Biotech Pvt Ltd
2142,Mandlive Healthcare Pvt Ltd
2143,Jasmine Healthcare India Pvt Ltd
2144,Mega Pharmaceuticals
2145,Plus Pharma
2146,Avirav Sciences Pvt Ltd
2147,Euphoric Pharmaceuticals Pvt Ltd
2148,Multilax Pharmaceuticals Pvt Ltd
2149,Spire Pharma
2150,Gracia Life Science India Pvt Ltd
2151,Amyra Healthcare Pvt Ltd
2152,Asrawell Lifecare
2153,Amogh Pharmaceuticals Pvt Ltd
2154,Orion Lifesciences
2155,Sarp Pharmaceuticals
2156,Trove Pharmaceuticals
2157,Pure and Cure Healthcare Private Limited
2158,Maya Drugs & Antibiotics
2159,Medford Pharmaceuticals
2160,Estragen Pharma
2161,Ambrosia Pharma
2162,Bio Phoenix Formulations
2163,Martel Hammer Pharmaceuticals Pvt Ltd
2164,Impileo Lifescience
2165,Elmex Drugs & Healthcare Pvt Ltd
2166,Unisun Organics Private Limited
2167,Alicanto Drugs Pvt Ltd
2168,Mendcure Life Sciences Pvt Ltd
2169,Adisan Healthcare Pvt ltd
2170,San Boston Life Sciences
2171,Zentis Drugs Pvt Ltd
2172,Alleviate Pharmaceuticals Pvt. Ltd.
2173,Autus Lifesciences Pvt Ltd
2174,Erika Remedies
2175,Amon Biotech
2176,Avecia Healthcare
2177,Narvs Pharma
2178,Wander Ltd
2179,Canopy Healthcare Pvt Ltd
2180,Zogenix Healthcare
2181,Cadex Laboratories
2182,Paragon Pharmaceuticals
2183,Ethix Healthcare
2184,Fischer Bio Science Pvt Ltd
2185,Osiante Biotech
2186,Ahen Pharmaceuticals
2187,Sedulus Remedies
2188,De-Cross Labs (India) Private Limited
2189,Arkle Healthcare Pvt Ltd
2190,Novazing Pharma Pvt Ltd
2191,Spranza Vita Pharmaceutical LLP
2192,Annodyne Drugs
2193,Aps Biotech Pvt Ltd
2194,UTH Healthcare
2195,Quest Pharmaceuticals
2196,Amista Labs Pvt Ltd
2197,Assign Drug Industries Pvt Ltd
2198,Puremed Biotech
2199,Raynox Healthcare Pvt. Ltd
2200,MBWorld Exim Pvt. Ltd.
2201,Kiosence Health Care Pvt Ltd
2202,Agnes Life Sciences
2203,Zenvita Healthcare Pvt Ltd
2204,Synovion Laboratories Pvt Ltd
2205,Mediwin Laboratories
2206,Gruentzig Pharmaceuticals
2207,G.M.H. Laboratories
2208,Brussels Laboratories Pvt Ltd
2209,Parul Health Care Private Limited
2210,Alardius Healthcare
2211,CVR Biotech Private Limited
2212,Accretion Pharmaceuticals
2213,Sudha Lifesciences Pvt Ltd
2214,Freedom Healthcare Pvt Ltd
2215,Prekem Pharmaceuticals Pvt Ltd
2216,Nac International
2217,Sanko Biotech
2218,Kaytross Health Care
2219,Aiwo Limited
2220,Maaah Pharmaceuticals Pvt. Ltd.
2221,Abbott Healthcare Private Limited
2222,Admit Pharmaceuticals Pvt Ltd
2223,R B Pharmaceuticals
2224,Bioplasma Immunological Research Pvt Ltd
2225,Rusi Remedies P Ltd
2226,Genfo Bioceuticals Pvt Ltd
2227,V.S. Healthcare Ltd
2228,Orsim Pharma
2229,Shalman Pharma Pvt Ltd
2230,Sapson Pharma
2231,Humbing Ethicals
2232,Zenstar Life Sciences
2233,Ryze Lifecare
2234,Philanto Healthcare
2235,Celsius Healthcare Pvt Ltd
2236,Novostart Life Science
2237,HealthXR
2238,Wells Biosciences
2239,Axodin Pharmaceuticals Pvt. Ltd.
2240,Winsome Laboratories Pvt Ltd
2241,Hema Laboratories
2242,Unicor Pharmaceuticals LLP
2243,Watran Pharmaceuticals Pvt. Ltd.
2244,Jishika Pharmaceuticals Private Limited
2245,RP Healthcare Pvt. Ltd.
2246,Redicine Laboratories Pvt Ltd
2247,Minova Life Sciences Pvt Ltd
2248,Ornate Labs Pvt Ltd
2249,Bioman Pharmaceuticals
2250,Osvel Pharma
2251,Cestlavie pharma
2252,Treatwell Biotech
2253,Sanix Formulation Pvt Ltd
2254,Forrit Lifecare
2255,Amble Biotech Pvt Ltd
2256,Dales Pharmaceuticals Ltd
2257,Dote Health Care
2258,Aspen Pharma
2259,Monichem Healthcare Pvt Ltd
2260,Skyways Healthcare Pvt Ltd
2261,Mits Healthcare Pvt Ltd
2262,Enivid lifesciences
2263,Aubade Healthcare Pvt Ltd
2264,Sumages Pharma Pvt Ltd
2265,Euronova Pharmaceuticals
2266,Vantage Biotech Pvt Ltd
2267,Maxmed Lifesciences Pvt Ltd
2268,Glacia Life Care
2269,Converge Biotech
2270,Almet Corporation Ltd
2271,Scortis Lab Pvt Ltd
2272,Sonika Life Sciences Ltd
2273,Insight Labz
2274,Idem Healthcare Pvt Ltd
2275,Himalaya Meditek Pvt Ltd
2276,Manas Pharmaceuticals Pvt Ltd
2277,Sicare Pharma Pvt Ltd
2278,Alrosa Pharmaceuticals Pvt Ltd
2279,Glounce Pharmaceuticals
2280,Aelius Lifesciences Llp
2281,Kedarnath Healthcare pvt ltd Ltd
2282,Gloss Pharmaceuticals Pvt Ltd
2283,Swaraj Formulations Pvt Ltd
2284,Health Biotech Limited
2285,Kentreck Laboratories Pvt Ltd
2286,Karaa Healthcare
2287,Essential Pharmaceuticals
2288,Aurum Gold Life Science
2289,Aleixo Pharma
2290,Serbia Molecules Pvt Ltd
2291,Infugen Pharma Pvt Ltd
2292,Aigis Biotec
2293,Revive Healthcare
2294,JK Biochem Healthcare Pvt Ltd
2295,Biogensis Biotechnic
2296,Riomedica Healthcare Pvt Ltd
2297,Home Remedies Private Limited
2298,Wizad Biotech Pvt Ltd
2299,Ticoma Pharmacia
2300,Curex Laboratories Pvt Ltd
2301,JLS Pharma Pvt Ltd
2302,Ryon Pharma
2303,Provectus Life Sciences
2304,Helax Healthcare Pvt. Ltd.
2305,Tyykem Private Limited
2306,Mascot Biotech
2307,Sanmai Pharma
2308,Decisive Pharma
2309,Suave Pharmaceuticals
2310,Frank Medilink
2311,Huadiz Pharmaceuticals
2312,Dr Kumars Pharmaceuticals
2313,Arpsy Life Science Private Limited
2314,Mediday Healthcare Pvt Ltd
2315,Gurgrace Pharmaceuticals
2316,Elder Projects Ltd
2317,Zetaca Lifescience Pvt Ltd
2318,Stature Life Sciences
2319,Lumaire Labs Pvt Ltd
2320,Varun Life Sciences Pvt Ltd
2321,Maitri Healthcare Pvt Ltd
2322,Scotwin Healthcare
2323,Alencare Pharma
2324,Advance Concept Pharmaceuticals Pvt. Ltd.
2325,Dr Asclepius
2326,Calibar Pharmaceuticals
2327,S R Pharmaceuticals
2328,Verve Formulations Pvt Ltd
2329,Stenroz Biotech
2330,Vervetic Healthcare Pvt Ltd
2331,Vensat Bio
2332,Nature & Time Formulations
2333,Zenotis Healthcare
2334,Astakind Biotech Private Limited
2335,Greentek Heathcare
2336,Alsun Pharma
2337,Heal All Pharmaceuticals (P) Ltd.
2338,Dewallace Pharmaceuticals
2339,Waksman Selman Pharmaceuticals Pvt Ltd
2340,Tuttsan Pharma Pvt Ltd
2341,Alcia Pharma
2342,Apids Pharmaceuticals
2343,Trion Pharma India Llp
2344,Healsure Lifesciences Pvt. Ltd.
2345,Avolife Pharmaceutical Private Limited
2346,Aplonis Healthcare
2347,Saffron Medicare Pvt Ltd
2348,Mercury Laboratories Ltd
2349,Amugen Healthcare Pvt Ltd
2350,Psycogen Captab
2351,Konark Biochem
2352,Intellect Lifescience
2353,Concur Pharmaceuticals Pvt.Ltd
2354,Tms India Pvt Ltd
2355,NovoLilly Pharmaceutical Pvt Ltd
2356,Geneaid Pharmaceuticals
2357,Holy Evolution Pharma
2358,Lurex Healthcare Pvt Ltd
2359,Prochem Turnkey Projects Pvt Ltd
2360,Aishika Pharma
2361,Alex Pen Remedies
2362,Nourish Healthcare
2363,Apollo Hospitals Enterprises Ltd
2364,Alexa Organics Private Limited
2365,Thurs Pharmaceuticals
2366,P R G Pharma Pvt Ltd
2367,Albris Healthcare And Biotech Pvt Ltd
2368,Amsure Healthcare
2369,Ahlcon Parenterals India Limited
2370,Konark Lifesciences Pvt Ltd
2371,Mediphar Lifesciences Pvt Ltd
2372,Malvern Pharma
2373,Numedix Life Sciences
2374,Ess Emm Pharma Pvt Ltd
2375,Ankom Laboratories
2376,Astronia Life Sciences
2377,Vistica Life Sciences
2378,Medlock Healthcare Pvt Ltd
2379,Smayan Healthcare Pvt Ltd
2380,Alleviate Therapeutics
2381,Halberd Pharmaceuticals
2382,Nuwill Biotech Pvt Ltd
2383,Stadchem Of India
2384,Robin Pharmaceuticals Ltd
2385,Progressive Life Care
2386,Allies Pharma
2387,Far West Pharma
2388,Medisys Biotech Pvt Ltd
2389,Zed Pharmaceuticals
2390,Ryte Pharmacia
2391,Arnee Life Science
2392,Vellinton Healthcare
2393,Avighna Medicare Pvt. Ltd.
2394,Medopharm
2395,Winsun Laboratories
2396,Curis Lifecare
2397,Sunniva Life Science
2398,Grafeio Healthcare Pvt Ltd
2399,Greenray Pharmaceuticals
2400,Globate Pharma
2401,Balsons Pharmaceutical
2402,Aryan Biological Corporation
2403,Apple Biotech
2404,Segos Biocare
2405,Doctor Wonder Private Limited
2406,Neuralco Labs
2407,Easteria Pharma
2408,All Indian Origin Chemists & Distributors Ltd
2409,Tecnex Pharma
2410,Adison Laboratories
2411,Live Pharma
2412,Signature Phytochemical Industries
2413,Medizia Biotech
2414,Swiss Biotech
2415,Denmarc Remedies
2416,Shelon Pharmalabs Private Limited
2417,Bioplasmid Healthcare
2418,Stride Healthcare
2419,Styla Pharmaceutical Private Limited
2420,Rejli Healthcare Pvt Ltd
2421,Allito Biocare
2422,Sunrise Pharamceuticals
2423,Arene Lifesciences Limited
2424,Western Remedies
2425,Ardez Pharma
2426,Bactolac Formulations Pvt Ltd
2427,Adcco Limited
2428,Health Biomed Pharma
2429,Medgen Drugs And Laboratories Private Limited
2430,Optimal Pharmaceuticals Private Limited
2431,Kanraxy Pharma
2432,Intecare
2433,Medethics Pharmaceuticals Pvt Ltd
2434,Mentis Pharma Ltd
2435,Aesmira Lifesciences Pvt Ltd
2436,Chem Pharma Pvt Ltd
2437,Kniss Laboratories Pvt Ltd
2438,Maknaam Chemicals
2439,Rudiment Life Science Pharmaceutical Pvt Ltd
2440,Panvik Pharmaceuticals
2441,Man Serve Pharma
2442,Aeon Pharma Pvt Ltd
2443,Saanvika Pharma
2444,Alezon Remedies
2445,Biotabs Life Sciences Pvt Ltd
2446,Asiatic Pharmaceuticals
2447,Rosnet Pharma
2448,Delroy Pharma
2449,Netprime Pharma Pvt Ltd
2450,Recure Pharma
2451,Unigrow Pharmaceuticals
2452,Bionova Lifesciences
2453,Medix Biocare
2454,Penardo Biotech
2455,Seluria Pharmaceuticals
2456,Pearl Lifecare Pvt. Ltd.
2457,Innokon Laboratories Pvt Ltd
2458,Cinerea Biotech Pvt Ltd
2459,Megacorp Healthcare Pvt Ltd
2460,Zeal Biotech Pvt td
2461,Crassula Pharmaceuticals Pvt Ltd
2462,Snyder Healthcare
2463,Sidhbali Formulations
2464,Pegasus Farmaco India Pvt Ltd
2465,Punjab Formulations Ltd
2466,Aaron Pharmaceuticals Pvt Ltd
2467,Santiago Lifesciences Pvt Ltd
2468,Modron Healthcare
2469,Evans Pharma
2470,Luxica Pharma Inc.
2471,Sanatio Pharmaceuticals Private Limited
2472,DS Laboratories
2473,Cera Biologicals India Pvt Ltd
2474,Unimark Remedies Ltd
2475,Sunny Drug Pharma
2476,Optho Life Sciences Pvt Ltd
2477,Pearl Medilife Pvt Ltd
2478,Seldom Pharma Pvt Ltd
2479,Technica Lab Pvt Ltd
2480,Slash Lifevision
2481,Intigus Pharmaceutical Private Limited
2482,Remington Life Sciences LLP
2483,Ridgecure Pharma
2484,Medifinity Healthcare Private Limited
2485,TNT Lifesciences
2486,Realmed Pharma
2487,Ginsburg Drugs Formulation Pvt Ltd
2488,SPM Drugs Pvt Ltd
2489,Criticare Laboratories Pvt Ltd
2490,Indamed Pharmaceuticals Pvt Ltd
2491,Medicon Health Care Pvt Ltd
2492,Liza Life Sciences
2493,Biomedica International
2494,Wisdom Pharma Pvt. Ltd
2495,Glowderma Labs Pvt Ltd
2496,Intag Remedies
2497,Kruger Pharmaceuticals Pvt Ltd
2498,Penta Biotech Pvt Ltd
2499,Aknil Biotech
2500,Cuzco Pharma Pvt Ltd
2501,Activa Lifesciences
2502,Medimind Drugs and Chemicals
2503,Avunu Life Sciences
2504,Arist Health Care
2505,Syswin Pharmaceuticals Pvt Ltd
2506,DSV Healthcare
2507,Gurnex Biotech
2508,Neosys Medicare
2509,Rezicure Pharmaceuticals
2510,Fytokem Formulations
2511,Arehk Healthcare
2512,Stalwart Remedies Pvt Ltd
2513,Perk Pharmaceuticals Ltd
2514,Aaztrazivixa Lifesciences
2515,Saviour Speciality Drugs Pvt Ltd
2516,Reflaction Healthcare
2517,Sunfi Pharmaceutical Private Limited
2518,Pramukh Swami Pharma Ltd
2519,Dawson Healthcare Pvt Ltd
2520,Sbeed Pharmaceuticals
2521,Ags Pharmaceuticals Pvt Ltd
2522,Sivling Technologies Pvt Ltd
2523,Doctomed
2524,Mak Well Healthcare Opc Private Limited
2525,Simpex Pharma Pvt Ltd
2526,Uniark Healthcare Pvt Ltd
2527,Luziac Life Sciences
2528,Bsure Pharmaceuticals Pvt Ltd
2529,Ashlife Healthcare
2530,Sanat Products Ltd
2531,Arakind Pharma
2532,Moon Healthcare Pvt Ltd
2533,Adchem Biotech
2534,Colard Healthcare
2535,Misha Biotech Pvt Ltd
2536,Biolife Healthcare
2537,Zoom Healthcare
2538,Pharm Products Pvt Ltd
2539,Dermarex HealthCare India Pvt. Ltd.
2540,Flora Biotech
2541,Mickle Pharma
2542,Simenpark Healthcare Inc
2543,Sanbury Pharmaceuticals Pvt Ltd
2544,LCB Pharma
2545,Edrant Pharmaceuticals
2546,Stenhill Labs
2547,Albero Pharma Private Limited
2548,Cmg Biotech Pvt Ltd
2549,Zatropha Pharma
2550,Alarius Healthcare
2551,Mediganza Healthcare
2552,Axiom Therapeutics Pvt Ltd
2553,Macro Labs Pvt Ltd
2554,Remit Healthcare
2555,Biofield Pharma
2556,Osho Pharma Pvt Ltd
2557,Adwin Pharma
2558,Dolphin Laboratories Ltd
2559,Ropoz Lifesciences Private Limited
2560,Dr. D Pharma
2561,Mission Cure Pharma Pvt Ltd
2562,S V Biovac Pharmaceuticals Pvt Ltd
2563,Alchemist Life Science Ltd
2564,Sarvit Life Sciences
2565,Novocin Pharmaceuticals
2566,Mathis Pharma
2567,Gaiety Life
2568,Human Vigor Private Limited
2569,Nasa Pharmaceutical
2570,Medispan Ltd
2571,M. Frank Pharmaceuticals
2572,Garwyn Remedies
2573,Cappeline Pharmaceuticals Pvt Ltd
2574,CAM Neuro Pharma Pvt. Ltd.
2575,Tanpal Nutraceuticals
2576,Cognitio Care
2577,Benedic Pharmaceutical Pvt Ltd
2578,Healthtree Pharma (India) Private Limited
2579,Mclaine Pharmaceutical
2580,Ocuris Pharmaceuticals Pvt Ltd
2581,Divine Healthcare
2582,Custodian Pharma Pvt Ltd
2583,Miracalus Pharma Pvt Ltd
2584,Skylane Pharmaceuticals
2585,Labcorp India Pvt Ltd
2586,NPS Pharmaceuticals
2587,Canon Biotech
2588,Rowlinges Life Science
2589,Wood Rock Healthcare Pvt Ltd
2590,Medrix Labs Private Limited
2591,Aksigen Hospital Care
2592,Ripharma Laboratories Ltd
2593,Alletia Remedies Pvt Ltd
2594,Fides Pharma
2595,Life Vision Medicare Pvt Ltd
2596,MAC Medilife Pvt Ltd
2597,Medilife Health Sciences Pvt Ltd
2598,Blue Chem Lifesciences
2599,Oswin Pharmaceuticals
2600,Annona Life Science
2601,Tanzer Lifecare Pvt Ltd
2602,Katg Therapeutics Pvt Ltd
2603,Gracious Pharmaceuticals
2604,Achillea Life Sciences Pvt Ltd
2605,Stanford Organics Pvt Ltd
2606,Aksh Pharmaceuticals India Ltd
2607,Swizing Biosciences
2608,Darmaan Pharma
2609,Dr Lee & Morris Pharma Pvt Ltd
2610,Medivolks Pharma
2611,Mova Pharmaceutical Pvt Ltd
2612,Benmed Pharmaceuticals
2613,Big Laboratories Pvt Ltd
2614,Vanran Healthcare Pvt Ltd
2615,Albatross Skimed Pvt Ltd
2616,Omni Orthotechnics Pvt Ltd
2617,Aileron Life Sciences Pvt Ltd
2618,Raffles Pharmaceuticals
2619,Werke Healthcare
2620,Abbey Health Care Pvt Ltd
2621,Unisharp Pharmaceuticals
2622,Cytoz Pharmaceuticals
2623,Syska Healthcare
2624,Apricot Labs Pvt. Ltd.
2625,Artichem Laboratories
2626,Biovion Pharma Pvt Ltd
2627,Starlance Pharmaceuticals
2628,Wannock Pharmaceuticals
2629,Protech Telelinks
2630,Eumed Healthcare
2631,Nexgen Rx Life Science Pvt Ltd
2632,Shawn & Co
2633,Gemith Pharma Pvt Ltd
2634,Insead Lifesciences Pvt Ltd
2635,R.T. Pharma
2636,Bustal Pharmaceutical
2637,Pritus Healthcare
2638,Earl Pharmaceuticals Private Limited
2639,Ozenius Pharmaceuticals
2640,Adjener Pharmaceuticals Pvt Ltd
2641,Zenfo Med Remedies Private Limited
2642,Kript Pharmaceuticals Private Limited
2643,Atyad Life Sciences Pvt Ltd
2644,Synthokind Pharmaceuticals Private Limited
2645,Sunshine Pharmaceuticals
2646,Relax Pharma
2647,Pynart Biotech Pharmaceuticals Private Limited
2648,Skiptuit Healthcare
2649,Aqcor Drug
2650,Sai Life Sciences
2651,Lichem Pharmaceuticals
2652,Macmay Pharmaceuticals Pvt Ltd
2653,Connote Healthcare
2654,Euro Organics
2655,M.M Labs
2656,Royal Research Lab Pvt Ltd
2657,Alexin Bio-Sciences Pvt Ltd
2658,Maxford Labs Pvt. Ltd.
2659,Montek Biopharma
2660,Argos Healthcare (P) Ltd
2661,Suzikem Drugs Pvt Ltd
2662,Vilead Healthcare
2663,B M Medico Pvt Ltd
2664,Sweadish Lifesciences
2665,Sirius Healthcare
2666,Devi Formulation Pvt Ltd
2667,SAC Pharmaceuticals
2668,Solveig Lifesciences
2669,3D Healthcare
2670,Arechar Healthcare
2671,Alpha and Omega Therapeutics Pvt. Ltd.
2672,Coddle Medichem
2673,Curavax Pharmaceuticals Private Limited
2674,Rampton Healthcare
2675,CFPL Healthcare
2676,Pidek Pharmaceuticals
2677,RKM Health Care
2678,ULTIMEDIX
2679,Ampho Healthcare
2680,ASV Laboratories India Pvt Ltd
2681,Bonus Salus Pharmaceuticals
2682,Made-inn Healthcare Pvt Ltd
2683,M2H Pharmaceuticals
2684,Uniword Pharma
2685,Medivision Pharm
2686,Technopharm Pvt Ltd
2687,Tested & Trusted Pharma Pvt Ltd
2688,Arbour Pharmaceuticals Pvt Ltd
2689,Twilight Mercantiles Ltd
2690,Grace Drugs & Pharmaceuticals
2691,Jonas Pharmaceuticals Pvt Ltd
2692,QRIT Life Sciences
2693,Power Labs
2694,Alentra Healthcare
2695,HHT Pharma Private Limited
2696,Zenkins Pharmaceutical Pvt.Ltd.
2697,Alaster Healthcare
2698,Solwin Lifesciences
2699,Biopolis Life Sciences Pvt Ltd
2700,Ildong Pharmaceutical Pvt Ltd
2701,Saffron Therapeutics Pvt Ltd
2702,Shreshtha Formulations
2703,Sure For Cure Formulations India Pvt Ltd
2704,Odin Healthcare Pvt Ltd
2705,Auris Biosciences Pvt Ltd
2706,Lifecom Pharmaceuticals Pvt Ltd
2707,Pranshul Lifescience Pvt Ltd
2708,Ind Blues Pharma
2709,Anitek Lifecare
2710,Caddix Healthcare
2711,Cardiatic Care
2712,Bioxtreme Pharma
2713,A To Z Pharmaceuticals Pvt Ltd
2714,Aroma Healthcare
2715,BMS India Pvt Ltd
2716,Passim Medica
2717,Ecocare
2718,Gmed Labs
2719,HBC Lifesciences Pvt Ltd
2720,SPA Biological Labs
2721,Greemer Biotics Pvt Ltd
2722,Veecube Healthcare Pvt Ltd
2723,Everwell Pharma Pvt Ltd
2724,Chiron Pharmaceuticals Pvt Ltd
2725,Lyssa Healthcare Private Limited
2726,Athiko Life Sciences
2727,Mouway Pharma
2728,Abyss Pharma Pvt Ltd
2729,Mediword Healthcare
2730,Sugee's Pharma
2731,Apple Biomedics Ltd
2732,Ausler Snovy Pharma
2733,Ambrosia Drugs Pvt Ltd
2734,Morecare Pharmatec Pvt Ltd
2735,Candela Healthcare
2736,Hummed Healthcare
2737,Astley Life Sciences Pvt Ltd
2738,Astaris lifesciences Pvt Ltd
2739,Profess Health Products P Ltd
2740,Cagrus Biopharma
2741,Swati Spentose Pvt Ltd
2742,Empyreal Lifecare
2743,Aprazer Healthcare Pvt Ltd
2744,Hybrand Pharmaceuticals
2745,Godetia Healthcare
2746,Jabs Biotech Pvt Ltd
2747,Newgen Biotech Pvt. Ltd.
2748,Aristek Pharma Private Limited
2749,Cresha Lifesciences
2750,Avico Healthcare
2751,Medflex Healthcare Pvt Ltd
2752,Panax Matrix Research Laboratory
2753,Asiltus Biopharma
2754,Nitro Cadineur
2755,EG Lifecare Services Pvt Ltd
2756,Adbio Organics Pvt Ltd
2757,GMD Pharmaceuticals
2758,Almed Drugs Pvt Ltd
2759,Sycardian Drugs & Pharmaceuticals
2760,Adore Healthcare
2761,Davis Morgan Labs
2762,Adon Pharmaceuticals Pvt Ltd
2763,Qrich Life Sciences
2764,Emson Medichem Pvt Ltd
2765,Gettin Lifesciences Pvt. Ltd.
2766,Aquadry Pharma Pvt Ltd
2767,Acventa Research Labs Pvt Ltd
2768,Blue Planet Laboratories Pvt. Ltd
2769,Welltrack Pharma
2770,Malens Pharmaceuticals Private Limited
2771,Zenix Remedies
2772,Astorion Pharmaceuticals Pvt Ltd
2773,NovaMed Pharmaceuticals Pvt Ltd
2774,Diya Health Care Pvt Ltd
2775,Biotics Lab
2776,Stambh Healthcare Pvt Ltd
2777,Essential Life Sciences Pvt Ltd
2778,Iatric Pharmaceuticals
2779,Aplomb Pharma Pvt. Ltd.
2780,Norwin Lifesciences
2781,Larizona Pharmaceutical Private Limited
2782,Vhl Pharmaceuticals Private Limited
2783,Rajat Care LLP
2784,KPSA2 Lifesciences Private Limited
2785,Wellness Remedies Pvt Ltd
2786,Ascent Pharma
2787,Alymed Healthcare Pvt Ltd
2788,MidasCare Pharmaceuticals Pvt Ltd
2789,Sedate Healthcare Pvt Ltd
2790,Ankran Biotech Pvt Ltd
2791,Orsis Pharmaceuticals
2792,Medi Surge Impex
2793,Aceso Pharma
2794,Aitne Lifesciences
2795,SBM Pharmaceuticals
2796,Ronish Bioceuticals
2797,Axnture Healthcare
2798,Ashwa Healthcare
2799,Ahagoal Healthcare Pvt Ltd
2800,Obtain Healthcare
2801,Adegen Pharma Private Limited
2802,Cellgen Biopharma
2803,Nakularch Meditech Pvt. Ltd.
2804,Om Hare Ram Healthcare Pvt Ltd
2805,Constant Remedies Private Limited
2806,Mars Therapeutics & Chemicals Ltd
2807,Avni Healthcare
2808,Aquila Labs
2809,Fulfil Healthcare Pvt Ltd
2810,Sohm India Pvt Ltd
2811,Sovia Altis
2812,Prohealth Vitamins Pvt Ltd
2813,Laures Pharmaceuticals Pvt Ltd
2814,Vilco Laboratories Pvt Ltd
2815,Nodysis Pharma Pvt Ltd
2816,Globus Remedies Ltd
2817,Amor Pharmaceutical Pvt Ltd
2818,A V Molecules Pvt Ltd
2819,Orange Biotech Pvt Ltd
2820,Zeeford Life Sciences
2821,Bioassure Healthcare Private Limited
2822,Divine Remedies Pvt Ltd
2823,Alpha Pharmaceuticals
2824,Nexokinde Healthcare Pvt Ltd
2825,Ambition Pharma Pvt Ltd
2826,Grampus Labs
2827,Sujo Pharma
2828,Medterm Healthcare Pvt Ltd
2829,Homogreen Pharmaceutical
2830,DD Pharmaceuticals Pvt. Ltd.
2831,Econ Healthcare Pvt Ltd
2832,Prim Research Laboratories India Ltd
2833,Apotheca Pharmaceuticals Private Limited
2834,Adrena Healthcare Pvt Ltd
2835,Ecstasy Healthcare Private Limited
2836,Lyf Healthcare
2837,Cansas Life Care
2838,Absolute Medicare Solutions Pvt Ltd
2839,Nubiotic Lifescience Pvt Ltd
2840,Wohltat Lifesciences
2841,Medzer Pharma
2842,Ruan Life Sciences Pvt Ltd
2843,Alienist Pharmaceutical Private Limited
2844,Brunson Healthcare Pvt Ltd
2845,Millennial Pharmaceuticals Private Limited
2846,Softech Pharma
2847,Yacca Pharmaceuticals Pvt Ltd
2848,Libramed Pharmaceuticals Private Ltd
2849,Saphnix Life Sciences
2850,Amelio Pharmaceuticals
2851,Hamswell Lifecare
2852,Filant (India) Healthcare
2853,Pacific India
2854,Adelson Pharma Pvt Ltd
2855,Auzalus Lifesciences
2856,Elantic Biotech
2857,Panventric Pharma
2858,Aster Zenith Bioscience LLP
2859,Mahawat Healthcare Pvt Ltd
2860,Placker Life Sciences
2861,Busan Pharmaceuticals
2862,Theon Pharmaceuticals Ltd.
2863,Vision Pharma
2864,Zesstek Healthcare
2865,PJ Pharmaceuticals
2866,Frisco Hill Pharmacia
2867,Seepi Pharma Pvt Ltd
2868,Zenox Pharmaceuticals Pvt Ltd
2869,Search Orbis Pharmaceuticals
2870,Anze Biotech
2871,Auroma Lifescience Pvt Ltd
2872,Rayh Health Care
2873,Zorex Pharma Pvt Ltd.
2874,Saivay Medilinks
2875,Aletheia Medicare Pvt Ltd
2876,Torainse Life Care Pvt Ltd
2877,Velnex Life Sciences Pvt Ltd
2878,Zion Pharmaceuticals Pvt Ltd
2879,Logimed Pharma Pvt Ltd
2880,Nippon Seiyaku Pvt Ltd
2881,Integra Life Sciences Pvt Ltd
2882,Neol Pharma
2883,Zoom Laboratories Pvt Ltd
2884,Ziyana Lifesciences Pvt Ltd
2885,GLS Pharma Ltd.
2886,Evantis Lifesciences Private Limited
2887,Medsyn Lab Biotech
2888,Avion Healthcare Pvt Ltd
2889,SUNRISE PHARMACEUTICAL
2890,Gates India Pvt Ltd
2891,Angel Biotech
2892,M M S Enterprises
2893,Aaltramed Healthcare Ltd
2894,Spark Medicare Pvt Ltd
2895,Cuber Lifesciences
2896,Robin Herbal Health Care Products
2897,Tophill Pharma Ltd
2898,Capitis Healthcare Pvt Ltd
2899,Redvia Pharmaceutical
2900,Medcover Pharmaceuticals (OPC) Private Limited
2901,Wellmark Lifesciences Private Limited
2902,Avitec Pharma
2903,Edelweiss Lifecare Pvt Ltd
2904,Peerage Pharma Pvt Ltd
2905,Mednich Pharmaceuticals
2906,Noir Pharmaceuticals Ltd
2907,Achilles Healthcare Pvt Ltd
2908,Pidolma Healthcare Pvt Ltd
2909,Aquver Pharma Private Limited
2910,Aviotic Healthcare Pvt. Ltd.
2911,Medmom Pharmaceuticals LLP
2912,Depl Labotatories
2913,Tan Therapeuticss
2914,Cooper Pharma Limited
2915,Vista Health Care
2916,Globus Labs
2917,Vsaar Pharma Pvt Ltd
2918,French Formulations
2919,Torino Labs (P) Ltd
2920,Cogniwell Pharmaceuticals Private Limited
2921,Medshine Pharmaceutical
2922,Pharmindia
2923,Allure Remedies Pvt Ltd
2924,Synapsee Remedies Pvt Ltd
2925,Kanish Biotech
2926,NV Pharmaceuticals
2927,Gaurja Bioremedies
2928,Mcmewa Pharma
2929,Evitalife Pharma Private Limited
2930,Genecia Healthcare
2931,Shimano Health Care Pvt Ltd
2932,Mediez Pharma
2933,Pharos Pharmaceuticals
2934,Vernoxy Pharma Pvt Ltd
2935,Allencia Biosciences
2936,Uko Pharmatech Pvt Ltd
2937,Zencus Pharma
2938,Uj Life Care (opc) Private Limited
2939,Torion Labs
2940,Unilight Pharma
2941,Trubeca Lifesciences
2942,Kinedex Healthcare Pvt Ltd
2943,PDC Healthcare
2944,Medifame Biotech
2945,VHC Pharmaceuticals
2946,BIO Ethicals Pharma Limited
2947,Him Pharmaceuticals Private Limited
2948,Enferma Remedies Pvt Ltd
2949,Loco Healthcare Pvt Ltd
2950,Nuvicare Pharmaceuticals Pvt. Ltd.
2951,Bi-Cure Remedies
2952,Unix Biotech
2953,Cosmic Life Sciences
2954,Aspire Pharma
2955,Klintoz Pharmaceuticals Pvt Ltd
2956,Agrawal Drugs Pvt. Ltd.
2957,Terma Medicare India Pvt Ltd
2958,Retra Life Science Pvt Ltd
2959,Biodiscovery Lifesciences Pvt Ltd
2960,Egzeon Pharmaceuticals Pvt Ltd
2961,Abrente Lifesciences Pvt Ltd
2962,Shilpex Pharmysis
2963,Cardicure Pharmaceutical Private Limited
2964,Anveto Pharmaceuticals
2965,Enzem Pharmaceuticals Private Limited
2966,Kayess Healthcare
2967,Abyon Pharmaceuticals
2968,Rhythm Biotech Private Limited
2969,Adonis Healthcare
2970,Blayarson Remedies
2971,Aaeka Pharmaceuticals
2972,Abnart pharma
2973,Lakshya Life Sciences
2974,Sonixa Lifecare
2975,Ahaan Healthcare Pvt Ltd
2976,Ravic Healthcare
2977,Dakgaur Healthcare
2978,Pranshu Healthcare
2979,Day Meddy Pharma
2980,Disecure Pharma
2981,Pharmaron
2982,Atrica Pharmaceuticals India Private Limited
2983,Medifit Pharmaceuticals
2984,Trexgen Pharmaceuticals Pvt Ltd
2985,Paripurna Healthcare
2986,Larsan Healthcare
2987,Glyco Remedies
2988,Alpic Remedies Ltd
2989,Healing India Life Sciences
2990,Mindway Skincare
2991,Biomexon Pharmaceutical Pvt Ltd
2992,Lyka Hetero Healthcare Ltd
2993,Shashvat Healthcare
2994,Triumph Remedies Pvt Ltd
2995,Unilex Lifesciences Pvt Ltd
2996,MRG Biotech Pvt Ltd
2997,Frontline Remedies
2998,Swisskem Healthcare
2999,Ednita Healthcare
3000,Crescent Formulations Pvt Ltd
3001,Adreama Biotech Pvt Ltd
3002,Kee Pharma
3003,Yenisowl Pharmaceuticals
3004,Gaenr Biotec
3005,Ronam Healthcare Pvt Ltd
3006,Anthiea Labs Pvt Ltd
3007,Peenak Pharma
3008,Revenza Pharmaceuticals Pvt Ltd
3009,Apella Healthcare
3010,Core Gestra Private Limited
3011,Heal Dose
3012,Bluepipes Healthcare Private Limited
3013,Quantum Formulations
3014,APT Cure Laboratories
3015,Astopic Lifescience
3016,Newgen Healthcare Pvt Ltd
3017,Nusmith Pharma Pvt. Ltd
3018,Deltis Pharma Private Limited
3019,Mosfet Healthcare Pvt Ltd
3020,Stermed India
3021,Wisdom Exim Private Limited
3022,Zovaitalia Healthcare Pvt Ltd
3023,savoy Biotech
3024,Moni Pharma
3025,Gadin Pharmaceuticals Pvt Ltd
3026,Antigen Healthcare P. Ltd
3027,Shinemax Pharma India Pvt Ltd
3028,F C Remedies
3029,Sidvin Pharma
3030,Rosswelt Biosciences
3031,Exsiva Pharma Pvt Ltd
3032,Sycap Pharma
3033,Winch Biotec Pvt Ltd
3034,Aabtac Lifecare Pvt Ltd
3035,Pharmakon Lifesciences
3036,MK Healthcare
3037,Nayasa Life Science Private Limited
3038,S&S Health Care
3039,See Ever Healthcare Pvt Ltd
3040,Unichem Laboratories Ltd
3041,Rokkwinn Healthcare
3042,Senepharm India Pvt Ltd
3043,Alpha Health Care
3044,Mount Mettur Pharmaceuticals Ltd
3045,Aminus Remedies
3046,Salvus Pharma
3047,Orsova Healthcare
3048,Orison Pharma International
3049,Getron Pharmaceuticals
3050,Arsn Pharmaceuticals Private Limited
3051,Dycott Healthcare
3052,RSM Kilitch Pharma Pvt Ltd
3053,Joslin Pharma India Pvt Ltd
3054,Alixia Pharma
3055,Medleaf Pharmaceuticals
3056,Rexit Pharmaceutical
3057,Pacitora Biotech
3058,Sanctus Global Lifesciences Pvt. Ltd.
3059,Novacross Pharmaceuticals
3060,Pragmatics Labs Pvt Ltd
3061,Osper Formulations Pvt Ltd
3062,CV Pharma Ltd
3063,Flanca Life Sciences
3064,Medizova Pharmaceuticals
3065,Advik Laboratories Ltd
3066,Claris Lifesciences Ltd
3067,Healkraft Pharma India Pvt Ltd
3068,Being Care Pharmaceuticals
3069,Vatican Life Sciences Pvt Ltd
3070,Aurio Pharma Laboratories Pvt Ltd
3071,Verrmont Healthcare Pvt Ltd
3072,Alonza Healthcare Pvt Ltd
3073,Aylen Pharmaceutical Pvt. Ltd.
3074,Otik Biotec
3075,Osmed Formulations
3076,Ronak Laboratories
3077,Manum Healthcare Pvt Ltd
3078,Pharmentis Biotax
3079,Amy Lifesciences
3080,Unique Life Sciences (P) Ltd
3081,Cronus Biotech Ltd
3082,Indo Pacific Life Sciences
3083,United Lifecare Pvt Ltd
3084,CE-Biotec Pvt Ltd
3085,Basil Pharma
3086,Samco Pharma Works Pvt Ltd
3087,A D Pharmaceuticals
3088,Adwel Green Root Organic Pvt. Ltd
3089,Septalyst Lifesciences Pvt.Ltd.
3090,Louis and Clark Pharmaceutical
3091,Bendic Healthcare Pvt Ltd
3092,Lee Pharma Ltd
3093,Oshin Pharmaceuticals Pvt Ltd
3094,Grecian Pvt Ltd
3095,Nylo Med Pharmaceuticals
3096,DJ Biotech Pvt Ltd
3097,Amwell Pharmaceuticals Pvt Ltd
3098,Plenus Pharmaceuticals Pvt Ltd
3099,Sitnez Biocare Pvt Ltd
3100,Pancare Pharmaceuticals Pvt Ltd
3101,Organic Labs Pvt Ltd
3102,Zenicure Labs
3103,Suncare Formulations Pvt Ltd
3104,Cue Labs
3105,Daaso Pharmaceuticals Pvt Ltd
3106,Spa Newtraceuticals Pvt Ltd
3107,Kaizen Drugs Pvt Ltd
3108,Waves Bio-Tech Pvt Ltd
3109,Corvin Pharmaceuticals
3110,Gladcare Formulations Pvt Ltd
3111,Mars Aventis Lifecare
3112,SM Healthcare
3113,Swastik Pharmaceuticals
3114,G Nine Pharmaceuticals
3115,Euporie Pharmaceuticals
3116,Aeron Healthcare
3117,Quintos Pharmaceuticals Pvt Ltd
3118,Bioford Remedies Pvt Ltd
3119,Maxinovel-Biotech
3120,Crompton Pharma Pvt Ltd
3121,Celebrity Biopharma Ltd
3122,Ridham Medicare
3123,Nexus India
3124,Shince Pharmaceuticals Pvt Ltd
3125,SSM Pharmaceuticals Pvt Ltd
3126,Cosset Pharmaceuticals Pvt Ltd
3127,Tulip Lab Pvt Ltd
3128,Raman Weil Pvt Ltd
3129,Vivifi Life Sciences
3130,Sehat Pharma Pvt Ltd
3131,Gaarnis Pharma Pvt Ltd
3132,Blismed Pharmaceuticals Pvt. Ltd
3133,Lexaro Healthcare
3134,J.K. Drugs & Pharmaceutical Pvt Ltd
3135,Kapy Pharmaceuticals
3136,Baropharn Formulations
3137,Bioxis Healthcare India
3138,Sancheti Biolabs
3139,UHC Life Sciences
3140,Bio Swizz Pharmaceuticals
3141,Naprod Life Sciences
3142,Candor Biotech Ltd
3143,Oriel Healthcare Pvt Ltd
3144,Aelix Healthcare
3145,Kaparthi Life Sciences
3146,Shree Raj Pharmaceuticals
3147,Jeen Healthcare
3148,Magnus Biotech Pvt Ltd
3149,SB Lifesciences
3150,Tri Medix Pharma
3151,Scoria Pharmaceuticals Pvt Ltd
3152,Ojana Pharmaceutical Pvt Ltd
3153,Erinome Healthcare Pvt Ltd
3154,Phelix Pharma
3155,Yeoman Drugs
3156,Niktech Healthcare
3157,Zhenia Pharmaceuticals
3158,Medicant Lifesciences Pvt Ltd
3159,AKS Life Global Pvt Ltd
3160,Smithcare Remedies
3161,Pla Remedies
3162,Jocund India Ltd
3163,Rhydburg Pharmaceuticals Ltd
3164,Malachite Gold Laboratories Pvt Ltd
3165,Uninor Biotech
3166,Agrawal Pharmaceuticals
3167,Nuliek Healthcare
3168,Milard Life Sciences
3169,Genial Lifecare
3170,Eysys Pharmaceutical
3171,Unireach Healthcare Pvt Ltd
3172,Amray Healthcare
3173,Remedies Pharmaceuticals (India) Ltd
3174,Marclay Laboratories Private Limited
3175,Medna Biotech Private Limited
3176,Niya Biotech
3177,Exeltis India
3178,Grandeur India Health Care
3179,Pink Health
3180,Hilton Hyman Healthcare
3181,Sygnus Biotech
3182,Medil Healthcare
3183,Rozer Pharmaceuticals Pvt Ltd
3184,Ariskem Pharmaceuticals Private Limited
3185,Shivansh Pharma
3186,Indo-Safe Pharmaceuticals
3187,Junifer Pharmaceuticals
3188,BPL
3189,Medicot Lifesciences
3190,Axon
3191,Diacardus Pharmacy Pvt Ltd
3192,Iveon Laboratories Limited
3193,Scotmed Care Pvt Ltd
3194,Proceed Formulations
3195,Rudolf Life Sciences Pvt Ltd
3196,Starsure Remedies
3197,Zedchem Pharma
3198,Neuro Metrix Pharmaceuticals
3199,Pelzar Healthcare
3200,Tesni Pharmaceuticals
3201,Clarix Healthcare
3202,Insinius Pharmaceuticals
3203,Kedia Pharma
3204,Noble Bio Life Sciences Pvt Ltd
3205,Ruth Biotech Pvt Ltd
3206,Aspire Lifesciences
3207,Fantabulous Pharma
3208,Ekasar Lifescience
3209,Gelmek Healthcare
3210,Greenlab Healthcare Pvt Ltd
3211,Dr. Edwin Lab
3212,Arco Pharmaceuticals
3213,Novoscient Pharmaceuticals
3214,Brisk Pharmaceuticals Private Limited
3215,Syntonic Lifesciences
3216,Ambit Health Care Pvt Ltd
3217,Varajs Biotecnica Private Ltd
3218,Myriad Hues Healthcare
3219,Glomphy Pharma
3220,Wholeness Healthcare
3221,Ozrak LifeSciences
3222,Aseric Pharma
3223,Meglife Pharmaceuticals
3224,Kavach 9 Pharma & Research Pvt Ltd
3225,Eigen Pharmaceuticals Pvt Ltd
3226,Vencare Formulations Pvt Ltd
3227,Tengee Lifescience
3228,Zencure Organics
3229,Onika Organics
3230,Lazarus Healthcare
3231,Medicare Remedies Pvt Ltd
3232,Lifeline Antidotes Pvt. Ltd.
3233,Suave Healthcare Pvt Ltd
3234,Curelife Pharmaceuticals
3235,Dhamus Pharma
3236,Medinix Pharmaceutical Pvt Ltd
3237,Synex Global Services Llp
3238,Reco Drugs
3239,Staunch Biotech
3240,Oyster Pharma Pvt Ltd
3241,Varmed Pharma Pvt Ltd
3242,Elgoog Health Series
3243,Widmen Healthcare Pvt Ltd
3244,Universal Corporation ltd
3245,Dupen Laboratories Pvt Ltd
3246,Biowin Healthcare
3247,Royal Sapphire Remedies
3248,Sevam Healthcare
3249,Glitter Lifescience Private Limited
3250,Beepharma Healthcare (Opc) Pvt Ltd
3251,Melody Healthcare Private Limited
3252,Alvoncare Pharma
3253,Kamakshi Drugs & Pharmaceuticals
3254,Sozin Flora Pharma Ltd
3255,Vinayak Care Solution Pvt Ltd
3256,Ravian Pharmaceuticals Ltd
3257,Elysium Pharmaceuticals Ltd
3258,DCI Pharmaceuticals Pvt Ltd
3259,Nivia Lifescience
3260,Xanocia Lifesciences
3261,Stanmark Pharmaceuticals
3262,Curasia Medilabs
3263,Biorika Healthcare
3264,Zoxvina Biotech Private Limited
3265,Andwin Pharma Pvt Ltd
3266,Mbp Pharmaceuticals Pvt Ltd
3267,Smith & Kenner Pharmaceuticals Pvt Ltd
3268,Hexal Pharmaceuticals
3269,Hemera Life Sciences Private Limited
3270,Mesla Pharmaceuticals
3271,Ajuras Pharmaceutical Pvt Ltd
3272,Inducare Pharma Pvt Ltd
3273,Clipwin Pharmaceuticals
3274,L G Pharmaceuticals
3275,Hazecure Pharma Pvt Ltd
3276,Rosch Elmer Pharmaceuticals Private Limited
3277,Alba Healthcare Pvt Ltd
3278,Gravion Life Sciences
3279,Saar Biotech
3280,Nanocea Biotec
3281,Unitech Health Care Pvt. Ltd.
3282,Nitfit Remedies Pvt Ltd
3283,Miracle Life Sciences
3284,Invictus Lifesciences
3285,Sava Medica Limited
3286,Coniak Lifesciences
3287,Cyno Pharmaceuticals Ltd
3288,Medphar Health Care
3289,Ayns Pharma
3290,Sigma Drugs India Private Limited
3291,Vishwak Pharmaceuticals
3292,Aaspada Enterprises Pvt Ltd
3293,Shail Formulation Pvt Ltd
3294,Auk Lifecare Pvt Ltd
3295,Godrams Lifeline
3296,Servo Healthcare
3297,Aprique Pharmaceuticals
3298,Goodman Gilman's Life Sciences Private Limited
3299,Pharmayu Remedies
3300,Neovae Biomedics Pvt Ltd
3301,Green Lab Healthcare
3302,Innovital Healthcare Pvt Ltd
3303,Skymax Laboratories Pvt Ltd
3304,Welkin Boon Pharmaceuticals Co
3305,Lapo Pharma
3306,Virtue Remedies
3307,Cytochrome Life Sciences Pvt Ltd
3308,Tesact Biocare
3309,MRG Pharmaceuticals
3310,Saludar Healthcare Pvt Ltd
3311,Plenum Biotech
3312,Nitro Cure Sciences
3313,Gatlen Biotech
3314,Ulterius Pharmaceuticals Private Limited
3315,Skywell Healthcare Pvt Ltd
3316,Saitech Medicare Pvt Ltd
3317,Austex Pharma
3318,Eveson Pharma
3319,Kansas Labs
3320,Remedy Healthcare
3321,Biotrans Pharmaceuticals Pvt Ltd
3322,Indu Drugs Pvt Ltd
3323,Hygeia Pharmaceuticals
3324,Duken Pharmaceuticals
3325,Vindas Chemical Industry Pvt Ltd
3326,Vardhman Biotech Pvt Ltd
3327,Cospex Pharmaceuticals Pvt Ltd
3328,Bioclix Remedies
3329,Lxora Life Sciences
3330,Allfam Pharmaceuticals Pvt Ltd
3331,Triple A Pharma
3332,G-well Healthcare Private Limited
3333,Cohrem Pharmaceutical Pvt Ltd
3334,Mcneil & Argus Pharmaceuticals Ltd
3335,Abbivin Pharmaceuticals Private Limited
3336,Protech Biosystems
3337,Thiest Biotec
3338,JVD Pharma Pvt Ltd
3339,Pharmacon Gignos
3340,DOT Pharma
3341,Simon Healthcare
3342,Adi Healthcare Solutions LLP
3343,Mountus Life Science
3344,Starmed Health Care Private Limited
3345,Kelvin Remedies
3346,Tidal Laboratories Pvt Ltd
3347,Addsum Lifesciences
3348,Astrantia Remedies Pvt Ltd
3349,Flybird Incorporation
3350,Ash Healthcare
3351,Asbestos Drugs & Chemicals Pvt Ltd
3352,Arisha Pharmaceuticals OPC Pvt Ltd
3353,Glories Pharmaceuticals Pvt Ltd
3354,C. F. L Pharma Ltd
3355,Nelon Pharmceuticals
3356,Rhythm Medicare
3357,Ken Biotec
3358,ICI Pharmaceuticals
3359,Axa Life Sciences
3360,Spark Bless Pharma
3361,Zyris Derma Care (P) Ltd
3362,Saviour Medisciences
3363,Rumik Lifescience Pvt Ltd
3364,Hygieia Biogenics Pvt Ltd
3365,Intsia Pharma Private Limited
3366,Bio Health Pharma Pvt. Ltd.
3367,Laxter Pharmaceutical Pvt Ltd
3368,Starzac Formulations
3369,Phoenix Life Science Pvt Ltd
3370,Moraceae Pharmaceuticals Pvt Ltd
3371,Isis Pharmaceuticals
3372,Alacris Healthcare Pvt Ltd
3373,Egis Healthcare
3374,Rayrise Healthcare
3375,DNA Labs
3376,Minot Pharma Pvt Ltd
3377,WellWorth Life Sciences Pvt Ltd
3378,Cadbless Life Care
3379,Capsutab Drugs Pvt Ltd
3380,Pacific Pharmaceuticals Pvt Ltd
3381,Alvonics Lifesciences Pvt Ltd
3382,Zedip Formulations
3383,Azphar Remedies
3384,Maxcure Pharmaceuticals
3385,Welcare Pharma Pvt Ltd
3386,L T & L Pharma Pvt Ltd
3387,Exicare Lifesciences Private Limited
3388,Saibliss Healthcare Pvt Ltd
3389,Biocube Pharma
3390,Dwarkesh Pharmaceuticals Pvt Ltd
3391,Wings Pharmaceuticals Pvt Ltd
3392,Aartha Pharmaceuticals Pvt Ltd
3393,Mebio Labs Pvt Ltd
3394,Maiden Pharmaceutical Ltd
3395,Agaaz Ophthalmics
3396,Medihands Pharmaceuticals
3397,Medevac Lifesciences Pvt Ltd
3398,Burnet Pharmaceuticals P Ltd
3399,Acinonyx Pharmaceutical Private Limited
3400,Relward Pharma
3401,Alkrut Pharmaceuticals LLP
3402,Aarmac Labs
3403,Citizen Laboratories Pvt Ltd
3404,NV Lifecare Pvt Ltd
3405,Dutch Remedies
3406,Hemmispheres Pharma Private Limited
3407,Alexa Life Sciences
3408,Genix Pharma Ltd
3409,Yester Pharma Pvt Ltd
3410,Ancient Life Sciences
3411,Hands Pharmaceuticals
3412,Valcret Lifesciences Pvt Ltd
3413,Preside Pharmaceutical Pvt Ltd
3414,Avin Healthcare Pvt Ltd
3415,Prompt Cure Pharm Pvt Ltd
3416,Metta Life Sciences Private Limited
3417,Symed Lifecare Pvt Ltd
3418,World Wide Pharma
3419,Times Drugs & Pharmaceuticals Pvt Ltd
3420,Stanley Pharmaceuticals
3421,Kinson Pharma
3422,Avenue Life Sciences Pvt Ltd
3423,Highsky Medicare Pvt Ltd
3424,Brook Parker
3425,Priyanka Pharma
3426,Kardic Kare
3427,Ester Formulations
3428,Ascent Corporations
3429,Eos Pharmaceuticals India Ltd
3430,Arcure Life Care
3431,Davemax Pharma
3432,Fern Biotech
3433,Medhexa Pharma
3434,Aegle Healthcare
3435,Salubres Formulations Pvt Ltd
3436,Genmedic
3437,Zelnic Biotech Pvt Ltd
3438,Anies Healthcare
3439,Shantam Pharmaceuticals Pvt Ltd
3440,Octofeb Pharma Private Limited
3441,Glenon Healthcare
3442,Denglow Pharmaceuticals Private Limited
3443,Scocia Labs
3444,Sakshit Healthcare
3445,Lavender Pharma
3446,AVL Green Pharmaceuticals Pvt Ltd
3447,Blaze Pharma
3448,Sahajanand Life Sciences Pvt Ltd
3449,Rytus Therapeutics Ltd
3450,Jpee Drugs
3451,Hextar Pharmaceuticals Pvt Ltd
3452,Hindustan Pharmaceuticals
3453,Niyamba Pharmaceutical Pvt Ltd
3454,Medcliff Pharmaceuticals Pvt Ltd
3455,SRK Lifesciences & Research India Pvt Ltd
3456,Baxil Pharma Pvt Ltd
3457,Von Remedies
3458,Amrit Remedies Pvt Ltd
3459,Mini Pharmaceuticals
3460,Reprasha Pharma
3461,Bell Pharma Pvt Ltd
3462,Starzol Pharma
3463,Fuhrer Pharmaceuticals Private Limited
3464,Calen Biotech
3465,Eucrasia Pharma India
3466,Medocean Pharmaceuticals
3467,Palco Healthcare
3468,Vetnosac Research India Pvt Ltd
3469,Aktimas Bio Pharmaceuticals Pvt Ltd
3470,Riasma Lifesciences Pvt Ltd
3471,Effect Biotech Inc
3472,Unigroups Pharma
3473,Aurochem Laboratories India Pvt Ltd
3474,South India Research Institute Pvt Ltd
3475,Brooks Laboratories Limited
3476,Dryen Pharmaceuticals Private Limited
3477,Medconic Healthcare
3478,Plasmid Healthcare Pvt Ltd
3479,Daniel Pasteur
3480,Systacare Remedies
3481,Vats Biotech Pvt Ltd
3482,Daxon Healthcare Private Limited
3483,Optiva Pharma Pvt Ltd
3484,Danlion Pharmaceuticals Pvt Ltd
3485,Thorab Pharma & Research Laboratory
3486,Tripada Healthcare Pvt Ltd
3487,Bio Drugs Laboratories Pvt Ltd
3488,Valiant Healthcare Limited
3489,Lactonova Nutripharm Pvt Ltd
3490,Glory Heathcare Pvt Ltd
3491,Zerdia Healthcare Pvt. Ltd.
3492,Unix Health Care
3493,Smear India Healthcare Pvt Ltd
3494,Aytas Pharmaceutical Pvt Ltd
3495,Biotony Healthcare Pvt. Ltd.
3496,Medicasa Pharmaceutical
3497,Rachit Medi Sciences
3498,Biotavia Labs Pvt Ltd
3499,Medicron Life Sciences Pvt Ltd
3500,Flyzil Biotech Pvt Ltd
3501,Maksal Pharmaceuticals (P) Ltd
3502,Kriti Lifesciences
3503,Aiwon Life Sciences
3504,Neolina Pharmaceuticals
3505,Events Pharma
3506,V Mac Pharma Private Limited
3507,Zaq Healthcare
3508,Knox Life Sciences Pvt Ltd
3509,Oswald Pharmaceuticals
3510,Smile Healthcare
3511,Rauwolfia Pharma Pvt Ltd
3512,Kryptochem Medicament Pvt. Ltd.
3513,Medburg Medical Products Pvt Ltd
3514,Bioas Medico Pvt Ltd
3515,Clancare Lifesciences
3516,Pex-care Biotech
3517,Maxx and Nad Care Private Limited
3518,Life Care Private Limited
3519,Scythian Healthcare
3520,UVA Pharmaceuticals
3521,Mondove Biotech Pvt Ltd
3522,Ionaire Biotech
3523,Qgensun Healthcare
3524,Indu Pharma Private Limited
3525,Life Pharma
3526,Seven Hills Life Sciences
3527,Kurit Pharma Pvt Ltd
3528,Hacks & Slacks Healthcare
3529,Trulip Pharma
3530,Ator Healthcare Pvt Ltd
3531,Stanpro Pharmaceutical Limited
3532,Ubit Pharmaceuticals Pvt Ltd
3533,Oasis Remedies
3534,Glue Biotech
3535,Kotiya Pharma
3536,Aldoc Pharmaceuticals
3537,Atavism Health Specialities Pvt Ltd
3538,Credence Healthcare
3539,Sneh Pharma Pvt Ltd
3540,Shree Ganesh Rubber & Chemicals Co
3541,Praesidio Pharmaceuticals Private Limited
3542,Jasish Healthcare Llp
3543,Daxin Pharmaceutical Pvt Ltd
3544,Hi-Tec Laboratories Pvt Ltd
3545,Beats Pharmaceuticals
3546,Zircon Pharmaceuticals Pvt Ltd
3547,Lifesavers Remedies
3548,Cure and Care Biotech Pvt Ltd
3549,Armastus Healthcare Pvt Ltd
3550,Madhav Biotech Pvt. Ltd
3551,Sovicare Pharmaceuticals
3552,Tresco Lab
3553,Rekindletech Pharmaceuticals Private Limited
3554,Essweil Pharma
3555,Rubicon Health Care Pvt.Ltd
3556,Nootan Pharmaceuticals
3557,Jeevecam Lifescience Pvt Ltd
3558,Winsmed Pharmaceuticals Pvt Ltd
3559,Voxiva Pharmaceuticals
3560,Moderik Healthcare
3561,Indmark Biotech Private Limited
3562,Dalcon Drugs Pvt Ltd
3563,Ophelia Pharmaceutical
3564,Life Care Biotec
3565,Airier Pharmaceitical Private Limited
3566,Alligate Healthcare
3567,Greenco Biologicals Pvt Ltd
3568,Parke Davis India Ltd
3569,Ziyon Healthcare
3570,Briskon Laboratories
3571,Maxo Chem Ltd
3572,Mexato Pharmaceuticals Pvt Ltd
3573,Metlar Formulations
3574,Hublore Healthcare Pvt Ltd
3575,Module Pharmaceutical Private Limited
3576,Ashley Pharmatech Pvt Ltd
3577,ADN Life Sciences
3578,Symlek Healthcare Private Limited
3579,Armac
3580,Adventia Innopharma Pvt Ltd
3581,Nexure Lifesciences Pvt Ltd
3582,Skylark Pharmaceuticals Pvt Ltd
3583,Regent Pharmaceuticals
3584,Rangsubbs
3585,Lifecred Healthcare Pvt. Ltd.
3586,Quixotic Pharma Pvt Ltd
3587,Good Luck Pharmaceuticals
3588,Swakam Biotech Private Limited
3589,Alanmark Healthcare Pvt Ltd
3590,J N Healthcare
3591,Spiritoso Healthcare
3592,Xyris Life Sciences Pvt Ltd
3593,B G Biotech
3594,Romark Health Care
3595,Petrosolv India Ltd
3596,Scala Pharmaceuticals
3597,Norris Medicines Ltd
3598,Royal Labs
3599,Care Organics Ltd.
3600,Ratchet Biotech Pvt Ltd
3601,Sanguine Remediesindia Pvt Ltd
3602,Vansan Pharmaceuticals Pvt Ltd
3603,Cronical Pharma Pvt Ltd
3604,Biogenius Labs
3605,Secure Healthcare
3606,Sunanda Meditech
3607,Domagk Pharma
3608,Biosmith Laboratories
3609,Bio Oxy Pharma
3610,RK Medicare Pvt Ltd
3611,Raulette Formulations
3612,Biocin Healthcare
3613,Doux Healthcare Pvt Ltd
3614,Bavium Pharmaceuticals Pvt Ltd
3615,Exquisite Pharma
3616,Mediwon Research & Healthcare Corp
3617,Somkee India Private Limited
3618,Aspida Pharma Pvt Ltd
3619,Bio Heal Remedies
3620,Aastha Lifecure Science
3621,Redline Healthcare
3622,Milimax Healthcare
3623,Allcure Lifesciences
3624,Kiama Lifesciences
3625,Titli Lifesciences Limited
3626,Noxxon Pharmaceuticals Pvt Ltd
3627,Mednic Healthcare
3628,Eltropix Pharmaceuticals
3629,Leogenic Healthcare Pvt Ltd
3630,Burgeon Health Series Private Limited
3631,Serene Life Sciences Pvt Ltd
3632,Asclepius Pharmaceuticals Pvt Ltd
3633,Sipra Remedies
3634,Forein Life Sciences Pvt Ltd
3635,Faj Pharmaceuticals Pvt Ltd
3636,Welfo Pharmaceuticals Pvt Ltd
3637,Mediwill Life Sciences
3638,Ziotic Life Sciences
3639,Wellmed Pharma
3640,Carenix Bio Pharma Pvt. Ltd.
3641,Biovec Lifesciences
3642,Msb Pharma Private Limited
3643,Gifert Biosciences Pvt Ltd
3644,Nano Life Care
3645,Tergum Remedies Pvt Ltd
3646,Aberdure Pharma
3647,Sarvear Pharmaceuticals
3648,Meritus Life Care Pvt Ltd
3649,Kosmed Formulations
3650,Volks Biotech
3651,The Aesthetic Sense
3652,Hinus Pharmaceutical
3653,Chordius pharmaceuticals Ltd
3654,Mediclove Biotech Pvt Ltd
3655,Light of Life Pharmaceuticals
3656,Kestrel Lifesciences
3657,Astrova Pharmaceuticals Pvt Ltd
3658,Mediheal Remedies
3659,Radius Wellness Inc.
3660,Wellers Lifesciences Research Lab
3661,Jaival Phrmaceuticals
3662,Aronation Lifecare Pvt Ltd
3663,Lusian Pharmaceuticals Private Limited
3664,Devburg Lifesciences Private Limited
3665,Megamed Remedies
3666,The Kirti Works
3667,Medvue Remedies Pvt Ltd
3668,Fealth Life Care Pvt. Ltd.
3669,SPS Medipol Pvt Ltd
3670,Medirin Pharmaceuticals Pvt Ltd
3671,Spackle Biotech
3672,Bkyula Biotech
3673,Kaden Health care Pvt Ltd
3674,Merion Care
3675,Incarnate Pharmachem Pvt Ltd
3676,Quadriga Biotech Pvt Ltd
3677,Apa Pharmaceuticals
3678,Avicenna Life Sciences
3679,Tiruvision Medicare
3680,Biociss Healthcare
3681,Joyce Healthcare Pvt Ltd
3682,Wezen Chemicals Pvt Ltd
3683,Modern Pharmaceuticals
3684,Ankyl Earth Pharmaceuticals Pvt Ltd
3685,Glenwood Biotech Pvt Ltd
3686,Cablin Healthcare Pvt Ltd
3687,Cadman Healthcare
3688,Caphap Pharmaceuticals
3689,Concord Medipharma Pvt Ltd
3690,Sarb Pharmaceuticals
3691,Mas Healthcare Pvt Ltd
3692,Cubiwell Lifesciences Pvt Ltd
3693,Solkem Pharmaceutical
3694,Medmyndrz Pharma
3695,Aelivs Healthcare Pvt Ltd
3696,Biofrank Pharmaceuticals
3697,Le Phlox Healthcare Pvt Ltd
3698,Aarvi Drugs
3699,Vibdrugs Biosciences
3700,Faith Pharmaceuticals Ltd
3701,Relief Formulations Pvt Ltd
3702,Abatis Holistic
3703,Aenor Pharmaceuticals Private Limited
3704,Horean Healthcare Private Limited
3705,Grubheal Care
3706,Endurable Pharmaceuticals Pvt Ltd
3707,Arya Medisolution Pvt Ltd
3708,Esskay Bee Pharma
3709,Varima Pharma Pvt Ltd
3710,Volus Pharma Pvt Ltd
3711,Sparkles Exim Pvt Ltd
3712,Kenriz Care
3713,Topmed Pharmaceuticals Pvt Ltd
3714,Fabino Life Sciences Ltd
3715,Sarveshvari Health Care
3716,Invida India Pvt Ltd
3717,Rescuers Life Sciences Ltd
3718,Samcure Drugs & Pharmaceuticals Pvt Ltd
3719,Sanjeevani Bio-Tech Pvt Ltd
3720,Glowrid Biotech
3721,Kaymed Pharmaceuticals Pvt. Ltd.
3722,Ambroza Lifecare LLP
3723,Soltech Lifesciences
3724,Mahaja Pharmacare Pvt Ltd
3725,Nutramedica Inc.
3726,Johnson & Johnson Ltd
3727,Joy Healthcare Private Limited
3728,Cipla Health Ltd
3729,UCB India Pvt Ltd
3730,Lundbeck India Pvt Ltd
3731,Cure N Cure Pharmaceutical
3732,Alcott Healthcare Pvt Ltd
3733,Grandcure Healthcare Pvt Ltd
3734,Healers Pharmaceuticals
3735,Himerus Medical Solution Llp
3736,Ingram Biosciences Pvt Ltd
3737,Lloyd Healthcare Pvt Ltd
3738,Eucare Pharmaceuticals Pvt Ltd
3739,Bangalore Antibiotics & Biologicals Pvt Ltd
3740,Alchem Phytoceuticals Ltd
3741,LG Lifesciences
3742,Neomedix Healthcare India Private Limited
3743,Magnet Labs Private Limited
3744,Mac Laboratories Ltd
3745,Winsome Bioceuticals
3746,Jolly Healthcare
3747,Duckbill Drugs Pvt Ltd
3748,Zentiva Pharmaceutical
3749,Baylor Pharmaceutical Pvt Ltd
3750,Oddity Healthcare Pvt Ltd
3751,Bayu Healthcare Pvt Ltd
3752,Enactis Healthcare Pvt Ltd
3753,Seagull Laboratories (I) Pvt Ltd
3754,Rakesh Pharmaceuticals
3755,Rostrumed Biotech Pvt Ltd
3756,Bayer Zydus Pharma Pvt Ltd
3757,Kanad Labs
3758,Neobeat Healthcare Pvt Ltd
3759,Knight Medicare Pvt Ltd
3760,Germex Laboratories
3761,Vindeca Life Sciences
3762,Meghmani Lifesciences
3763,Cad Pharma Inc
3764,Canvarzys Healthcare Ltd
3765,Claribel Pharmaceuticals Pvt Ltd
3766,Bellissa Pharmaceuticals
3767,Lifecare Innovations Pvt Ltd
3768,Eyeris Vision Care Pvt Ltd
3769,ZRS Labs
3770,SAF Fermion Ltd
3771,Bharat Biotech
3772,Ubatlife Health Care
3773,Beatus Healthcare Pvt Ltd
3774,Rejuva Healthcare
3775,Dr Cure Pharmaceuticals India Pvt Ltd
3776,Vilin Bio Med Ltd
3777,Emenox Healthcare
3778,Uvb Healthcare Pvt Ltd
3779,Arbour Biotec
3780,Butson Bioscience
3781,Blesslife healthcare
3782,ModHike Pvt Ltd
3783,Skyever Pharmaceuticals Private Limited
3784,Trustcare Pharmaceuticals
3785,Biorange Biologicals Private Limited
3786,Hufort Health Pvt Ltd
3787,Zydus Wellness Product Ltd
3788,Elma Bio Care Private Limited
3789,Zencure Sciences Pvt Ltd
3790,Beaumont Healthcare Pvt Ltd
3791,Wiscon Pharmaceuticals Pvt Ltd
3792,Berry & Herbs Pharma Pvt Ltd
3793,Naj Pharmaceuticals Private Limited
3794,Ideal Healthcare Industries
3795,Mewell Medisciences
3796,Bio Sciences Pharmakon
3797,Prakash Biopharma
3798,SKN Organics
3799,Care Pride Pharma
3800,Adonis Phytoceuticals Pvt Ltd
3801,Gryff Pharmaceuticals Private Limited
3802,Icines Pharmaceutical Pvt Ltd
3803,Aexiom Pharmaceuticals
3804,Dermajoint India
3805,Dutech Remedies Pvt Ltd
3806,Knight Pharmaceuticals Pvt Ltd
3807,Curemediways Pharma Llp
3808,Bacans Biotech Pvt Ltd
3809,Across Laboratories Pvt Ltd
3810,Zerico Lifesciences Pvt Ltd
3811,Theia Healthcare
3812,Supermax Laboratories
3813,Bacchus Pharma
3814,Solis Pharma
3815,Stedman Pharmaceuticals Pvt Ltd
3816,Lok Beta Pharmaceuticals Pvt. Ltd.
3817,Stanwell Lifesciences Pvt Ltd
3818,SS Lifevision Pvt Ltd
3819,Nexgen Healthcare Pvt Ltd
3820,Tripada Biotec Pvt Ltd
3821,Biovista Lifesciences
3822,Primus Pharmaceuticals
3823,Pharmanova Specialties Pvt Ltd
3824,Iwin Care
3825,Shrey Nutraceuticals & Herbals Pvt Ltd
3826,Neovision Healthcare
3827,4Care Lifescience Pvt Ltd
3828,Ultrachem Pharmaceuticals
3829,Enine Remedies Pvt Ltd
3830,P and P Dermaceuticals Pvt Ltd
3831,Ceras Pharmaceutical
3832,GSL Pharmaceuticals Pvt Ltd
3833,Alar Laboratories Ltd
3834,Solariz Healthcare Private Limited
3835,Opticarma India SMC Pvt Ltd
3836,Sapco Laboratories Pvt Ltd
3837,Nexgen Pharma
3838,Alpure Healthcare
3839,Cenesys Care India Pvt Ltd
3840,Nayan Vision
3841,Human Bio Organics Pvt Ltd
3842,B D Pharmaceutical Works Pvt Ltd
3843,Biovencer Healthcare Pvt Ltd
3844,Zydica Healthcare
3845,Broadspectrum Remedies Private Limited
3846,Sparsha Pharma International Pvt Ltd
3847,Douglas Pharmaceuticals Pvt Ltd
3848,Baroque Pharmaceuticals Pvt Ltd
3849,Paksons Pharmaceuticals Pvt Ltd
3850,Mesova Pharmaceuticals
3851,Zivira Labs Pvt Ltd
3852,Piecan Pharma Pvt. Ltd.
3853,Helen Pharmaceuticals Private Limited
3854,Panopharm
3855,Elbrit Life Sciences
3856,Mrl Pharma Opc Pvt Ltd
3857,Ucardix Pharmaceuticals
3858,Baryton Pharma
3859,Kenvish Healthcare
3860,Ben Hadded Pharma Pvt Ltd
3861,Treta Healthcare
3862,Synnove Pharmaceuticals Pvt Ltd
3863,Kylsans Drugs & Chemicals P Ltd
3864,Ideal Life Sciences Pvt Ltd
3865,Signity Pharmaceuticals Pvt Ltd
3866,Sure Healthcare Pvt Ltd
3867,Flamingo Pharmaceuticals Ltd
3868,Innova Life Sciences Private Limited
3869,Oziel Pharmaceuticals Pvt Ltd
3870,Genome Therapeutics Corporation
3871,Kathkin Lifesciences Private Limited
3872,AV Grow Healthcare
3873,Rollick Healthcare Pvt Ltd
3874,Exelife Biotech Pvt Ltd
3875,Zee Cure Pharmaceuticals Pvt Ltd
3876,Skysun Lifesciences Pvt Ltd
3877,Nvron Life Science Ltd
3878,Solitaire Pharmacia Pvt Ltd
3879,Ethicare Remedies
3880,Saimed Formulations
3881,Agenext Biopharma
3882,Bipi Lifesciences Pvt Ltd
3883,Wokindia Pharmaceuticals
3884,Prevento Pharma
3885,Briskinn Solutions
3886,Pfimaxx Organics Pvt Ltd
3887,Shef Biotech
3888,Beetle Healthcare Pvt Ltd
3889,Elancer Pharmaceuticals
3890,BDH Industries Ltd
3891,Pharmanova India Drugs Pvt Ltd
3892,Viwacure Healthcare Pvt Ltd
3893,Forman Medics Pvt Ltd
3894,Balint pharmaceuticals
3895,Golden Pharmaceuticals India Pvt Ltd
3896,Focaz Medipharma
3897,Zanetaz Medicorp
3898,Choroid Laboratories
3899,Bio-Well Pharmaceuticals Pvt Ltd
3900,Biosafe Formulations
3901,Schwitz Biotech
3902,Biocin Genetics & Pharma
3903,Bewell Labs Pvt Ltd
3904,Brilliant Lifesciences Pvt Ltd
3905,Sherim Squibss
3906,Wood Cross Health Care
3907,Skylab Lifesciences
3908,Opsiscare Lifesciences Pvt Ltd
3909,DR Best pharmaceuticals Pvt Ltd
3910,Mitis Biomedics Ltd
3911,Incipe Pharmceuticals
3912,Biotanic Lifesciences
3913,Kruger Nutra Med Pvt Ltd
3914,Neocardiab care
3915,Nanz Med Science Pharma Ltd
3916,Bibo Pharma
3917,Formahealth
3918,Richfield India Pharmaceuticals Pvt Ltd
3919,Caryota Life Sciences India Pvt. Ltd.
3920,Mediclone Health Care Pvt Ltd
3921,GRAF Laboratories Pvt Ltd
3922,Magus Medicare
3923,Forgo Pharmaceuticals Pvt Ltd
3924,Abrik Remedies Private Limited
3925,Eswar Therapeutics Pvt Ltd
3926,Denk Indier Llp
3927,Neova Biogene Private Limited
3928,Sigma Laboratories Ltd
3929,Rayon Pharmaceutical
3930,Bayle's Pharmaceutical Private Limited
3931,Phaedrus Life Science Pvt Ltd
3932,Brio Wellness
3933,Janus Biotech
3934,Connect Life Pharma Pvt Ltd
3935,Elicad Pharmacueticals Pvt Ltd
3936,BinduMadhav Pharma Pvt. Ltd.
3937,IRx pharmaceuticals Pvt Ltd.
3938,Hn Cure Pharma Pvt Ltd
3939,Coles Pharmaceuticals Private Limited
3940,Rosa Lifesciences
3941,Ambient Pharmaceuticals Pvt Ltd
3942,Betlif Pharmaceutical Pvt Ltd
3943,Curelogic Pharma
3944,Queen Pharmaceuticals Ltd
3945,Suncor Pharma
3946,Medgrow Health Care
3947,Glenwell Pharma
3948,Grevis Pharmaceuticals Pvt Ltd
3949,Geniemed Pvt Ltd
3950,Nexbio Life Sciences
3951,Curega Healthcare Pvt Ltd
3952,Dee Gradibus Life Care Pvt Ltd
3953,Rosette Aeon Lifecare
3954,Cytogen Pharmaceuticals India Pvt Ltd
3955,Terrace Pharmaceuticals
3956,Incuity Pharma Pvt. Ltd.
3957,Parex Pharmaceuticals Pvt Ltd
3958,Mediqas Pharmaceuticals
3959,SA Remedies
3960,Walnut Lifesciences
3961,Holymed Pharma
3962,Bioalcon Pharmaceuticals
3963,Drigbhyam Pharmaceutical Pvt. Ltd.
3964,Trugen Neurosciences Pvt Ltd
3965,Bioquest Pharmaceuticals Pvt Ltd
3966,Brance Biotech
3967,Octalife Pharmaceuticals Pvt Ltd
3968,Skg Internationals
3969,Benique Pharmaceuticals
3970,Legrand Pharmaceuticals
3971,Bilcare Ltd
3972,Bencure Life Sciences Pvt Ltd
3973,Gloucester Pharma
3974,Quzen Biotek
3975,Medi Globe
3976,Tabsule Pharmaceuticals
3977,Bausch & Lomb Inc
3978,Bageo Pharmaceuticals Pvt Ltd
3979,Maa Enterprise
3980,Biospace Lifesciences Pvt Ltd
3981,Neutec Healthcare Pvt Ltd
3982,Medbaxy Healthcare Pvt Ltd
3983,Bolivian Healthcare
3984,Eyekare Kilitch Limited
3985,Clinzerv
3986,Qantas Biopharma Private Limited
3987,New Medicon Pharma Labs Pvt Ltd
3988,Edolf Healthcare Pvt Ltd
3989,Fhm Pharma Pvt Ltd
3990,Genblue Pharma
3991,Standard Pharmaceuticals Ltd
3992,Meditia Lab Pvt. Ltd.
3993,Meckley Life Sciences Pvt Ltd
3994,Taswin Pharma Pvt Ltd
3995,Nutratec Pharmaceuticals
3996,Sbp Healthcare Pvt Ltd
3997,Senable Life Sciences Pvt Ltd
3998,Bekim Lifesciences Llp
3999,Rena Exports Pvt Ltd
4000,Sante Mernaud Pharceuticals Pvt Ltd
4001,Lyceum Life Sciences Pvt Ltd
4002,Niksan Pharmaceuticals
4003,Accuffy Lifesciences
4004,Biowell Life Sciences
4005,Sashwat Pharmaceuticals Pvt Ltd
4006,Biokind Healthcare Pvt Ltd
4007,BioGold Pharmaceutical Pvt Ltd
4008,Torcium Biotech Pvt Ltd
4009,Fender Formulations Pvt Ltd
4010,Silhos Pharma Ltd
4011,Nurtureplus Biotech Private Limited
4012,Care Pharma India Ltd
4013,Brett Life Sciences Pvt Ltd
4014,Vimac Healthcare
4015,Vishaura Healthcare Private Limited
4016,Mac-Ris Pharma
4017,Devann Pharmaceuticals
4018,Astracure Lifesciences Pvt Ltd
4019,Acambis (india) Pharmaceuticals Private Limited
4020,Orison Pharmaceuticals
4021,Bricent Healthcare Pvt Ltd
4022,Reddy Pharmaceuticals
4023,10 Drug Mart
4024,Spores Lifesciences Inc
4025,Brio Bliss Life Science Pvt Ltd
4026,Megmento Pharmaceutical Pvt Ltd
4027,First Horizon Pharmaceuticals
4028,Medilief Biosciences
4029,Balaark Pharmaceuticals Private Limited
4030,Ind Biosciences
4031,Max Nodaz Life Sciences
4032,Austrak Pvt Ltd
4033,Janssen Pharmaceuticals
4034,Kenrox Healthcare Pvt. Ltd
4035,Brahamputra Research Pvt Ltd
4036,Crimson Lab Pvt Ltd
4037,Caldern Pharmaceuticals Ltd
4038,Neumorgen Pharmaceuticals Pvt. Ltd.
4039,Lamicon Pharma Private Limited
4040,Future Life Sciences
4041,Daikon Pharmaceuticals Pvt Ltd
4042,Bandu Pharmaceuticals Private Limited
4043,Evax Healthcare Pvt Ltd
4044,Reckitt Benckiser
4045,Prime Meditek
4046,Ashdee Health Care (OPC) Pvt Ltd
4047,Fascin Pharmaceuticals
4048,Millets Pharmaceuticals Private Limited
4049,Cutis Biotech
4050,Gromax Healthcare Pvt Ltd
4051,NDMA Healthcare Pvt Ltd
4052,Tribhawan Injectables
4053,Illumin Pharma
4054,Hansula Pharma Pvt Ltd
4055,Brivan Biotech Pvt Ltd
4056,Yurekha Laboratories
4057,BUPA Pharma
4058,Barlis Lifesciences Pvt Ltd
4059,Ban Labs
4060,Human Antibiotic Pharmaceuticals Pvt Ltd
4061,Sarcoma Remedies Pvt Ltd
4062,Bipin Drug House
4063,Nabiqasim Industries Pvt Ltd
4064,Bio Pharma Laboratories
4065,Indo-Reh Pharmaceuticals
4066,Martin & Brown Biosciences
4067,Richie Laboratories Ltd
4068,Bioris Pharmaceuticals
4069,Menrik Biomerge Pvt Ltd
4070,Biotric Healthcare Pvt Ltd
4071,Zestwin Lifesciences
4072,Toubib Pharma Private Limited
4073,Richfaith Pharmaceuticals
4074,Pharmakon H & B Care Pvt Ltd
4075,Skama Biotech
4076,Auarice Pharmaceuticals Pvt Ltd
4077,Marsai Pharma Pvt Ltd
4078,Moises Lifesciences Private Limited
4079,Sunwell Life sciences Pvt Ltd
4080,Argil Life Science
4081,Ranbaxy Laboratories Ltd
4082,Pfleger Healthcare Pvt Ltd
4083,Zydillac Dermaceuticals
4084,Edsel Pharma
4085,Vision Biolife Pvt Ltd
4086,Sresan Pharmaceuticals
4087,Bryson Pharmaceutical Llp
4088,Mareena Pharma
4089,Maxamus Pharma Pvt Ltd
4090,Infino Healthcare Ltd
4091,Trigenesis Life Sciences Pvt Ltd
4092,Bharat Antibiotics Inc
4093,Bioncare Pharma
4094,Levin Health Care
4095,Retec Formulations Pvt Ltd
4096,Getwell Pharmaceutical Pvt Ltd
4097,Indo French Laboratories Ltd
4098,Valpra Biotech Pvt Ltd
4099,Ealpharm Life Sciences Pvt Ltd
4100,Proliva Pharmaceuticals
4101,Remandish Pharma Pvt Ltd
4102,Krypton Pharmaceuticals
4103,Maxtan Healthcare Ltd
4104,Delvin Formulations Pvt Ltd
4105,Novaduo Pharma
4106,Tzana Pharmaceuticals Pvt Ltd
4107,Edison Organics Pharmaceuticals
4108,Lakssha Pharmaceuticals
4109,Levitas Pharmaceuticals Pvt Ltd
4110,Megma Health Care Pvt Ltd
4111,Rbco Pharmaceuticals Pvt Ltd
4112,Neovae Pharma
4113,Healthy Life Pharma Pvt Ltd
4114,Salubry Life Sciences
4115,Bengal Chemicals & Pharmaceuticals Ltd
4116,Medstellar Healthcare Private Limited
4117,Teslamed Pharmaceuticals Private Limited
4118,Blue Star Laboratories Pvt Ltd
4119,Rawlley Healthcare Pvt Ltd
4120,Kioxy Healthcare
4121,Rapid Life Drugs & Healthcare
4122,BPlus NG Pharmaceuticals
4123,Medbionic Healthcare
4124,Shaimil Laboratories
4125,Getwell Oncology Pvt Ltd
4126,Eviza Biotech Pvt Ltd
4127,Bantom Laboratories Pvt Ltd
4128,Concord Biotech Ltd
4129,Isika Pharma Inc
4130,Delcure Life Sciences
4131,Boyeger Biotech Pvt Ltd
4132,Aja Life
4133,Burgeon Pharmaceuticals Pvt Ltd
4134,Montana Remedies
4135,Dexter Labratories
4136,Insula Pharmaceuticals Pvt Ltd
4137,Sego Lily Healthcare Pvt Ltd
4138,Janitra Medicorp Pvt Ltd
4139,Bountiful Lifesciences Pvt Ltd
4140,Biowin Remedies
4141,Cee Bee Laboratories
4142,Cardia Life Care Pvt Ltd
4143,Beloorbayir Biotech Limited
4144,Dev Bhoomi Pharmaceuticals
4145,Crepis Pharma
4146,Grawish Pharma Pvt Ltd
4147,Breeson's Life Sciences
4148,Rut Pharma Pvt Ltd
4149,Healthkind Pharma Pvt Ltd
4150,Balaji Biotech
4151,Maxolus Pharmaceuticals
4152,Unishine Health Care
4153,Asvp Pharma Health Industries Pvt Ltd
4154,Bikram Biotech
4155,Hopkins Health care India Pvt Ltd
4156,Wilburt Remedies Pvt Ltd
4157,Ultra Bio Labs
4158,Jenome Biophar Pvt Ltd
4159,Calibre Pharmaceutical
4160,Arunabh Pharma
4161,Bison Biotec Pvt Ltd
4162,Unicure India Pvt Ltd
4163,Milligram Laboratories
4164,Zedley Health Care
4165,Speciality Meditech Pvt Ltd
4166,View Laboratories
4167,Durga Pharma
4168,Obat Medicare Pvt Ltd
4169,Bio Medica Laboratories Pvt Ltd
4170,Norden Lifesciences
4171,Mbco Lifesciences Pvt Ltd
4172,Veasley Pharmaceuticals Private Limited
4173,Meethi Pharmaceuticals
4174,Elon Pharmaceuticals Pvt Ltd
4175,Shree Ganesh Pharmaceuticals
4176,Gatle Healthcare Ltd
4177,Vega Pharma
4178,Bengal Immunity Ltd
4179,Lemery
4180,SBP Biotech
4181,Inizia Healthcare Pvt Ltd
4182,Proteus Health Care Pvt Ltd
4183,Riobliss Life Sciences Pvt Ltd
4184,RSM Lifecare India Private Ltd
4185,Welisynth Pharmaceuticals
4186,Organic Nova Pharmaceuticals
4187,Soinsvie Pharmacia Pvt Ltd
4188,Max Life Science
4189,Medpro Biotech
4190,UPS Healthcare
4191,Pharmatech Solutions Pvt Ltd
4192,Fountil Life Sciences Pvt Ltd
4193,Bowmen Pharmaceuticals
4194,Vexilla Healthcare
4195,Somnogen Pharmaceuticals Pvt Ltd
4196,Kav Laboratories
4197,Blinknet Health Care Private Limited
4198,Wellbeing Pharmaceuticals Pvt Ltd
4199,Nimbus Health Care Pvt Ltd
4200,ANT Pharmaceuticals Pvt Ltd
4201,Vostro Critical Care
4202,Colosiem Health Care Pvt Ltd
4203,Emil Pharmaceuticals Industries Pvt Ltd
4204,Euromed Laboratories
4205,Biofusion Pharmaceuticals
4206,Dr. Gowda's Healthcare Pvt Ltd
4207,Optimal Pharma tech
4208,Osho Laboratories (P) Ltd
4209,Vitane Pharmaceuticals Private Limited
4210,Medieos Lifesciences LLP
4211,Aarin Labs
4212,Biosena Lifescience
4213,Radesh Pharmaceuticals
4214,L K Medicare
4215,Creative Remedies Pvt Ltd
4216,Efiia Lifesciences Private Limited
4217,Bishahari Chemical Works Pvt Ltd
4218,Newvista Biocare Pvt Ltd
4219,Striveo Healthcare Pvt Ltd
4220,GlaxoSmithKline Consumer Healthcare
4221,Serdia Pharmaceuticals India Pvt Ltd
4222,Icpa Health Products Ltd
4223,Servier India Private Limited
4224,Universal Twin Labs
4225,Cutik Medicare Pvt Ltd
4226,Novita Healthcare Pvt Ltd
4227,Pilco Pharma Pvt Ltd
4228,Chiron Behring Vaccines Pvt Ltd
4229,Encore Pharmaceuticals Inc.
4230,Universal NutriScience
4231,Sundyota Numandis Probioceuticals Pvt Ltd
4232,KLM Laboratories Pvt Ltd
4233,Qurewell Health Science Pvt Ltd
4234,Kolson India Healthcare Pvt Ltd
4235,Zenobio Life Science
4236,Meridian Enterprises Pvt Ltd
4237,KMS Health Center Pvt Ltd
4238,Mepro Pharmaceuticals
4239,VGR Bio Lab
4240,Willcare Lifesciences
4241,Zyvieon Healthcare Private Limited
4242,Resolute Healthcare
4243,Clyde Biotech P Ltd
4244,MSD Pharmaceuticals Pvt Ltd
4245,Santen India Pvt Ltd
4246,Kineses Laboratories
4247,Kloster Pharmaceuticals
4248,Neucure Lifesciences Private Limited
4249,Pfiscar India Ltd
4250,Cutis Dermacare
4251,V R Med Healthcare
4252,Grace Derma Healthcare Pvt Ltd
4253,Cyril Pharmaceuticals
4254,Xenon Pharmaceuticals
4255,Somatico Pharmacal Pvt Ltd
4256,Celosia Pharmaceutical Pvt Ltd
4257,Cause & Cure Pvt Ltd
4258,Elion Health Care Ltd
4259,Ravenbhel Pharmaceuticals Pvt Ltd
4260,Medisra Pharma Pvt Ltd
4261,Aarohi Pharmaceuticals
4262,Medchem International Ltd
4263,JC Lifecare Pvt Ltd
4264,Walron Healthcare Pvt Ltd
4265,Venova Pharmaceuticals Pvt Ltd
4266,Neuro Life Science
4267,Dios Lifesciences Pvt Ltd
4268,Maa Formulations Pvt Ltd
4269,Ektek Pharma
4270,Reko Medikament
4271,Rainbow Laboratories (india) Pvt Ltd
4272,Astrella Pharmaceutical Pvt Ltd
4273,Manig Pharma
4274,Arsun Health Care Pvt Ltd
4275,Heveren Healthcare Pvt Ltd
4276,Finesse Pharmaceuticals
4277,JVJ Pharmaceuticals Pvt Ltd
4278,Karlin Pharmaceuticals & Exports Pvt Ltd
4279,Polaire Pharmaceuticals
4280,Vaishali Pharmaceuticals
4281,Diligence Pharma
4282,Rowez Life Sciences Pvt. Ltd.
4283,Pasteur Laboratories Pvt Ltd
4284,Maestro Healthcare Pvt Ltd
4285,Curador Healthcare Pvt Ltd
4286,Unilead Pharmaceuticals Pvt Ltd
4287,Capskii Pharmaceuticals Pvt Ltd
4288,Aquinnova Pharmaceuticals Private Limited
4289,Annie Pharmaceuticals Pvt Ltd
4290,Coral Pharmaceuticals P Ltd
4291,Medibest Pharma Pvt Ltd
4292,Biometrix Pharma
4293,Eraas International
4294,Adlib Biologicals
4295,Newgendra Pharma Pvt Ltd
4296,Rencord Life Sciences Pvt Ltd
4297,Tetramed Biotek Pvt Ltd
4298,Dermacia Healthcare
4299,Biosearch Organics
4300,Conceptive Farmacia Pvt Ltd
4301,Marck Biosciences Ltd
4302,Bio Optimum Healthcare Pvt Ltd
4303,Monsut Chem Industries
4304,Centercon Pharmaceutical Pvt Ltd
4305,Merkury Arena Labs
4306,Medease Healthcare Pvt Ltd
4307,Arihant Pharma
4308,Docwin Healthcare
4309,Cito Remedies Pvt Ltd
4310,Orimax Healthcare Private Limited
4311,Trans Life Sciences
4312,Cureill Pharma Pvt. Ltd.
4313,Sanstuti Pharmaceuticals Pvt Ltd
4314,Terra Pharma Private Limited
4315,Sargas Life Sciences Pvt Ltd
4316,Kaydee Biotech Pvt Ltd
4317,Massive pharma Pvt Ltd
4318,Qualchem Healthcare Pvt Ltd
4319,Medix Laboratories
4320,Cell Salve Pharmaceuticals
4321,Eumedia Pharma
4322,Liveon Healthcare Pvt Ltd
4323,Galaxus Pharmaceuticals
4324,Waksmed Lifescience Pvt Ltd
4325,Macwell Pharmaceuticals
4326,Srigen Labs
4327,Rays Healthcare
4328,Aarkios Health Pvt Ltd
4329,Curious Biotech
4330,Health Berry Lifesciences Pvt Ltd
4331,Mediart Lifesciences Pvt Ltd
4332,Anthem Biopharma
4333,Humane Care Pharmaceuticals Pvt. Ltd.
4334,Genozed Formulations
4335,Totem Biotech Pvt Ltd
4336,Alixinox Pharmaceuticals
4337,Carevale Pharmaceuticals
4338,Mendine Pharmaceuticals Pvt Ltd
4339,La Pristine Bioceuticals Pvt Ltd
4340,Zestica Pharma
4341,CPL Biologicals Pvt Ltd
4342,Carron Biotech
4343,Jointcare Pharmaceuticals Pvt Ltd
4344,Veterix Lifesciences Private Limited
4345,Syscutis Healthcare
4346,Cutigen Incoporation
4347,Lucrose Pharma Private Limited
4348,Benthos Biosciences Pvt Ltd
4349,Neocell Science Pharmaceuticals Pvt Ltd
4350,Tripada Lifecare Pvt Ltd
4351,Cureways Remedies
4352,Jay Ell Healthcare Pvt. Ltd
4353,Biosafe Pharmaceuticals Pvt Ltd
4354,Minerva Medica Pharmaceuticals
4355,Oncocare Scientifics Pvt Ltd
4356,A V Gupta & Co. Pvt Ltd
4357,Curagen Biological Pharmaceuticals
4358,Brochem Health Care Pvt Ltd
4359,Desun Pharmaceuticals
4360,Megde Healthcare
4361,Medwock Pharmaceuticals Private Limited
4362,Jagdale Industries Pvt. Ltd
4363,Medi-Globe Corporation
4364,PPL Healthcare
4365,Chemross Lifesciences
4366,Wellcure Laboratories Pvt Ltd
4367,Glasier Wellness Inc
4368,Strimed Pharmaceuticals Pvt Ltd
4369,Espee Formulation Pvt Ltd
4370,Medisalve Lifesciences
4371,Regaliz Medicare Pvt Ltd
4372,Gujarat Pharma Lab Pvt Ltd
4373,Wrest Healthcare Pvt. Ltd.
4374,Cherrymed Pharmaceuticals
4375,Smitha Braun Laboratories Private Limited
4376,Diamond Life sciences
4377,Jubilation Bio Science
4378,Biozen pharmaceuticals
4379,Auftritt Healthcare Pvt Ltd
4380,Unisolve Pharmaceuticals Pvt Ltd
4381,Osasun Pharma
4382,Nemus Pharmaceuticals Pvt Ltd
4383,Pharmalead Healthcare Private Limited
4384,Lupichem Healthcare
4385,Trident Pharma
4386,Everzen Healthcare
4387,Radiant Pharmaceuticals Ltd.
4388,Bionovics Pharmaceuticals Pvt Ltd
4389,Neurevlon Health Care
4390,Cradle Life Science Pvt Ltd
4391,Elixir Formulations Pvt Ltd
4392,Ultra Biotech Formulations
4393,Big Dream Pharma Pvt Ltd
4394,Sentiss Pharma
4395,Fenclay Lifesciences
4396,Swastik Life Sciences
4397,Curiton Lifesciences Pvt Ltd
4398,Shree Venkatesh International Limited
4399,Navnidhi Life Science Pvt Ltd
4400,Estocott Pharma
4401,Winston Pharmaceuticals Ltd
4402,El-Dorado Bio-Tech Pvt Ltd
4403,Lavanir Life Sciences
4404,Cydia Healthcare pvt ltd ltd
4405,Uvtech Biosciences Private Limited
4406,Fidus Healthcare
4407,SanoreX Pharma
4408,Dr. Mani Pharmaceuticals Pvt. Ltd
4409,Benison Biomed
4410,Sanket Pharmaceuticals Pvt Ltd
4411,BioGeniccs Pharmaceuticals
4412,Domain Healthcare
4413,Perron Pharmaceuticals Pvt Ltd
4414,Biozen Remedies Private Limited
4415,Krista Life Science
4416,DM Pharma
4417,Curetech Formulations (P) Ltd
4418,Cognyzon Pharmaceuticals
4419,Floracia Healthcare Pvt Ltd
4420,Enzo Biopharma Ltd
4421,Serwin Pharmaceuticals
4422,Micron Biotech
4423,Gaurish Pharmaceuticals
4424,Medrek Pharmaceuticals
4425,Hnf Care Pvt Ltd
4426,Clock Remedies Pharma Pvt Ltd
4427,Innovax Pharmaceuticals
4428,Finex Healthcare Pvt Ltd
4429,Galenus Pharma Pvt Ltd
4430,Ultilab
4431,Cytochem Health Care India Pvt Ltd
4432,Astra Unique Prohealth Pvt Ltd
4433,Otsuka Pharmaceuticals Pvt Ltd
4434,Prisma Healthcare
4435,Medrock Biotech
4436,RND Laboratories Pvt Ltd
4437,Goldline Pharmaceuticals Ltd
4438,Krinon Remedies Pvt Ltd
4439,Indillina Pharmaceuticals Ltd
4440,Sissma Life Sciences Pvt Ltd
4441,Pollux Biosciences
4442,Zetek Pharmaceuticals Pvt Ltd
4443,Nask Pharmaceuticals Private Limited
4444,Cutinova Healthcare Llp
4445,Clover Health Care Pharma
4446,Cosmas Research Lab Ltd
4447,Miotic Pharma
4448,Nectar BioPharma Pvt Ltd
4449,Anax Lifescience
4450,Somatico Laboratories Pvt Ltd
4451,Medicyte Pharmaceuticals Pvt Ltd
4452,Zelleven Pharma Pvt Ltd
4453,Remark Healthcare
4454,Zeus Drugs Ltd
4455,Syqta Pharmaceuticals Pvt Ltd
4456,Infivis Life Care
4457,Unilite Medicare Pvt Ltd
4458,Advaith Life Sciences Pvt Ltd
4459,Endurance Healthcare Ltd
4460,Imperious Pharmaceutical Pvt. Ltd.
4461,Zubit Lifecare
4462,Inviscus Lifescience LLP
4463,Concordia Healthcare Private Limited
4464,Cognitive Life Sciences Ltd
4465,Lefiable Healthcare Private Limited
4466,Specian Healthcare Pvt Ltd
4467,Park-Benz Laboratories
4468,Atlanta Biotec
4469,Vitalys Pharmaceuticals Pvt Ltd
4470,Rizer Healthcare Pvt Ltd
4471,Dakshinamurti Pharma Pvt. Ltd.
4472,Regulus Pharmaceuticals
4473,Astrochem Laboratories
4474,Dr. Dawakhana Pharma LLP
4475,BTM Lifesciences
4476,Medset Pharma
4477,Pillix Healthcare
4478,Bio Nova Pharmaceuticals Pvt Ltd
4479,DN Therapeutics Pvt Ltd
4480,Dr Alexander Lab Pvt Ltd
4481,Ariaan Pharma
4482,Morvin India Healthcare Private Limited
4483,Heramb Healthcare
4484,Jagsam Pharma
4485,Brain and Health Pharmaceuticals
4486,Mycure Pharma Pvt Ltd
4487,Xcel Labs
4488,Linnet Life Sciences
4489,Wellvio Healthcare Pvt Ltd
4490,Eclipser Pharmaceuticals
4491,Optho Remedies Pvt Ltd
4492,Wunderz Pharmaceuticals
4493,Daniyal Pharma Private Limited
4494,Motif Health Care
4495,Swastik Formulations Pvt Ltd
4496,Demax Biotech Pvt Ltd
4497,Winnova Pharmaceuticals Healthcare
4498,Cosmoderm India
4499,Variety Pharmaceuticals Pvt Ltd
4500,Tri Mitsu Pharmaceuticals
4501,Ginpax Healthcare
4502,Elsker lifescience Pvt. Ltd.
4503,Foral Healthcare
4504,U & V Cancure Pvt. Ltd.
4505,Alson Pharma Private Limited
4506,Skora Healthcare Private Limited
4507,Cynosure Organics Pvt Ltd
4508,V S Medico
4509,Clementia Pharmaceuticals Pvt Ltd
4510,Cezane Remedies Pvt Ltd
4511,Cedna Biotech Pvt Ltd
4512,Hygeia Labs Pvt Ltd
4513,Mensdom Pharmaceutical Pvt Ltd
4514,Murentia Pharmaceuticals
4515,Kamcure Biotech
4516,Goldenlad Pharmaceutical Pvt Ltd
4517,Pollen Healthcure Pvt. Ltd.
4518,Prime Life Science Pvt Ltd
4519,Saiboon Lifecare Pvt Ltd
4520,Croford Pharma Pvt Ltd
4521,Alliance Healthcare P Ltd
4522,Madoc Pharmaceuticals Pvt Ltd
4523,Allay Pharma
4524,Primecure Medicine Pvt Ltd
4525,Deify Pharma
4526,Lupitas Pharmaceuticals Pvt Ltd
4527,La Penser Life Sciences
4528,Regal Pharmaceuticals
4529,Nutramed Pharmaceuticals Pvt Ltd
4530,Meliorate Pharmaceutical Pvt Ltd
4531,Carol Remedies
4532,Civansh Life Sciences
4533,Yew Biotech
4534,Gen-Biotec Pvt Ltd
4535,Newgen Pharma
4536,Tirupati Medicare Limited
4537,Manith Healthcare Pvt Ltd
4538,Inshaan Healthcare Pvt Ltd
4539,Inolife Healthcare
4540,Kwik Healthcare
4541,Ecure Pharma
4542,Empower Life Sciences
4543,911 Dermatology Pvt Ltd
4544,Scinticaa Pharma
4545,Carmentis Health Care
4546,Ascent Therapeuticals
4547,Symcox Research Lab P Ltd
4548,Aswins Pharmaceuticals
4549,Medizone
4550,Trigat Lifesciences Pvt Ltd
4551,G-Nine Formulations Pvt Ltd
4552,Nexina Life Sciences Pvt Ltd
4553,Ravian Life Science Pvt Ltd
4554,Condor Healthcare Pvt Ltd
4555,Cureton Biotech
4556,Serin Formulations Pvt Ltd
4557,Care Formulations
4558,Lakshya Pharma Pvt Ltd
4559,Time Tested Drug Laboratory
4560,Fujin Kami Pharmaceutico
4561,Croise Pharma
4562,Charan Laboratories Pvt Ltd
4563,Ghrelin Pharmaceuticals Private Limited
4564,Master Doctor
4565,Arnigeno Life Sciences Private Limited
4566,Meracus Pharmaceuticals
4567,Yew Lifesciences
4568,Madhav Pharma
4569,Biogyn Pharmaceuticals
4570,Alexcyl Healthcare Pvt Ltd
4571,Crestmed Pharmaceuticals Private Limited
4572,Zoticus Pharmaceuticals
4573,Gracious Biotech
4574,Articon Labs Pvt Ltd
4575,Ceecure Pharma Pvt Ltd
4576,Sovan Biosciences Pvt Ltd
4577,Celera Pharma Pvt Ltd
4578,Medibluence Pharmaceuticals LLP
4579,Dawn Pharmaceuticals Pvt Ltd
4580,Branko Pharmaceuticals
4581,Nova Lifesciences Pvt. Ltd.
4582,SS Healthcare
4583,Nicholas Healthcare Limited
4584,Indospectrum Pharmaceuticals Pvt. Ltd.
4585,Phrenos Pharma Pvt Ltd
4586,Sydney Life Science Pvt Ltd
4587,Erikson Pharmaceuticals Pvt Ltd
4588,Tanishq Lifecare
4589,Biovalence Skin Care
4590,Celecon Pharmaceutical Pvt Ltd
4591,Ram Lal Laboratories Pvt Ltd
4592,Strenuous Healthcare Pvt Ltd
4593,Bracewell Pharmaceuticals
4594,Excel Waves Labs Pvt Ltd
4595,Glenwin Healthcare Pvt Ltd
4596,Phoenix Remedies Pvt Ltd
4597,Definer Pharmaceuticals Pvt Ltd
4598,Seamac Formulations Pvt Ltd
4599,Sentinel Remedies
4600,Vkan healthcare
4601,Edura Pharmaceuticals Pvt Ltd
4602,Senen Biotech
4603,Triglobal Bioscience Pvt Ltd
4604,Nebulae Pharma
4605,Moral Pharmaceuticals
4606,Glowcures Life Sciences
4607,Medgenix Pharma India Pvt Ltd
4608,Regardia Pharmaceuticals
4609,Medville Healthcare
4610,Henry Pharmaceuticals
4611,Cleveland Pharmaceuticals India Private Limited
4612,Zovilon Healthcare Private Limited
4613,Orbit Biocare
4614,Zeus Pharma
4615,GeoNettle Pharma Pvt Ltd
4616,Secure Healthcare India Pvt Ltd
4617,Sanray Derma Pvt Ltd
4618,CMG Pharmaceuticals
4619,Bengal Lifesciences
4620,Evarex Pharmaceuticals Pvt Ltd
4621,Wonder Theraputics Pvt Ltd
4622,Nusearch Organic
4623,Xenomics Pharmaceuticals Pvt Ltd
4624,Clamed Healthcare Pvt. Ltd.
4625,Devoir Lifesciences Pvt Ltd
4626,Leopold Healthcare LLP
4627,Hallmark Formulations Pharmaceuticals
4628,Dr Pearl Pharmaceuticals
4629,Siroy Lifesciences
4630,Simaios Healthcare Private Limited
4631,Win Health Pharma
4632,Cornel Pharmaceuticals Pvt Ltd
4633,Nigella Biotech
4634,Zepsilon Healthcare Pvt Ltd
4635,Cosway Biosciences
4636,Talohsty Medmark Pvt Ltd
4637,Remph Lifesciences
4638,Renova Life sciences Pvt Ltd
4639,Max pharma
4640,Renata Healthcare
4641,Incus Pharmaceuticals Pvt Ltd
4642,Mediscot Pharmaceutical
4643,Doschemen Pharmaceuticals
4644,Rockwood Healthcare
4645,Cijor Biosciences Pvt Ltd
4646,Frankfurt Pharma Pvt Ltd
4647,Inqor Pharmaceuticals Private Limited
4648,Candle Pharmaceuticals
4649,Aviance Healthcare Pvt Ltd
4650,Modern Laboratories
4651,Anris Healthcare India Pvt Ltd
4652,Cieo Remedie
4653,Neuropex Pharmaceuticals Pvt. Ltd.
4654,Pasco Pharmaceuticals
4655,Solar Life Sciences Medicare Pvt Ltd
4656,Scutonix Lifesciences Pvt Ltd
4657,Shadye-Lynn Remedies
4658,Pranyog Healthcare
4659,M & B Laboratories
4660,Kaiser Drugs Pvt Ltd
4661,Lyka Labs
4662,Pluzine Healthcare
4663,Procyon Life Sciences Pvt Ltd
4664,SR Medicare Pvt Ltd
4665,VMedi-Care Pharma
4666,NGS Biotech Pvt Ltd
4667,Depsons Healthcare
4668,Croire Healthcare Pvt Ltd
4669,Conch Healthcare Pvt Ltd
4670,Medizen Therapeutics Industries
4671,Lnr Pharma
4672,Dravya Healthcare
4673,Unijoy Remedies Pvt Ltd
4674,Caregenex Healthcare Pvt Ltd
4675,Wellix Healthcare
4676,Triglobal Lifesciences Private Limited
4677,SR Biotech
4678,Sympar Life Sciences
4679,Denzai Innovations & Therapeutics Pvt Ltd
4680,Sharing Formulations Pvt Ltd
4681,Dharam Lifesciences
4682,Maxheal Pharmaceuticals (India) Ltd
4683,Rejuven Pharma
4684,Care Us Pharmaceutical Private Limited
4685,Ziza Organics Pvt Ltd
4686,Spark Healthcare Pvt Ltd
4687,Medilead Pharmaceuticals
4688,Solvy Remedies Pvt Ltd
4689,Tyrant Pharma Pvt Ltd
4690,Cromson Pharma
4691,Curaxis Healthcare
4692,Asgen Pharmaceuticals Pvt Ltd
4693,Crimson Pharmaceuticals LLP
4694,Bhandaree Consumer Products Pvt Ltd
4695,Acel Pharma Pvt Ltd
4696,Nectar Pharma
4697,Gayzel Pharmaceuticals Pvt Ltd
4698,NYX Pharmaceutical Pvt Ltd
4699,Craveon Lifesciences Pvt Ltd
4700,Capella Pharmaceutical Private Limited
4701,Innovexa Healthcare Pvt Ltd
4702,Salvador Visiontech
4703,Earthmed Pharmaceutical Pvt Ltd
4704,Medler Pharmaceuticals
4705,Mitisha Pharma
4706,Caviar Dermacare
4707,Skoda Pharma
4708,Altova Healthcare
4709,Medial Pharma Ltd
4710,Impegno Pharmaceuticals Pvt Ltd
4711,Gem Pharmaceuticals Pvt Ltd
4712,Omnimol Meditechnics Pvt Ltd
4713,Neomed Health Care India Private Limited
4714,Bestel Laboratories Pvt Ltd
4715,Shomika Pharmaceutical
4716,Sunmarker Pharma
4717,Medmerus Life Sciences
4718,Life Science Bio-Tech India Pvt Ltd
4719,Torance Healthcare Pvt Ltd
4720,Zodak Healthcare
4721,LA Grande Pvt Ltd
4722,Mrna Biotech Private Limited
4723,RR Pharmacia
4724,ANG Lifesciences India Ltd
4725,Casid Pharma
4726,Kameo Pharma Products Private Limited
4727,Evangel Labs Pvt Ltd
4728,Alfa Igra Inc
4729,Sayre Therapeutics Pvt Ltd
4730,Bio-Med Pvt Ltd
4731,Edric Pharmaceuticals
4732,Clariant Pharmaceuticals Pvt Ltd
4733,Fertilesure Pharma
4734,Mediprio Pharmaceuticals pvt ltd. Ltd.
4735,Levenr Pharma
4736,Pigeon India Pvt. Ltd
4737,B.J.Healthcare
4738,Exito Pharma
4739,Iris Pharmaceuticals Pvt Ltd
4740,KPH Cosmos Pvt Ltd
4741,Pure Health Products Pvt Ltd
4742,Lifeline Biotech Ltd
4743,Curax Pharma
4744,Genetiac Pharma
4745,United Formulations Pvt Ltd
4746,Evaxo Pharma
4747,S P Pharma
4748,Zedawn Life Sciences Pvt Ltd
4749,NeoSun Biotech India Pvt Ltd
4750,Khevo Pharmaceuticals Pvt. Ltd.
4751,Euro Biogenics
4752,Panbross Pharmaceuticals Pvt Ltd
4753,JM Laboratories
4754,Biidhiivatt Pharma Pvt Ltd
4755,Rezcrit Healthcare
4756,Human Rise Pharma Pvt Ltd
4757,Pictus Pharmaceutical Pvt Ltd
4758,Invasion Pharmaceuticals Pvt Ltd
4759,Intrawin Healthcare
4760,Emkay Sales Corporation
4761,Zymes Bioscience Pvt Ltd
4762,Wellfort Healthcare LLP
4763,Corcus Healthcare Pvt Ltd
4764,Zidwell Healthcare
4765,Manlac Pharma
4766,Sioux K Healthcare India Pvt Ltd
4767,Glasston Pharmaceutical
4768,Neurolife Pharmaceuticals Pvt Ltd
4769,Kinetic Lifescience (OPC) Pvt Ltd
4770,Ultichem Pharmaceuticals Pvt Ltd
4771,Posilive Pharmaceuticals
4772,McW Healthcare
4773,Mepfarma India Pvt Ltd
4774,Chiros Pharma
4775,Damsa Pharma
4776,NG Healthcare Pvt Ltd
4777,Crizon Healthcare Pvt Ltd
4778,Rasco Life Sciences Pvt Ltd
4779,Emerge Pharma Pvt Ltd
4780,Medvihas Healthcare
4781,Health Plan
4782,Holy Lifesciences
4783,Uni Labs
4784,Arya Lifesciences Pvt Ltd
4785,Relphia Lifesciences
4786,Oshin Laboratories Pvt Ltd
4787,Safecon Lifesciences
4788,Crossed Fingers Organics Private Limited
4789,Oriva Lifesciences Pvt Ltd
4790,Corpus Callosum
4791,Clarianz Pharmaceuticals Pvt Ltd
4792,Zinnia Life Sciences
4793,E.G Pharma Pvt Ltd
4794,Caris Labs LLP
4795,Magpie Labs Pvt Ltd
4796,Shantha Biotech
4797,Efficus Life Sciences And Pharmaceuticals Pvt Ltd
4798,Cerspin Healthcare Pvt Ltd
4799,Roman Lifesciences Pvt Ltd
4800,Corolla Pharmaceutical Pvt Ltd
4801,Bryogen Pharmaceuticals Pvt. Ltd.
4802,PCM Biotech
4803,Cassopeia Pharmaceuticals Pvt Ltd
4804,Cell Biotic
4805,Centurion Remedies Pvt Ltd
4806,Redmed Medical Services
4807,Medrex Pharma
4808,Lexiphar Healthcare
4809,Albatross Healthcare Pvt Ltd
4810,Authentic Biotech
4811,Rexion Heathcare Pvt Ltd
4812,Cortex Medipharma Pvt Ltd
4813,Leenate Pharma Pvt Ltd
4814,Docheal Pharma Pvt Ltd
4815,Akognos Life Sciences
4816,Nuemrsn Pharma
4817,Surien Pharmaceuticals
4818,Unitek
4819,Imed Healthcare
4820,Talin Remedies
4821,Occuvea Pharmaceuticals Private Limited
4822,Integrated Laboratories Pvt Ltd
4823,United Laboratories India Pvt Ltd
4824,Unicorn India
4825,Cruentus Pharmaceutical Pvt Ltd
4826,Therdose Pharma Pvt Ltd
4827,CHD Lifescience Pvt Ltd
4828,Cosmopack Pvt Ltd
4829,Pacific Meditech Pvt Ltd
4830,KAINOSIS PHARMACEUTICALS
4831,Exide Healthcare Pharmaceuticals Private Limited
4832,Biotas Health Care Pvt Ltd
4833,Crystomed
4834,Shivaism
4835,Octaglo Laboratories Pvt Ltd
4836,Orcalo Lifesciences
4837,Rose Pharmaco Pvt Ltd
4838,Marquess Genetica Pharmaceuticals Pvt Ltd
4839,Zorris Lifesciences
4840,Smaco Biocon
4841,Vcs Pharmaceuticals Private Limited
4842,Owshadh Pharmaceuticals
4843,Mediaim Pharmaceutical
4844,Starex Pharmaceuticals
4845,Swede India Healthcare
4846,Sehwin Healthcare Private Limited
4847,Matish Healthcare
4848,Mancure Drugs Pvt Ltd
4849,Vivaceutical
4850,Rlv Lifesciences Private Limited
4851,Saven Remedies Private Limited
4852,Delon Lifescience LLP
4853,Oracle Health Park Pvt Ltd
4854,Clabert Lifesciences Pvt Ltd
4855,Claret Life Sciences Llp
4856,Arkamed Pharmaa
4857,Hermas Biotech Pvt Ltd
4858,Infutec Healthcare Limited
4859,Stiefel India Pvt Ltd
4860,Budhani Pharma Pvt.ltd.
4861,Kiansons Formulation Pvt Ltd
4862,Progen Nutraceuticals Pvt Ltd
4863,Sidman Pharmacia
4864,Medicine & Kure
4865,Sms Life Care Pvt Ltd
4866,Modgal Pharmaceuticals Pvt Ltd
4867,Hindustan Latex Ltd
4868,Suzan Pharma
4869,Cardivista
4870,Latmad Pharmaceuticals
4871,Maxcare Lifesciences
4872,Radius Drug Pvt Ltd
4873,Dr. Day Pharma
4874,Bio Medicx Readifine Health Care
4875,Allminds Labs Pvt Ltd
4876,Vista Life Sciences Pvt Ltd
4877,Aravali Pharmacals
4878,Orgus Healthcare
4879,SG Pharma
4880,Threos Healthcare Pvt Ltd
4881,Rhumasafe Pharmaceutical
4882,D.S. Lab
4883,Zering Smith Lifesciences
4884,Carin Life
4885,Sahaj Pharmaceuticals Pvt Ltd
4886,Corem Pharma Pvt Ltd
4887,Rachil Remedies Pvt Ltd
4888,Sarmain Pharmaceuticals
4889,Anchal Lifescience Pvt Ltd
4890,Sunaxa Pharma
4891,Life Organics Bpl
4892,Senberk Pharmaceuticals Private Limited
4893,Vaishali Pharma Ltd
4894,Welcott Lifesciences Pvt Ltd
4895,DR JOHN LAB PHARMA PVT. LTD.
4896,Senzan Pharmaceuticals
4897,Seqmed Lifesciences Pvt. Ltd.
4898,Biogen Idec Biotech India Pvt Ltd
4899,Segment Care
4900,Emphasis Pharma Pvt Ltd
4901,Daffodil Drugs Pvt Ltd
4902,Telpha
4903,Genetic Lifesciences
4904,Nimvas Dermacare
4905,Oryzer Biotec Pvt Ltd
4906,M K Pharma
4907,Biosciences Pharmakon
4908,Keeo Pharma
4909,Uniprixx Laboratories Private Limited
4910,Allan Biotech
4911,Glaxosmithkline Asia Pvt Ltd
4912,Axilgrow Healthcare
4913,Vesuvius Pharma Private Limited
4914,Fast cure Pharma
4915,Wallrey Pharmaceuticals
4916,Flaxelle medicare pvt ltd Ltd
4917,Sherwyn Pharmaceuticals Pvt Ltd
4918,Abenava Medi Pharma Pvt Ltd
4919,Valtin Health Care Pvt. Ltd.
4920,Zytek Pharmaceuticals
4921,MNW Life Sciences
4922,Kiran Pharmaceutical
4923,Quantis Biotech India Pvt Ltd
4924,Vita Bona Lifesciences
4925,Dagon Pharmaceuticals Pvt Ltd
4926,Chemida Labs Pvt Ltd
4927,North Corp Life Sciences
4928,Nutron Pharma
4929,Jiomed Healthcare Pvt Ltd
4930,Medilente Pharma Pvt Ltd
4931,Lifezest Pharmaceutical Private Limited
4932,Lexica Drugs & Formulations Pvt Ltd
4933,Galgoties Pharmaceutical Pvt Ltd
4934,Menida Healthcare
4935,Orven Pharma
4936,Dynamark Life Sciences Private Limited
4937,Silantro Pharma Private Limited
4938,Sankalp Pharmaceuticals Private Limited
4939,Livewort Labs Pvt Ltd
4940,Kavya HealthCare
4941,ARP Pharma
4942,Alcale Healthcare
4943,Qrative Care
4944,Vision Biotech
4945,Ceutica and Chemie Healthcare Pvt Ltd
4946,Medipha India Laboratories
4947,Astrum Genetica
4948,Trost Medicare Pvt Ltd
4949,N.S Pharmaceuticals
4950,Krishbaj India Pharmaceuticals Pvt Ltd
4951,Medicaman Biotech Ltd
4952,Clarisse Pharmaceuticus
4953,Mauline India Pvt Ltd
4954,Purewin Labs Pvt Ltd
4955,Macro Pharmaceuticals
4956,Nilkanth Lifescience Pvt Ltd
4957,Astra IDL MAX
4958,Nordic Pharmaceuticals Ltd
4959,Oraliv Pharmaceuticals
4960,Osiris Healthcare
4961,Harrison Healthcare
4962,Iaomai Therapeutics
4963,Retro Life Sciences
4964,GNF Ethicals
4965,Zenacia Life Sciences
4966,Sixth Sense Retail Pvt Ltd
4967,Pardys Healthcare
4968,Xellence Laboratories
4969,Glosun Pharma Pvt Ltd
4970,Donnel Healthcare Pvt Ltd
4971,Pinnacle Medicare Pvt
4972,Umbrella Biotech
4973,Care Biochemicals Pvt Ltd
4974,Cataliq Laboratories Pvt Ltd
4975,Trivag Lifesciences Pvt Ltd
4976,Remedio Pharmacon
4977,Greek Pharma
4978,Sibr Life Sciences Private Limited
4979,Cambist Biotech Pvt Ltd
4980,Myrica Healthcare Private Limited
4981,Medi Heal Pvt Ltd
4982,Ramkes Life Science
4983,Siba Lifesciences
4984,Riki Therapeutics
4985,Shrine Pharma
4986,Ayurlife Remedies Pvt Ltd
4987,Medius Biotech
4988,AP Medicare
4989,Relicon Pharmaceutical Pvt Ltd
4990,Cross Berry Pharma
4991,Cruise Pharmacia Pvt Ltd
4992,Zynoremedies Life Sciences
4993,Vibrant Healthcare Pvt Ltd
4994,SSR Biotech
4995,Pangea Pharma Ltd
4996,Columbus Biotech
4997,Ilmic Health Care Pvt Ltd
4998,Isonic Pharmaceuticals Private Limited
4999,Heal-thy Self Pharmaceuticals LLP
5000,Pushkar Pharmaceuticals Pvt Ltd
5001,Xyster Healthcare Pvt Ltd
5002,Canris Pharma India Pvt Ltd
5003,LeeMed Pharmaceuticals
5004,Malar Healthcare
5005,Coral Laboratories Ltd
5006,Drish Lifesciences Ltd
5007,Erma Life Sciences
5008,Rabnew Pharma
5009,Coastal Healthcare
5010,Resonance Laboratories Pvt Ltd
5011,Indian Drug Distributors Private Limited
5012,Phycrus Remedies
5013,Orchis Pharma
5014,"Country Life, LLC"
5015,Universal Medikit
5016,Safetech Formulation
5017,Mancop Remedies
5018,Cerovene Healthcare Pvt Ltd
5019,Carewell Healthcare
5020,Lucent Biotech Ltd
5021,Gmm Human Care Private Limited
5022,Rhone-Poulenc India Ltd
5023,Sunrise International Labs
5024,Enegix Healthcare
5025,Vish Lifecare Pvt Ltd
5026,Udik Pharmaceuticals Pvt Ltd
5027,Vin Medsure India Pvt Ltd
5028,Sifco Pharma
5029,Pharmcure Health Care
5030,Core Pharmaceuticals Ltd
5031,Zumax Biocare
5032,Alports Healthcare Pvt Ltd
5033,Mamta Pharmaceuticals
5034,Clarisel Healthcare Pvt Ltd
5035,Carolene Therapeutics Pvt Ltd
5036,Causeway Pharma
5037,Rikaltis Healthcare
5038,Sysmed Laboratories Pvt Ltd
5039,Unikid Healthcare
5040,Turio Pharmaceuticals Pvt.Ltd
5041,Akul Pharma
5042,Gilpod Healthcare
5043,Cavalry Laboratories (P) Limited
5044,Galenica Ltd
5045,Shamsri Pharma Pvt Ltd
5046,Zubex Pharmaceuticals
5047,Nihit Pharmaceuticals Pvt Ltd
5048,Shasun Pharmaceuticals Ltd
5049,Elwiss Biotech Private Limited
5050,Mikail Pharma Private Limited
5051,Spey Medical Pvt Ltd
5052,Dr Derma Expert Skin Care & Cure
5053,Vrovwen Biologics Pvt Ltd
5054,Orley Laboratories Pvt Ltd
5055,Haryana Formulations Pvt Ltd
5056,Raxin Health Care
5057,Salsim Pharma Pvt Ltd
5058,Citadel Fine Pharma Pvt Ltd
5059,Augment Remedies
5060,Healthlon Pharmaceuticals
5061,Trikut Humanities Bio Science Pvt Ltd
5062,Make Life Pharmaceutical
5063,Kuresys Labs
5064,D C M Laboratories
5065,Natchem Pharma
5066,Medi Organics
5067,Elcure Pharmaceuticals
5068,Royal Pharma
5069,Waylone Healthcare Pvt Ltd
5070,Conical Pharmaceuticals
5071,Dhara Formulation Pvt Ltd
5072,Avtix Health (India) Private Limited
5073,Novae Healthcare Pvt Ltd
5074,World Healthcare Pharma
5075,Essel Pharmaceuticals Pvt Ltd
5076,Intracin Pharmaceuticals Pvt Ltd
5077,Kalash Pharmaceuticals
5078,Duram Pharmachem Pvt Ltd
5079,Jassons Formulations
5080,MPS Life Sciences Pvt Ltd
5081,Saykam Pharmaceuticals
5082,Novagen Pharmaceuticals
5083,Merlyn Biotech
5084,HLL Lifecare Ltd
5085,Notus Pharmaceuticals Pvt Ltd
5086,Maan Pharmaceuticals Ltd
5087,Mac Remedies Pvt Ltd
5088,Alidac Genetics & Pharmaceuticals
5089,Gautam Pharma
5090,Panchpedh Pharma Pvt Ltd
5091,Swift Medicare Pvt Ltd
5092,Hy-Gro Chemicals Pharmatek Pvt Ltd
5093,Argen Lifesciences
5094,Crystal Variety Remedies Private Limited
5095,Cardea Biotech
5096,Indoclone Labs Private Limited
5097,Winystra Pharmaceuticals Pvt . Ltd.
5098,Sword and Shield Pharma Ltd
5099,Edmund Healthcare
5100,Ion Heathcare Pvt Ltd
5101,Nucleus Laboratories (India) Ltd
5102,Winself Healthcare Pvt Ltd
5103,Edallia Pharmaceuticals Pvt Ltd
5104,Klarvoyant Biogenics Pvt Ltd
5105,Mustwyn Organics Inc
5106,Glanto Pharmaceuticals
5107,Welcode pharmaceutical
5108,Raptam Healthcare
5109,Curex Pharma Pvt Ltd
5110,Unijules Life Science Ltd
5111,Pagnor Pharmaceutical Pvt Ltd
5112,Rubrics Healthcare Pvt Ltd
5113,Cytocare Formulations Pvt Ltd
5114,Chimak Health Care
5115,Spic Pharmaceuticals
5116,Exmed Health Care
5117,Xenovia Health Care Pvt Ltd
5118,Mask Life Sciences
5119,Emphaatic Pharmaceuticals Pvt Ltd
5120,Vokin Biotech Pvt Ltd
5121,Spectra Lifesciences Pvt Ltd
5122,Amyteez Healthcare Pvt Ltd
5123,Mexon Healthcare Ltd
5124,Zygal Pharmaceuticals Pvt Ltd
5125,Semsun Pharma Pvt Ltd
5126,Styx Lifesciences Private Limited
5127,Shri Balaji Medicare
5128,Vindcare Lifesciences
5129,GRS Laboratories Private Limited
5130,Xyata Life Sciences Pvt Ltd
5131,Octavia Labs Pvt Ltd.
5132,DCM Pharma Private Limited
5133,Naomi Laboratories Pvt Ltd
5134,Proteger India
5135,Mccoy Laboratories
5136,Omex Healthcare
5137,Ridill Healthcare Private Limited
5138,Alchemist Chemsynth Pharma Pvt Ltd
5139,Eva Biotech Pvt Ltd
5140,Medcalifornia Scientific Pvt Ltd
5141,Foi Pharmaceuticals Pvt Ltd
5142,Pharma Grid
5143,Constaeffective Pharma Pvt Ltd
5144,Lxmani Pharmaceuticales Pvt Ltd
5145,Raymond Pharmaceutical Pvt Ltd
5146,Trust Pharma
5147,Medroots Biopharma
5148,Torres Lifesciences
5149,Octavius Pharma Pvt Ltd
5150,Cyptus Healthcare Pvt Ltd
5151,Kriso Pharma
5152,Rose Pharmaceuticals & Healthcare Pvt Ltd
5153,Human Lifesciences
5154,Astria Biotech Pvt Ltd
5155,Steps and Smith Healthcure
5156,Obzone Pharmaceuticals Pvt Ltd
5157,Eshan Pharmaceuticals Pvt Ltd
5158,DMK India Healthcare
5159,Healthridge Pharmaceuticals Pvt. Ltd.
5160,Algerish pharma
5161,SunGlow Lifescience Pvt Ltd
5162,Mepromax Life Sciences Pvt Ltd
5163,Denis Chem Lab Ltd
5164,Gennova Biopharmaceuticals Ltd
5165,Bioguard Organics Ltd
5166,Valence Pharma
5167,Startell Bioceuticals
5168,D.J Laboratories Pvt Ltd
5169,Cutis Biologicals
5170,Fem Care Pharma Ltd
5171,Tidal Healthcare Pvt Ltd
5172,Vikram Laboratories
5173,Unison Healthcare
5174,Aprica HealthCare Pvt Ltd
5175,Pretium Pharmaceuticals
5176,Hindustan Antibiotics Ltd
5177,Wisteria Healthcare LLP
5178,Pharma Corp Inc Pvt Ltd
5179,Mednova Laboratories
5180,DS Pharma
5181,Doctov Pharmaceutical (OPC) Private Limited
5182,Healthon Lifesciences Pvt Ltd
5183,Glynis Pharmaceutical Pvt Ltd
5184,Astech Pharma Pvt Ltd
5185,Zither Labs
5186,Suremed Lifecare Pvt Ltd
5187,Q-Check Pharmaceuticals
5188,Mednox Health Care
5189,ST Sharda Lifescience Pvt Ltd
5190,Jubilant Generics Limited
5191,Everen Healthcare
5192,Instaray Pharmaceuticals
5193,Biomedica Life Science
5194,Doer Life Sciences
5195,Doctorsure Pharmaceuticals Pvt Ltd
5196,Danavish Healthcare
5197,Udai Pharmaceutical Pvt Ltd
5198,Meds Life Sciences
5199,Digilent Pharmaceuticals Private Limited
5200,Sturgen Healthcare
5201,Agonist Healthcare
5202,Bioelite Lifesciences Pvt Ltd
5203,Desons Therapeutics
5204,Devotion Healthcare Pvt Ltd
5205,Floris Skincare
5206,BSA Pharma Inc
5207,Biofelixer Healthcare
5208,Fenestra Pharmaceuticals
5209,Brave Heart Healthcare
5210,Renowed Life Sciences
5211,Edifice Healthcare
5212,Glarizonto Pharma
5213,Torgem Pharmaceutical Pvt Ltd
5214,Sherring Life Sciences
5215,Vrddhi Life Sciences
5216,Medcorpus Pharmaceuticals
5217,Minitoss Medicines
5218,Glorious Biotech
5219,Erinyle Pharma
5220,Granvalor Pharmaceuticals Pvt. Ltd.
5221,Digital Vision
5222,Eurozen Systems Private Limited
5223,Dewlife Pharmaceuticals Pvt. Ltd.
5224,Redyns Remedies
5225,Cradel Pharmaceuticals Pvt Ltd
5226,Medihealth Biotech Pvt Ltd
5227,Appena Life Pvt Ltd
5228,Zuiver Pharmaceuticals
5229,Realcade Lifesciences Pvt Ltd
5230,Faveo Pharmaceuticals
5231,Derma Edge Pharma Llp
5232,Neuracle Lifesciences Pvt Ltd
5233,Aurafia Pharmaceuticals
5234,Allysia Lifesciences Pvt Ltd
5235,6ipain Healthcare Pvt Ltd
5236,Dulcey Healthcare Private Limited
5237,Daniel Lifescience
5238,Kinjal Biotech Pvt Ltd
5239,Viltis Pharma Private Limited
5240,Enrich Health Care
5241,Deserve Life Sciences
5242,Arche Medichem Pvt Ltd
5243,Dan Laboratories
5244,Parangat Organics
5245,Innovcare Lifesciences Pvt Ltd
5246,Orange Healthcare Pvt Ltd
5247,Propel Healthcare
5248,Widcure Healthcare
5249,Renspur Health Care Private Limited
5250,Kedna Pharmaceuticals
5251,Rain Remedies
5252,Kaspar Pharma
5253,Benito Pharmaceuticals Pvt Ltd
5254,Novell Biolabs Pvt Ltd
5255,La Piel Biotech Pvt Ltd
5256,Sparkle Life Sciences Pvt Ltd
5257,Stellaire Biosciences Private Limited
5258,Surelife Remedies Pvt Ltd
5259,Drmashine Research Laboratory
5260,Vvyeth Pharmaceuticals Pvt Ltd
5261,Luco Pharmaceuticals
5262,Mediarch Healthcare Private Limited
5263,Red Planet Pharmaceuticals
5264,Magnum Pharmaceuticals
5265,Marigold Remedies
5266,Elance Health care Pvt Ltd
5267,Dvm Life Sciences Pvt Ltd
5268,Diosma Lifesciences Pvt. Ltd.
5269,PHC Healthcare Pvt Ltd
5270,Delizia Pharmaceutical Pvt Ltd
5271,Dazzle Pharma Pvt Ltd
5272,Mother Remedies
5273,Vensys Pharma
5274,Meraki Health
5275,Men-Care Pharmaceuticals
5276,Janus Life Sciences Private Limited
5277,Micro 2 Mega Healthcare Pvt Ltd
5278,Deltamed Remedies
5279,Geluk Pharma
5280,Norgam Medicaments Pvt Ltd
5281,Voluenta Pharmaceuticals Private Limited
5282,Plasoron biotech
5283,Welnex Bio
5284,Divinity Healthcare
5285,Swahaa Pharmaceuticals Pvt Ltd
5286,One Pharma Drugs & Pharmaceuticals Private Limited
5287,Kiefer Pharmaceuticals
5288,Doeshealth Systems Private Limited
5289,Monopharma Pvt Ltd
5290,Atlanta Healthcare
5291,Zumanix Remedies Private Limited
5292,Sparlife Healthcare
5293,Migliore Life Sciences
5294,Maxmed Health Care Private ltd
5295,Parx Life Science
5296,Troikk Cardiac Care Ltd
5297,Vito Therapeutics Pvt Ltd
5298,Nortech Remedies
5299,Kanvista Drugs Pvt Ltd
5300,Pharma Link Pvt Ltd
5301,Perpetual Pharmaceuticals
5302,Nahren Lifesciences
5303,Myren Life Science India Pvt Ltd
5304,Dano Vaccines & Biologicals Pvt Ltd
5305,Elera Pharma
5306,Drumas Pharmaceuticals Pvt Ltd
5307,Genip Pharmaceuticals Pvt Ltd
5308,Eshbilords Pharmaceuticals
5309,Opal Labs Pvt Ltd
5310,Dana Pharmaceuticals Pvt Ltd
5311,Aarti Life Science
5312,Ignyte Pharma
5313,Prisure Medicare
5314,Dee Pharma Ltd
5315,Gujarat Liqui Pharmacaps Pvt Ltd
5316,Morstella Biotech
5317,Varroc Lifesciences
5318,Lynderma Pharmaceuticals
5319,Sanus Life Sciences
5320,New India Company
5321,Blue Eye Pharmaceuticals
5322,Novah Pharmaceuticals
5323,Spica Remedies Private Limited
5324,Orama Life Sciences Private Limited
5325,Delight Biopharma Pvt Ltd
5326,Dizan Lifesciences
5327,Biostella Pharma (opc) Private Limited
5328,Norlis Life Sciences Pvt Ltd
5329,Ponoogun Healthcare Pvt Ltd
5330,Dr. DM Medicare & Research Pvt Ltd
5331,Glydus Remedies Pvt Ltd
5332,Morningg Life Pharmaceuticals Pvt Ltd
5333,Ethix Industries Inc
5334,Uniwell Medicare Pvt Ltd
5335,Numis Pharmaceuticals
5336,Cresol Pharmaceuticals Pvt Ltd
5337,Ddpl International Pvt Ltd
5338,D Cross Pharmaceuticals Pvt Ltd
5339,Respionix Healthcare Private Limited
5340,Indica Biolife Sciences
5341,Cantry Medico Pvt Ltd
5342,Deca Healthcare
5343,Yash Remedies
5344,Birotis life science private ltd
5345,Pinenut Life Care India Pvt Ltd
5346,Daffoworth Pharmaceutical Pvt Ltd
5347,Kendall Healthcare Pvt Ltd
5348,Alaric Healthcare Pvt Ltd
5349,Dhyana Pharma
5350,D.M. Care Biotech (P) Ltd
5351,Sebert Lifesciences
5352,Aspiro Natural
5353,Genera Hindustan Inc
5354,D'light Lifescience Pvt Ltd
5355,Derma Prime
5356,Prina Healthcare Pvt Ltd
5357,Affluential Pharmaceuticals Pvt Ltd
5358,Maxmin Pharma
5359,Infar India Ltd
5360,Spansa Pharmaceuticals Pvt. Ltd.
5361,Ameha Healthcare
5362,Zaria Pharmaceuticals Private Limited
5363,Taica Pharma
5364,Diva Health Care
5365,G1 Pharma
5366,NYG Pharmaceuticals Pvt Ltd
5367,Neos Healthcare
5368,Xion Pharmaceuticals Pvt Ltd
5369,Apex Formulations Pvt Ltd
5370,Kipss Health Pharma
5371,Aarsh Remedies Pvt Ltd
5372,Minii Life Sciences Pvt Ltd
5373,Glensmith Labs Private Limited
5374,Novo Medix Pharmaceutical Private Limited
5375,Ambitus Lifesciences
5376,Levent Biotech Pvt Ltd
5377,SH Healthcare Pvt Ltd
5378,Runyon Healthcare India Pvt Ltd
5379,Vinder Pharma
5380,Astrica Biomedics Pvt Ltd
5381,Sumeg Pharma
5382,DEO Pharmaceuticals Pvt Ltd
5383,Diocard Pharmaceuticals Private Limited
5384,Metis Pharma
5385,Skylight Pharmaceuticals Pvt Ltd
5386,Kindspirit Pharmaceutical
5387,Jyoti Healthcare Private Limited
5388,Kelvin Pharmaceutical Laboratories Pvt Ltd
5389,Jeen Lifesciences Pvt Ltd
5390,Jupiter Lifesciences Private Limited
5391,Anvi Pharmaceuticals
5392,Ncyte Pharma Private Limited
5393,Mentor Healthcare Pvt Ltd
5394,Talwar Pharma
5395,TBG pharma ltd
5396,Chemo India
5397,Allbrids Lifescience Pvt. Ltd.
5398,Biohexol Lifesciences
5399,Wecare Formulations Pvt Ltd
5400,Duramed Lifesciences Private Limited
5401,IQ Med Healthcare Pvt Ltd
5402,Estro Pharmaceuticals
5403,Fucom Lifesciences Private Limited
5404,Neelkanth Healthcare Pvt Ltd
5405,Doxis Laboratories
5406,Star Biomed Pvt Ltd
5407,Marc Pharma
5408,Oxytech
5409,Kaviva Life Sciences
5410,Divees Biotech
5411,National Chemical & Pharmaceuticals Works Pvt Ltd
5412,DR. Bakhariya Lifesciences
5413,Stanrock Lifesciences
5414,Amazeen Pharmaceuticals Pvt Ltd
5415,6th Skin Pharmaceuticals Pvt Ltd
5416,Dunamed Pharmaceuticals (P) Ltd
5417,Shamac Health Care Pvt Ltd
5418,Aletron Pharmaceuticals
5419,Loremchem Pharmaceutical
5420,Nami Lifesciences Pvt Ltd
5421,Sapiens Labs Pvt Ltd
5422,Optima Healthcare
5423,Doctors Life Sciences India Limited
5424,Ajapa Pharma Private Limited
5425,Zuno Pharmaceuticals
5426,Glexia Pharma Private Limited
5427,Scot Derma Private Limited
5428,Altruist Pharmacia Pvt Ltd
5429,Kutis Healthcare Pvt Ltd
5430,Lyrik Pharma
5431,Diverse Health Services
5432,Macwin Pharma
5433,Khushal Pharmaceuticals
5434,OSR Pharmaceuticals Pvt Ltd
5435,Sanvi Pharmaceuticals
5436,Namo Remedies
5437,Zydillac Biotech
5438,Pharmison Valentes Pharma Pvt Ltd
5439,Hedva Pharmaceuticals
5440,Durg Medicare
5441,Tyscon Pharmaceuticals
5442,Fiale Pharmaceuticals
5443,Franklin Remedies
5444,Jydem Bio Pharma Pvt Ltd
5445,Shripati Medicare LLP
5446,Dion Pharmaceuticals
5447,Vitality21 Biosciences Llp
5448,Magnus Pharma Pvt. Ltd.
5449,Ray Remedies Pvt Ltd
5450,Radisun Lifesciences
5451,Albiorix Pharmaceuticals Pvt Ltd
5452,3M India Limited
5453,HLD Pharmaceuticals
5454,Aprikose Pharmaceuticals Pvt Ltd
5455,Toran Biotech
5456,Defi Healthcare Pvt Ltd
5457,Loquat Healthcare Ltd
5458,Vesnik Molecules
5459,Dr Dee Ess Labs
5460,Macway Biotech Pvt Ltd
5461,Wellbird Pharma Pvt Ltd
5462,Nexicon Pharmaceuticals
5463,Brandoz Pharmaceuticals
5464,Pharmaaffiliates Healthcare
5465,Fysiq Pharmaceuticals
5466,Delight Medica Private Limited
5467,Kingsmed Pharma
5468,Semuns Laboratories
5469,Sigma Softgel Formulation
5470,Hydnora Medicare Pvt Ltd
5471,Medg Pharma
5472,Fortune Life Sciences Private Limited
5473,Saviour Health Care
5474,Scieniq Healthcare Pvt Ltd
5475,Grace Care Pharma
5476,Sansu Life Sciences
5477,Shrine Remedies Pvt Ltd
5478,Zaurac Healthcare
5479,Biocordis Pharmaceuticals Pvt Ltd
5480,Ablaze Life Science
5481,Malcom Pharmaceuticals
5482,Overra Healthcare Private Limited
5483,Assentus Biogenics Pvt Ltd
5484,Eryx Biotech
5485,Verve Healthcare Ltd
5486,Befit Pharma Private Limited
5487,Drati Pharmaceuticals Private Limited
5488,Okyano Pharma
5489,Sannova Biotech Pvt Ltd
5490,Kaansla Pharmaceuticals Private Limited
5491,Apoorva Drugs & Pharmaceuticals
5492,Alphard Pharmaceuticals Private Limited
5493,Nitin Lifesciences Ltd
5494,Docventures pharmaceutical Pvt Ltd
5495,Asian Life Sciences
5496,Badrivas Biotech Pvt Ltd
5497,Kerwin Formulations
5498,Smart Minds Healthcare Pvt Ltd
5499,Friends Pharma
5500,Shiny Pharmaceuticals Pvt Ltd
5501,Grownbury Pharmaceuticals Pvt Ltd
5502,Birz Pharmaceuticals
5503,Cephalon Healthcare
5504,Dazroz Pharmaceuticals Pvt Ltd
5505,Next Wave India
5506,Harmony Lifescience Pvt Ltd
5507,Trombone Pharma Pvt Ltd
5508,Fresh Focus Consumer Products Private Limited
5509,Keen Healthcare Pvt Ltd
5510,Remed Health Care Pvt Ltd
5511,Mimec Pharma Pvt Ltd
5512,Synonn Lifesciences Ltd
5513,Amedure Pharmaceuticals
5514,Raikar Pharmaceuticals Pvt Ltd
5515,Earth Biotech
5516,Medofy Pharmaceutical
5517,Wellsyskure Pharmaceuticals
5518,Associated Biotech
5519,Nexa Pharma
5520,Pray Healthcare
5521,Veejay Laboratories
5522,MSN Laboratories Ltd
5523,NSV Lifecare Pvt Ltd
5524,Blisson Medica Private Limited
5525,Oro Pharmaceuticals Pvt Ltd
5526,Raxter Pharma
5527,Maxzimaa Pharmaceuticals Pvt. Ltd.
5528,Berbrick Healthcare Pvt Ltd
5529,Skan Research Lab Pvt Ltd
5530,Radhe Medtech Pvt Ltd
5531,Elegant Cosmed Pvt Ltd
5532,Velisca Healthcare Private Limited
5533,Spenchem Pharmaceuticals Pvt Ltd
5534,Spectracare Laboratories Pvt Ltd
5535,Glaztar Lifesciences Pvt Ltd
5536,Reliable Pharma
5537,Labinduss Ltd
5538,Gavins Pharma Pvt Ltd
5539,Ekard Life Sciences Pvt Ltd
5540,Wellencia Lifesciences
5541,Epione Pharma Pvt Ltd
5542,Evalin Healthcare
5543,Thyone Health Care
5544,Desmark Formulations Pvt Ltd
5545,Embark Lifescience Pvt Ltd
5546,Neuro Lab India Private Limited
5547,Essar Formulations
5548,Medicom International Eyetech Pvt Ltd
5549,Karisca Healthcare Pvt Ltd
5550,Rudolf Basins Inc
5551,Viracare Pharma Private Limited
5552,Klingen Life Sciences Pvt Ltd
5553,Flaron Healthcare Pvt Ltd
5554,Ivaan pharmaceuticals
5555,Evasteo pharmaceuticals
5556,Bilberry Pharmaceutical Pvt Ltd
5557,Pasific Healthcare
5558,Pregna International Limited.
5559,Marine Lifescience
5560,USR Remedies
5561,B Braun Medical Pvt Ltd
5562,Forsis Healthcare
5563,Prerna Remedies
5564,Ess Pee Enterprises
5565,Elben Life Sciences
5566,Laissez Faire Pharmaceuticals Private Limited
5567,Enphamed Biotech Private Limited
5568,Zivago Pharma Private Limited
5569,Sinag Healthcare Pvt Ltd
5570,Harshika Pharma
5571,Folarix Pharmaceutical
5572,Wellesta Healthcare Pvt Ltd
5573,Aeclat Lifesciences Pvt Ltd
5574,Sachio Pharma Bangalore Private Limited
5575,Golden Aurum Pharmaceuticals LLP
5576,Fairdeal Formulations (India) Pvt Ltd
5577,Eva Pharmaceuticals
5578,Krish Care Remedys Pvt ltd
5579,Euro Health & Biosearch Pvt Ltd
5580,Samvee Pharmaceuticals Pvt Ltd
5581,Wych Elm Laboratories Limited
5582,Elixia Life Sciences
5583,Evans Healthcare
5584,Versa Pharmaceuticals Private Limited
5585,Jes Pharmacia Private Limited
5586,Zoemed Pharma
5587,Drugswell Pvt Ltd
5588,Zenska Life Sciences Pvt Ltd
5589,Flaring Formulations Pvt Ltd
5590,Hitzelberger Life Sciences Pvt Ltd
5591,Endocare India
5592,Eugenics Pharma Pvt Ltd
5593,Redosine Pharmaceutical Pvt Ltd
5594,Bellatrix Pharmaceuticals
5595,Origam Pharmocrats
5596,Elmac Remedies Private Limited
5597,Alercon Eyecare
5598,Vertex Pharmaceuticals
5599,San Fegan Biotech Pvt Ltd
5600,Convina Research Laboratory
5601,Lifeline Formulations Private Limited
5602,Nexeum Pharmaceuticals
5603,Optimuz Medicos Private Limited
5604,Esteve Pharma Pvt Ltd
5605,Rods N Cones Pharmaceuticals Pvt Ltd
5606,Otsuka Pharmaceutical India Pvt Ltd
5607,Sitrocs Zenetica India Pvt Ltd
5608,Coastal Biomedics
5609,Novashine Pharmaceuticals
5610,Gagnant Healthcare
5611,Stash Pharmaceutical Pvt Ltd
5612,Seron Pharma Pvt Ltd
5613,Achates Healthcare
5614,RSL Bioscience Pvt Ltd
5615,Evantas Biotech Pvt Ltd
5616,Volksmed Healthcare Pvt Ltd
5617,Mavin Pharmaceuticals
5618,Repens Healthcare India Pvt Ltd
5619,Elixir Healthcare Services
5620,Eldritch Pharmaceuticals Pvt Ltd
5621,Global Medicare Pharma
5622,Viento Healthcare
5623,Andro Lifecare Pharma
5624,Dermont Pharmaceuticals Pvt Ltd
5625,Welwart pharmaceutical Pvt Ltd
5626,Eurolife Healthcare Pvt Ltd
5627,Splendid Pharmaceuticals
5628,Eastcoast Healthcare
5629,Okinawa Pharma
5630,Re Lead Lifescience Private Limited
5631,Prontocure Pharma Pvt. Ltd.
5632,Noreva Healthcare
5633,Jivana Max Healthcare
5634,Timon Tender Care Pharmaceuticals Private Limited
5635,Elvis Labs Private Limited
5636,Maxis Life Sciences
5637,Medicare Pharma
5638,Eco Med Remedies Pvt Ltd
5639,Exodrug
5640,Nirvonix Healthcare LLP
5641,Zadine Rumbs Ltd
5642,Aranox Pharma Pvt Ltd
5643,Gracevera Pharma
5644,Biostreak Pharmaceuticals
5645,Fibrica Healthcare Pvt Ltd
5646,Arretta Pharmaceuticals Pvt Ltd
5647,Europa Healthcare Pvt Ltd
5648,Medo Chem Lab Pvt Ltd
5649,Unipower Pharmaceuticals Pvt Ltd
5650,Xencare Lifesciences Pvt Ltd
5651,Nutri Synapzz Therapeutis Pvt Ltd
5652,Unison Laboratories
5653,Nector Pharmaceuticals
5654,Efrosine Healthcare Private Limited
5655,Diasha Lifesciences
5656,Euploid Pharmaceuticals Pvt Ltd
5657,Leut Healthcare Pvt Ltd
5658,Relics Pharmaceutical Private Limited
5659,Tradmod Lifesciences Pvt Ltd
5660,Lovis Laboratories Private Limited
5661,Strivos Pharma
5662,Edoc Life Sciences Pvt Ltd
5663,Kapuan Healthcare
5664,Evirun Pharmaceuticals
5665,Newmedd Pharmaceuticals Private Limited
5666,Waypham India Pvt Ltd
5667,Aceon Pharma
5668,Izen Pharmaceuticals Pvt Ltd
5669,Neuborn Life Science
5670,Eddy Pharmaceuticals
5671,Kumar Lifesciences
5672,Era Pharmaceuticals
5673,Kronos Healthcare
5674,Haaldane Laboratories Pvt Ltd
5675,Esperer Onco Nutrition Private Limited
5676,Force India Pharma
5677,Wilymed Pharmaceuticals Private Limited
5678,BNK Health Care
5679,Santeforeva Healthcare Pvt Ltd
5680,Trugen Pharmaceuticals Pvt. Ltd
5681,Fullife Healthcare Pvt Ltd
5682,Mediwood Healthcare Pvt Ltd
5683,Sentire Pharmaceutical India Pvt Ltd
5684,Jaslynn Healthcare
5685,Kiva HealthCare
5686,Spica Lab
5687,Era Labs Healthcare Pvt Ltd
5688,Esvy Life Sciences
5689,Harvey Laboratories Private Limited
5690,Empire Drugs
5691,J M PHARMA PVT LTD
5692,Aapthi Pharma
5693,RSV Health Solutions
5694,Fyzomax Pharmaceuticals Private Limited
5695,Nichepharm
5696,Shelton Pharmaceuticals Pvt Ltd
5697,ACS Pharmaceuticals
5698,Seavens Pharmaceuticals Pvt. Ltd.
5699,Perfect Remedies
5700,Iuvenis Healthcare Private Limited
5701,Spairowell Dermacare
5702,Elured Labs Pvt Ltd
5703,Louies Life Sciences
5704,Brystlekone Pharma
5705,Graciera Pharmacetuicals LLP
5706,Vix Pharma International
5707,Salvia Healthcare
5708,Nano Syn Organics Pvt Ltd
5709,Serverz Biotech
5710,Vasphar India
5711,Equvila Healthcare Private Limited
5712,Hind Pharma
5713,Jwell Pharmaceuticals Private Limited
5714,Soleus Pharmaceuticals Pvt Ltd
5715,Curo Prime Pharmax Private Limited
5716,Sugen Pharma Pvt Ltd
5717,Aoibhinn Pharma LLP
5718,Beline Pharmaceuticals Pvt Ltd
5719,Elnova Pharma
5720,Esperer Bioresearch Pvt Ltd
5721,Wits Biotech Pvt Ltd
5722,Elixir Remedies Pvt Ltd
5723,Eros Pharmaceuticals
5724,Bilasp pharma
5725,Eoan Pharma
5726,Sanitex Pharmaceuticals
5727,Babuline Pharma
5728,Star Plus Pharmaceuticals
5729,Aidwell Lifesciences Pvt Ltd
5730,Genesis Remedies Pvt Ltd
5731,Navysun Pharma
5732,Echo Laboratories
5733,Medstry Biotech Pvt Ltd
5734,Kay's Biotech
5735,Scion Pharma Pvt Ltd
5736,Escare Formulations Pvt Ltd
5737,Edeline Remedies Pvt Ltd
5738,Bioviz Technologies Pvt Ltd
5739,CGN Lifesciences Private Limited
5740,Elimed Healthcare Pvt Ltd
5741,Enamour Lifecare.
5742,Auromentis Pharmaceuticals
5743,M 2 Life Science
5744,Lezivia Life Sciences
5745,El Shaddai Biologicals Ltd
5746,Trumedis Pharmaceuticals
5747,Hindus Pharma Private Limited
5748,Sandhya Healthcare Remedy Impel Pvt Ltd
5749,Hfa Pharma Ethics Private Limited
5750,Efficace Pharmaceuticals Private Limited
5751,Uniqure Healthcare Private Limited
5752,Ria Lifesciences Pvt Ltd
5753,Universal Pharma
5754,Tunes Pharma
5755,Doctors Choice Health Care India Pvt Ltd
5756,Elchemis Pharma
5757,Genusia Life Sciences
5758,Pious Bioteca
5759,Eberhart Life Sciences
5760,Tikish Pharmaceuticals
5761,Alvance Pharma
5762,Biomics Pharmaceuticals Pvt Ltd
5763,Edel Werk Biopharma Pvt Ltd
5764,Razekan Biolabs
5765,Iwynn Pharma Private Limited
5766,Ecstasy Biotech Pvt Ltd
5767,Pioneer Pharma
5768,Nidhi Pharmaceutical
5769,Omicron Pharma
5770,Anthrall Health Solutions
5771,Mavis Lifesciences
5772,Instanz Life Sciences Pvt Ltd
5773,Elrinon Healthcare Pvt Ltd
5774,Adamant Pharma
5775,Healthtronik Pharmaceuticals
5776,Sanjivani Drugs Pvt Ltd
5777,Ethics Lifecare
5778,HD Life Pharma
5779,Reunis Healthcare Pvt Ltd
5780,Erzek Pharmaceuticals Pvt Ltd
5781,Jollen Medicare Pvt Ltd
5782,Lebon Pharmaceuticals
5783,Krishna Pharma
5784,Manthan Pharma Pvt Ltd
5785,Ambrocia Life Sciences
5786,Alzer Pharma
5787,Altocare Lifesciences Pvt Ltd
5788,Vertex India Healthcare
5789,Mars Life Sciences Ltd
5790,Eqqus Pharmaceuticals Pvt Ltd
5791,Miza labs
5792,Kaahan Ayurveda
5793,Protectlife Healthcare Private Limited
5794,Emerlion Pharma
5795,Matrix Pharma Chem
5796,Earthill Healthcare Private Limited
5797,KCM Laboratories
5798,Om Biomedic Pvt Ltd
5799,Kaipro Healthcare Pvt Ltd
5800,Hydrate Lifescience
5801,Elpida Healthcare Pvt Ltd
5802,Barley Lentil Vitamins Pvt Ltd
5803,Indo Swiss Remedies Pvt Ltd
5804,Star Pharmaceuticals Pvt Ltd
5805,Inargo Medichem
5806,Ericure Remedies Pvt Ltd
5807,Alaxia Healthcare
5808,Wholesome Medtech Private Limited
5809,MRHM Pharma Pvt Ltd
5810,Decipher Labs Ltd
5811,Auxiliare Healthcare Pvt Ltd
5812,Foncer Pharma Pvt Ltd
5813,RSM Multilink LLP
5814,Viaveta Healthcare Pvt Ltd
5815,Quantaas Enterprises
5816,PSI India Pvt Ltd
5817,Craza Lifesciences Pvt Ltd
5818,Skin First Cosmeceutical
5819,Kj Laboratories Pvt Ltd
5820,Avenue Healthcare India Private Limited
5821,Exoplanet Pharmtech Pvt Ltd
5822,Serento Dermacare Pvt Ltd
5823,Newtrimed
5824,Square Pharmaceuticals Ltd
5825,Jaywin Remedies Pvt Ltd
5826,Tricorn Healthcare
5827,Splenz pharmaceuticals Pvt Ltd
5828,Perch Labs Ltd
5829,MIG Healthcare
5830,HRD Supra Healthcare
5831,Snomed Pharmaceutical Pvt Ltd
5832,Zenitiva Pharmaceuticals India Pvt Ltd
5833,Urihk Pharmaceutical Private Limited
5834,Hindustan Medicare
5835,Univictor Healthcare Pvt Ltd
5836,Hardmed Healthcare
5837,Aqua Labs
5838,Life Science Pharmaceuticals Private Limited
5839,Tabq Therapeutics
5840,Detox Remedies
5841,La-med Healthcare Pvt Ltd
5842,Eminent Healthcare
5843,Titan Bioscience Pvt Ltd
5844,Athena Medicare
5845,Biocute Life Care
5846,Pmed Healthcare
5847,Advamed Pharma
5848,Olamiken Lifescience Pvt Ltd
5849,Friska Nutraceuticals Pvt Ltd
5850,Skintra Lifesciences Pvt Ltd
5851,Human Care Remedies
5852,Freyn Pharmaceuticals Pvt Ltd
5853,Auxesia Life Sciences Private Limited
5854,KS Labs
5855,Johnson & Smith Co
5856,Medisearch Laboratories (Bombay) Private Limited
5857,Chiron Panacea Vaccines Pvt Ltd
5858,SVI Healthcare Pvt Ltd
5859,Helia Pharmaceuticals
5860,Colgen Pharma
5861,Figomed Health Care Pvt Ltd
5862,Solace Healthcare Pvt Ltd
5863,Heptagon Lifesciences Pvt Ltd
5864,Maxford Healthcare
5865,Bion Pharma
5866,Telic Pharma
5867,Pluto Organics
5868,Lap Farmacia Ltd
5869,Emgen Healthcare
5870,Unifab pharmaceuticals
5871,Alentica Pharmaceuticals Pvt Ltd
5872,Nec Pharmaceuticals
5873,Farmako Biotech
5874,Zynovia Lifecare
5875,Kia Lifesciences Pvt Ltd
5876,Asian Pharmaceuticals Pvt Ltd
5877,Finnmed Biotech Private Limited
5878,Gerrysun Pharmaceuticals Pvt Ltd
5879,Dellwich Healthcare LLP
5880,Daiwa Pharmaceuticals Pvt Ltd
5881,Nordic Pharmaceuticals Pvt Ltd
5882,Fugo Life Science Pvt Ltd
5883,Candor Medicare Pharmaceuticals
5884,Dermasense Pharmaceuticals
5885,Gospel Labs India Pvt Ltd
5886,Ameya Pharmaceuticals
5887,Medikind Lifesciences Pvt Ltd
5888,WIT Pharmalink Pvt Ltd
5889,Prophex Health Care Pvt Ltd
5890,Felix Health Park
5891,Sap Biotech (I) Pvt Ltd
5892,Kayra Innopharm Pvt Ltd
5893,Renakart Life Sciences Pvt Ltd
5894,Pendulum Lifesciences Pvt Ltd
5895,Vypa Laboratories
5896,Aarmed Formulation Pvt Ltd
5897,Ebx Healthcare Llp
5898,Novakind Bioscience Pvt Ltd
5899,Florian Lifesciences Private Limited
5900,Hellix Healthcare Pvt Ltd
5901,Optix Healthcare
5902,French Care Formulations
5903,Yes Pharma
5904,Universal Drug House Pvt Ltd
5905,Medright Biogenics Pvt Ltd
5906,Keris Pharma
5907,Optimus Pharma Pvt Ltd
5908,Alerick pharmaceuticals
5909,Feodra Dermatology Laboratories
5910,Medigen Life Sciences
5911,Redcliffe Hygiene private ltd
5912,Kaleon Laboratories
5913,Cogentrix Pharma
5914,San Biomedics Pvt Ltd
5915,Glareo Labs Private Limited
5916,Muffin Biotech
5917,Nayan Pharmaceuticals Limited
5918,Scope Pharma Pvt Ltd
5919,Fedes Medicos Pvt Ltd
5920,Rafflesia Life Sciences Pvt Ltd
5921,Eureka Pharma
5922,Sunlight Impex Private Limited
5923,Entro Labs Pvt Ltd
5924,Medic Pharma
5925,Stayer Pharma Pvt Ltd
5926,Antek Drugs Pvt Ltd
5927,Precise Formulation
5928,Alpine Lifescience Private Limited
5929,Medsign Biotech Pvt Ltd
5930,Medsky Healthcare
5931,Sunmax Pharma
5932,Petal Lifesciences
5933,Freesias Pharma Pvt Ltd
5934,Antilia Pharma Pvt Ltd
5935,Hollyhock Health Care Pvt Ltd
5936,Fine Formulations
5937,Healthcare Lifesciences
5938,Konverge Healthcare Pvt Ltd
5939,Bioasia Lifesciences Private Limited
5940,J.K. Pharma
5941,Femura Pharma
5942,Prevento Remedies Corporation
5943,Fine Bio-Science Pvt Ltd
5944,Pharmalink Biotech
5945,Helisinki Pharmaceuticals Pvt Ltd
5946,Locus Pharma Pvt Ltd
5947,Lexa Labs
5948,Frank Biotic Remedies (India) Limited
5949,Phytochem Healthcare Pharmaceuticals
5950,Mapthon Pharmaceuticals Private Limited
5951,Lerasa Pharmaceuticals Pvt Ltd
5952,Neofalcon Lifesciences
5953,Indo-Asia Pharma Care
5954,Mehrith Lifesciences Pvt Ltd
5955,Winsys Lifescience
5956,Bharat Parenterals Limited
5957,Jaqson Healthcare Pvt. Ltd
5958,Aditya Biologicals Pvt Ltd
5959,GK Medicos
5960,Konkow Lab
5961,Max Medikit Labs Pvt Ltd
5962,Samridhi Pharmacare
5963,Syntro Health Care
5964,Brothers Pharma Pvt Ltd
5965,Sanogen Pharma Private Limited
5966,Orrin Pharma LLP
5967,Zensar Health Care
5968,Xieon Life Sciences Pvt Ltd
5969,N K Pharma Industries
5970,Mansin Pharma
5971,Ads Lifesciences Private Limited
5972,Flora and Fauna Remedies
5973,Scorleon Pharma
5974,Wyupharama
5975,Medwide Pharma
5976,Reqwell Pharma
5977,Maniph Life Sciences
5978,Vishesh Healthcare Solutions Private Limited
5979,Antik Biotech
5980,Verna Health Care
5981,Fillips Pharma
5982,Globin Pharmaceuticals Pvt Ltd
5983,Innovwell Pharmaceuticals Pvt Ltd
5984,Jovimag Lifesciences
5985,Carlton Dermatology
5986,Panzin Healthcare Private Limited
5987,Zoecia Healthcare
5988,Orville Biotek
5989,Aeretia Healthcare Pvt Ltd
5990,Wardex Pharmaceutical Pvt. Ltd.
5991,Bluemed Pharma Pvt Ltd
5992,Swast Aushadhi Seva Generic Medicine Store
5993,Adroit Biomed Ltd
5994,Metabolica Lifecare Pvt Ltd
5995,Mediste Pharmaceuticals Pvt Ltd
5996,Synergy Pharma Formulations India Pvt Ltd
5997,Asprant Life Science Pvt Ltd
5998,Maclan Pharmaceuticals Pvt Ltd
5999,Vaks Pharma
6000,Vanmed Pharmaceuticals Pvt Ltd
6001,Stance Biogenesis Pvt Ltd
6002,Alonsoa Lifesciences
6003,Baxium Healthcare
6004,Enovus Healthcare Pvt Ltd
6005,Genescience Lifecare I Pvt Ltd
6006,Zis Labs Pharmaceuticals
6007,Genspec Lifesciences
6008,New Life Laboratories Pvt Ltd
6009,Actiff Pharmaceuticals Private Limited
6010,Sebakind Private Limited
6011,Invig Healthcare Pvt Ltd
6012,Kreios Laboratries Private Limited
6013,Onestep Healthcare Pvt Ltd
6014,Nirvana India Pvt Ltd
6015,Lift Life Biotech Pvt Ltd
6016,Concept Biosciences India Private Limited
6017,Paradigm Pharmaceuticals Pvt Ltd
6018,Grivety Lifecare LLP
6019,Taurlib Pharmaceuticals Llp
6020,Biomax Life Sciences Ltd
6021,Premexa Lifesciences Private Limited
6022,Mansa Medi Impex
6023,Hy Tech Pharma
6024,GPS Pharma Pvt Ltd
6025,Albin Healthcare
6026,Mirasure Life Sciences Private Limited
6027,Metalis Lifesciences Pvt Ltd
6028,Glomat Pharmaceuticals
6029,Pigeon India
6030,Medlive Pharma Pvt Ltd
6031,Genpax Pharma
6032,Glivita Pharma Pvt Ltd
6033,Vpromote Health Pvt Ltd
6034,Lifegrace Pharmaceuticals Pvt Ltd
6035,Sat Pharma Pvt Ltd
6036,Tetrique Pharmaceuticals Pvt Ltd
6037,Lippincotts Pharmaceuticals
6038,Genees Pharmaceutical Pvt. Ltd.
6039,Glial Life Science LLP
6040,Sensus Pharmaceuticals
6041,Zeno Healthcare
6042,Merlion Lifescience Pvt Ltd
6043,Xemex Life Sciences
6044,Radiant Healthcare Private Limited
6045,Byby Healthcare
6046,Helix India
6047,Gedzrlvin Pharmaceuticals Pvt Ltd
6048,Secure Life Science India Pvt Ltd
6049,Genezen Healthcare
6050,Gorgeous Pharma Pvt Ltd
6051,Reps Pharmaceuticals
6052,Golgi Usa Research Laboratories LLP
6053,Cell Cure Pharmaceuticals Llp
6054,Axennic Pharmaceuticals Private Limited
6055,Wyzax Laboratories Pvt Ltd
6056,Oasis Laboratories Pvt Ltd
6057,Uniprogen Biotech Pvt Ltd
6058,Bioneutics Marketing
6059,Vesla Life Sciences Pvt Ltd
6060,Genial Medicaments
6061,Geomed Healthcare
6062,Biogen Pharmaceuticals
6063,Glovel Healthcare Pvt Ltd
6064,Gardenia Health Solutions
6065,Royal Scottish Remedies
6066,Hymax Healthcare Pvt Ltd
6067,Honolive Pharma LLP
6068,GPA Exim Private Limited
6069,GBK Healthcare
6070,4life Pharmaceuticals Pvt Ltd
6071,Hypill Pharmaceuticals Pvt Ltd
6072,Ellora Pharma Pvt Ltd
6073,Jrb Lifesciences Private Limited
6074,Makeway Formulations Pvt Ltd
6075,Infocus Remedies
6076,Stoics Pharma
6077,Msea Pharma
6078,Ideal Healthcare Pvt Ltd
6079,Gavisun Healthcare
6080,Zen Medica Pvt Ltd
6081,Dazzle Medicare
6082,Dermaglaze Pharma Private Limited
6083,Hansh Pharmaceuticals
6084,Ashvik Pharmaceuticals
6085,Mblaze Pharmaceuticals
6086,Actawin Lifesciences Pvt Ltd
6087,Brigade Pharmaceuticals Pvt Ltd
6088,Gaylon Health Care Pvt Ltd
6089,Pagoda Pharmaceuticals
6090,Shri Pharmaceuticals
6091,Bio John Healthcare Pvt Ltd
6092,Medigreen Pharmaceuticals
6093,Katzung Pharmaceuticals Pvt Ltd
6094,Innate Biotech Pvt. Ltd
6095,Shawna Pharmaceutical Private Limited
6096,Grievers Remedies
6097,Generix Lifesciences Pvt Ltd
6098,Areena Healthcare
6099,Velnik India Limited
6100,Zareenova Pharma
6101,Alixar Healthcare Pvt Ltd
6102,Vibzoe Pharmaceuticals India Private Limited
6103,Gemed Lifesciences Pvt Ltd
6104,Envian Life Sciences Pvt Ltd
6105,Maerr Healthcare
6106,Trio Pharmaceuticals Pvt Ltd
6107,Diabocare Pharmaceuticals
6108,Berlincleve Pharmaceuticals Llp
6109,Nuberg Pharmaceuticals Pvt Ltd
6110,Medirica Lifescience
6111,Hecure Health Care Pvt Ltd
6112,Saltire Remedies Private Limited
6113,Gynofem Heathcare Pvt. Ltd.
6114,Meditech Pharma World
6115,Medulla Pharmaceuticals Private Limited
6116,Guten Healthcare Pvt Ltd
6117,Nouveau Medicament Pvt Ltd
6118,Generous Mediwaves Pvt Ltd
6119,Macsis Life Sciences
6120,Dyson Pharma
6121,Caprice Healthcare Pvt Ltd
6122,Enrich Life Sciences Pvt Ltd
6123,Laclin Pharmaceuticals
6124,Sevida Pharma
6125,Raviolis Healthcare
6126,SRG Organic Foods India Private Limited
6127,Genera Labs
6128,Jacsims Pharmaceuticals
6129,Konniseri Pharmaceuticals Pvt Ltd
6130,Innocuous Pharmaceuticals Pvt Ltd
6131,Ebonics Healthcare
6132,Evdoxia Lifesciences Private Limited
6133,Avni Pharmaceuticals Private Limited
6134,Beckcem Drug International Pvt. Ltd.
6135,Harisons life Science
6136,NACC Pharmaceutical Pvt Ltd
6137,Glide International Pvt Ltd
6138,Kasnav Pharma
6139,Laenor Pharmaceuticals
6140,Azcad Pharmaceuticals Pvt Ltd
6141,Lucan Pharmaceuticals Private Limited
6142,Nirmalaya Pharmaceutical Pvt Ltd
6143,Galenicals India Pvt Ltd
6144,Vjovis Health Care Private Limited
6145,Krebz Healthcare Pvt Ltd
6146,Effitious Healthcare Private Limited
6147,Greyland Pharma Pvt Ltd
6148,Iynx Lifesciences Pvt Ltd
6149,Shreem Drugs Pvt Ltd
6150,Win Medicare Pvt Ltd
6151,Himsagar Laboratories Ltd
6152,Kasen Pharma Products Pvt Ltd
6153,Krishbaj Laboratories Pvt Ltd
6154,Hygen Healthcare Pvt Ltd
6155,Ritelth Medipharma Pvt Ltd
6156,Sai Mirra Innopharm Pvt Ltd
6157,Steadcare Lifesciences Pvt Ltd
6158,Ziel Pharmaceuticals
6159,Stadia Biotech
6160,BioMatrix Healthcare Pvt Ltd
6161,Mega Biosciences
6162,Greeniche Healthcare
6163,Oron Healthcare Pvt. Ltd.
6164,Synonym Healthcare Private Limited
6165,Oster Remedies
6166,Biozinik Healthcare Pvt Ltd
6167,Inrus Pharma Pvt Ltd
6168,Nephrostar Healthcare Pvt Ltd
6169,Sparshmart Pharmaceuticals Pvt Ltd
6170,Lenit Pharmaceuticals
6171,Zylig Lifesciences
6172,Q'RAS Pharmaceuticals
6173,Sk Laboratories Pvt Ltd
6174,Midway Lifesciences
6175,Saimark Biotech Pvt Ltd
6176,Creyon Pharmaceuticals
6177,Ytiliga Private Limited
6178,Lifeserve Med And Care Pvt Ltd
6179,Welcron Biotech Pvt Ltd
6180,Xseed Pharma Private Limited
6181,Plethico Pharmaceuticals Ltd
6182,Lead Star Pharmaceuticals
6183,Biocura Life sciences Pvt Ltd
6184,Caligen Labs Pvt Ltd
6185,Rhys Healthcare Pvt Ltd
6186,Greevaa Life Sciences Pvt Ltd
6187,Biomarks Drugs India Pvt Ltd
6188,Glide Pharma
6189,Laksun Lifesciences
6190,Coventic Pharma Private Limited
6191,Solano HealthCare Pvt Ltd
6192,Ronald Pharmaceuticals
6193,Glamcure Lifesciences Private Limited
6194,Haines Biotech Private Limited
6195,Vibgyor Vision Care
6196,Dollar
6197,Ichor Biologics Pvt Ltd
6198,SIRI
6199,Virchow Biotech Pvt Ltd
6200,Candure Medica Private Limited
6201,V.L Pharma
6202,URSA Pharm
6203,Medisurf Pharma
6204,Waylon
6205,Hexagon Lifesciences Pvt Ltd
6206,Cu-v-kar Genetic Medicine Private Limited
6207,D. D N`utritions India
6208,Mil Laboratories Pvt Ltd
6209,Nuevomed Organics
6210,Derma Concepts
6211,Hexadox Pharmaceuticals Pvt Ltd
6212,Synomed Healthcare
6213,DK Group Companies
6214,Trio Lifescience Pvt Ltd
6215,Pharmaforce Lab
6216,Peau Brillante
6217,Sidel India Pvt Ltd
6218,Anexas Pharmaceuticals
6219,Pharma Vision
6220,Procter & Gamble Hygiene and Health Care Ltd
6221,Zeuson Medicines Pvt Ltd
6222,Srb Life Science
6223,Unisarsh Pharmaceuticals Pvt Ltd
6224,Ckris Laboratories Pvt Ltd
6225,Hagnous Bioceuiticals Pvt Ltd
6226,Gurmail Brothers
6227,HP Pharmaceuticals Pvt Ltd
6228,Hermes Therapeutics Pvt Ltd.
6229,Eye Care Apple Pvt Ltd
6230,Seikomed Healthcare Pvt Ltd
6231,Medsmith Pharmaceuticals
6232,Sunmeck Pharma Pvt Ltd
6233,D R Johns Lab Pharma Pvt Ltd
6234,Hanna Pharmaceutical Supply Co. Inc
6235,JSR Pharma Private Limited
6236,Einoxy Lifesciences
6237,Bicon Healthcare
6238,Trimark Pharmaceuticals Pvt Ltd
6239,Heska Pharma
6240,Wellsa Pharmaceuticals Pvt Ltd
6241,Hector Healthcare Pvt. Ltd.
6242,HDA Lifesciences Pvt Ltd
6243,Albion Lifecare Pvt Ltd
6244,Synergy Diagnostics Pvt Ltd
6245,Medzo Healthcare
6246,Hex Pharmaceuticals
6247,Deevens Pharma
6248,Houston Scientific
6249,Amrona Medical Pvt Ltd
6250,Hyeto Pharmaceuticals Private Limited
6251,Erotas Pharmaceuticals Private Limited
6252,Medifuel Pharma
6253,Hermitus Health Care
6254,Bills Biotech Pvt. Ltd.
6255,Element Pharmaceuticals Pvt Ltd
6256,Bio Marilyn Pharmaceuticals Pvt Ltd
6257,Dr Arvind Lifescience Pvt Ltd
6258,Hindustan Laboratories
6259,Holly Organics Pvt Ltd
6260,Pharma India
6261,Solutia Pharma LLP
6262,Healthica Pharmaceuticals
6263,Bentley & Remington Pvt Ltd
6264,Insys Pharmaceuticals Pvt Ltd
6265,Renocare Pharmaceuticals Private Limited
6266,Instacure Healthcare Private Limited
6267,Iressia Life Sciences Private Limited
6268,Yuzderm Pharmaceuticals Pvt Ltd
6269,Neelkanth Medicare Private Limited
6270,N K Ethical Laboratories
6271,Virtuous Healthcare Limited
6272,Tarks Pharmaceuticals Private Limited
6273,Neptune Life Sciences Pvt Ltd
6274,Maxell Pharma Pvt Ltd
6275,Introgen Healthcare Pvt Ltd
6276,Roman Healthcare Pvt Ltd
6277,Renace Pharmaceuticals
6278,Iriska Pharmaceuticals Pvt Ltd
6279,Dermonova Pharma Pvt Ltd
6280,Innings Pharmaceuticals Pvt Ltd
6281,Irza Life Science Pvt Ltd
6282,Pace Pharmaceuticals
6283,Lyra Healthcare
6284,United Pharmaceuticals
6285,Papillon Pharmaceutical Pvt Ltd
6286,Isakura Healthcare Private Limited
6287,Beatum IT Solutions Pvt Ltd
6288,Innovative Life Sciences Pvt Ltd
6289,Sandeep Organics Lab
6290,Eastern Healthcare
6291,Ignyx Pharmaceuticals
6292,CAREMED PHARMA
6293,JVG Pharmaceuticals
6294,Immuna Life Sciences
6295,X-Med Medisciences
6296,Kashmik Formulation
6297,Kitnix Pvt Ltd
6298,Jimsun Life Sciences Pvt Ltd
6299,Zatine Cosmocon Pharma Pvt Ltd
6300,Pharmacon Biotech Private Limited
6301,Biogem Healthcare
6302,Jaycure Pharmaceuticals
6303,Vision Remedies
6304,Entice Pharmaceuticals
6305,Immortal Healthcare
6306,Glantis Pharmaceutical
6307,Lucid Pharmaceuticals
6308,Phaway Pharmaceuticals Private Limited
6309,Woriox Pharma Private Limited
6310,Immence Life Sciences Pvt Ltd
6311,Unispeed Pharmaceuticals Private Limited
6312,Infallible Pharma Pvt Ltd
6313,Genista Healthcare
6314,Adsila Organcis Pvt Ltd.
6315,Sumbiotic Pharmaceuticals Pvt Ltd
6316,Zexen Pharmaceuticals
6317,Leogard Pharmaceuticals Private Limited
6318,Keval Pharma
6319,Tahbert Healthcare Pvt Ltd
6320,Dr.Suris Life Sciences Pvt Ltd
6321,Injays Pharmaceuticals
6322,Ilex Biologicals Pvt Ltd
6323,Hinikam Drugs & Pharmaceuticals
6324,Stately Lifescience Pvt Ltd
6325,Pacific Biotech
6326,Ultra Biologicals
6327,Omega Biotech Ltd
6328,Hindayur Life Sciences Private Limited
6329,Herbotics Research Inc
6330,MB2 Medicare
6331,C & C Pharmaceutical
6332,Claro Pharmaceuticals Pvt Ltd
6333,Proventis Pharmaceuticals P Lt
6334,Zeytin Pharma Pvt Ltd
6335,Olycare Life Sciences
6336,Benatural Health Care Pvt Ltd
6337,Suvi Pharma Pvt Ltd
6338,Dermawiz Laboratories Pvt Ltd
6339,Novaegis India Private Limited
6340,La Revas Pharma Pvt Ltd
6341,Letouch Pharma
6342,Mascot Biotech (India) Private Limited
6343,Ikvans Pharma
6344,Teq Pharmaceuticals Pvt Ltd
6345,Raybros Medicaments Pvt Ltd
6346,Scutage Pharmaceuticals
6347,Scienza Healthcare Pvt Ltd
6348,Shivon Lifesciences Pvt Ltd
6349,Taksha Remedies Pvt Ltd
6350,Medigenesis Pharma Pvt Ltd
6351,Seraph Life Sciences Pvt Ltd
6352,Teknovations Life Science
6353,Lyza Laboratories India Pvt Ltd
6354,Sai Moreshwar Healthcare
6355,Patronage Pharma Private Limited
6356,Torenia Health Care Private Limited
6357,Tamman Titoe Pharma Pvt Ltd
6358,Dose16 Medicare
6359,UNIFIC Pharmaceuticals Pvt Ltd
6360,Dyochem Laboratories
6361,Ixontics Biosciences Private Limited
6362,Lunas Remedies
6363,Mecoson Labs Pvt Ltd
6364,Romz Pharmaceuticals
6365,Myopics Pharmaceuticals Pvt Ltd
6366,Krish Medicare
6367,Aagam Life Sciences Pvt Ltd
6368,Sowilo India Pharmaceuticals Pvt Ltd
6369,Soigner Medicament Pvt Ltd
6370,Medfe
6371,Vibsan Pharmaceuticals
6372,Livia Life Sciences
6373,Samajeswara Pharma Pvt Ltd
6374,Unisafe Technologies
6375,Lembos Pharmaceuticals LLP
6376,Jessuns Pharma
6377,Jodiac Pharmaceuticals
6378,Jk India Healthcare Pvt Ltd
6379,Jysmed Private Limited
6380,Vjolen Pharmaceutical
6381,Janjaes Pharmaceutical Private Limited
6382,Smithways Oncology Pvt Ltd
6383,Riocure Pharmaceuticals Pvt. Ltd.
6384,Juhi Life Science Herbal
6385,Maaxmus Life Sciences Private Limited
6386,Jibok Pharmaceuticals
6387,Syskem Pharmocrats
6388,Jian Pharmaceuticals
6389,Jayden Healthcare Pvt. Ltd.
6390,Jarrow Formulas Inc
6391,Jixon Pharmaceuticals Pvt. Ltd.
6392,Apus Life Pvt Ltd
6393,SJK Pharmaceutical Pvt Ltd
6394,Jeevan Pharma
6395,J.K Biotech
6396,J.P Biotech
6397,Joseph Lister Pharmaceuticals (P) Ltd
6398,Priya Life Science
6399,NVK Pharma
6400,Kavita Pharma Chem
6401,T.Walker's Pharmceuticals Private Limited
6402,Kotak Life Sciences
6403,Kalpataru Formulations Pvt Ltd
6404,Universal Life Sciences
6405,Kenzar Pharma World
6406,Karsan Healthcare
6407,Kenmed Pharma Private Limited
6408,Arjan Biotech
6409,Rakvin
6410,Keona Life Sciences Pvt Ltd
6411,Risen Pharmaceuticals
6412,Krontec Healthcare
6413,H&B Wellness
6414,Sterfil Laboratories Pvt Ltd
6415,Ario Pharma Pvt. Ltd.
6416,Alpic Life Sciences
6417,Pharmacia Health Care Ltd
6418,Malliot Pharmaceutical
6419,Kentossa Pharmaceuticals
6420,Nanshe Remedies
6421,Glydex Pharmaceutical
6422,Vimnat Pharmaceuticals
6423,Godiva Bioadvances Pvt Ltd
6424,Rindz Pharma
6425,Bestead Lifesciences Pvt Ltd
6426,Arka Vital Science Pvt Ltd
6427,Biocyte Organics Pvt Ltd
6428,Kesrox Pharmaceuticals
6429,Glamderma
6430,Kham Pharma
6431,Kelly Pharmaceuticals Pvt Ltd
6432,Orian Pharmaceuticals
6433,Krypton Global Health
6434,Kach Biotech
6435,Kaushcure Pharmaceuticals Pvt Ltd
6436,Omnax Pharmaceuticals Private Limited
6437,Kainos Curatives Pvt Ltd
6438,Nuvista Biocare
6439,Flysure Healthcare Private Limited
6440,Oviat Pharmaceutical Pvt Ltd
6441,Nuchem Laboratories Pvt Ltd
6442,Wellcuring Lifesciences Pvt Ltd
6443,Real Care Life Sciences
6444,Kind's Pharma
6445,Kifa Healthcare Pvt Ltd
6446,Maxkosh
6447,Vancorp Pharmaceuticals Private Limited
6448,Vilarsh Healthcare Pvt Ltd
6449,Keesan Pharma
6450,Kadion Pharma
6451,Keshav Healthcare
6452,MNC Healthcare Pvt Ltd
6453,Xperia Healthcare Private Limited
6454,Kou Kan Pharmaceutical Private Limited
6455,CRMS Pharmaceuticals Pvt Ltd
6456,Mediforce Pharma
6457,Mezzone Remedies Pvt Ltd
6458,HD Pharmaceuticals
6459,Key West Medicines Pvt Ltd
6460,Opes Pharmaceuticals
6461,Osheeka Pharmaceuticals
6462,Mastermind Pharma
6463,Kishri Pharma Private Limited
6464,Livia Healthcare LLP
6465,Artus Pharma Pvt Ltd
6466,Bausch and Lomb India Pvt Ltd
6467,Kribiz Healthcare Pharmacy
6468,CL Reddy Health Care
6469,Shridhara Lifesciences Pvt Ltd
6470,Miraj Biotech
6471,Riozen Pharmaceuticals
6472,Aimil Pharmaceuticals India Ltd
6473,Global Dent Aids Pvt Ltd
6474,Doctor Pharma
6475,Salvo Healthcare Pvt Ltd
6476,Skinwave India Private Limite
6477,Ambitree India Pvt Ltd
6478,Integrity Enterprises
6479,LuceVida Pharmaceuticals Pvt Ltd
6480,Accra Pac (India) Private Limited
6481,Safeguard Biotics Pvt Ltd
6482,Synod Pharmaceuticals Pvt Ltd
6483,Skyglow Pharmaceuticals Private Limited
6484,Zealina Life Sciences
6485,Lafiya Biotech
6486,Delbruk Lifescience
6487,Vbrace International
6488,Vigilant Life Sciences Pvt Ltd
6489,Sagar Pharmaceuticals
6490,Prisham Biotech Private Limited
6491,Lee Morten Life Sciences Pvt Ltd
6492,Nature Biotech
6493,Unitas Healthcare Private Limited
6494,Aroma Remedies
6495,DRS Alexia Pharma Pvt Ltd
6496,Onerous Pharma
6497,Elliot Biotech Private Limited
6498,Levanza Pharma Pvt Ltd
6499,Lynaz Pharma
6500,Mediwings Laboratories Pvt Ltd
6501,Lifestyle Bio Sciences Dermacare
6502,Renata Limited
6503,Saillon Pharma
6504,Axiom Laboratories
6505,I Care Medi
6506,Pisces Laboratories Private Limited
6507,Apple Pharmaceuticals
6508,Derris Pharmaceutical Llp
6509,Latika Biotech Pvt. Ltd.
6510,Sea Life Care
6511,Oxymed Pharma
6512,Carexia Healthcare LLP
6513,Cannote Healthcare
6514,Venbriss Healthcare
6515,Infra Pharmaceuticals Pvt Ltd
6516,Emco Biotech
6517,Prokure Life Sciences
6518,Optiderma Skincare LLP
6519,Nabarun Life Sciences
6520,Leenix Pharmaceuticals
6521,Pills India Lifecare Solutions
6522,New Life Global Healthcare
6523,Mancare Health Private Limited
6524,Maxlive Pharmaceuticals Pvt Ltd
6525,Lyric Pharmaceuticals Private Limited
6526,Ambrons pharma Pvt Ltd
6527,Lee Benz Life Science
6528,Kausikh Therapeutics Pvt Ltd
6529,Leewell Pharmaceuticals Pvt Ltd
6530,Truwin Pharmaceuticals Pvt Ltd
6531,Gastroenterology Life Sciences
6532,Gaba Care Pvt Ltd
6533,Linchpin Biosciences Pvt Ltd
6534,Lyrid Healthcare Pvt Ltd
6535,Wytro Mediez Pvt Ltd
6536,Sidmak Laboratories India Pvt Ltd
6537,Marion Biotech
6538,Irizer Laboratories India Private Limited
6539,Transcure Therapeutics Pvt Ltd
6540,Life Guard Pharma
6541,Progeniture Laboratories Pvt Ltd
6542,Smariton Laboratories Pvt Ltd
6543,Medsure Healthcare Pvt Ltd
6544,Deepar Pharmaceuticals Pvt Ltd
6545,Cynthus Biotech Private Limited
6546,Lavish Biotech
6547,Sano Life Sciences Pvt Ltd
6548,Gomez Healthcare
6549,Edifice Life Sciences Pvt Ltd
6550,Cure World Pharmaceutical
6551,Roxters Pharma
6552,Dal Pharma
6553,Sanomed Health Care
6554,Leksel Pharmaceuticals
6555,Lucida Pharmaceuticals Pvt Ltd
6556,Zegna Biotech
6557,Glitz Pharma
6558,Orosys Life Sciences
6559,Sidmed Remedies
6560,Resilient Cosmeceuticals Pvt Ltd
6561,Deevans Life Care Pvt Ltd
6562,White Lotus Health Care
6563,Aar Vee Pharma Pvt Ltd
6564,Sofi Healthcare Llp
6565,Aadi Medicos Lab Pvt Ltd
6566,Liaise Pharmaceuticals Pvt Ltd
6567,Yap Bioceuticals
6568,Alkyd Pharmaceuticals Pvt Ltd
6569,Sia Life Sciences
6570,Stalwart Lifesciences Pvt Ltd
6571,Inox Health Pvt Ltd
6572,Canvas Biotech
6573,Limra Pharmaceuticals
6574,Medicure Lifesciences India Pvt Ltd
6575,First Care Pharma Ltd
6576,Livon Pharma
6577,Saiva Healthcare
6578,Zainarco Labs Pvt Ltd
6579,Labios Pharmaceutical Pvt Ltd
6580,Rensan Drugs Pvt Ltd
6581,Medicis Lifesciences Pvt Ltd
6582,WellYou Biotech
6583,Galenic Pharmaceuticals Pvt Ltd
6584,Target Dermacare Private Limited
6585,Volentis Healthcare Pvt Ltd
6586,Verdure Pharma Pvt Ltd
6587,Vasalius Lifescience Private Limited
6588,Luzan Pharma
6589,Alio Lifesciences
6590,Kreit Pharma Private Limited
6591,Masstige Pharma Private Limited
6592,Lance Biotech
6593,Leo Formulations Private Limited
6594,3C Health Solution Pvt Ltd
6595,Victro Pharma
6596,Try Drugs Pharmaceuticals
6597,L&M Pharmaceutical Pvt Ltd
6598,Eminence Research & Laboratories Pvt Ltd
6599,Kanvas Biotech Ltd
6600,RRAC Healthcare Pvt Ltd
6601,NN Remedies Pvt Ltd
6602,Vencura Biotech Pvt Ltd
6603,Savikem Lifecare Pvt Ltd
6604,Shinetech Remedies Private Limited
6605,Medswap Pharmaceuticals Private Limited
6606,Curosis Healthcare Pvt Ltd
6607,Syn Labs
6608,Meb Pharma
6609,Prashil Life Sciences Pvt Ltd
6610,Snego Pharmaceuticals Pvt Ltd
6611,Vichy Laboratories
6612,Numac Healthcare Pvt Ltd
6613,Clide International
6614,Snell's Therapeutics
6615,Allons Pharma
6616,Sun Pharma Laboratories Ltd
6617,Marico Limited
6618,Trikona Pharmaceuticals Pvt. Ltd.
6619,Microwin Labs Private Limited
6620,Masaya Pharmaceuticals Pvt Ltd
6621,Ricaria Support Services Private Limited
6622,Xylo Lifesciences
6623,Msk Healthcare Pvt Ltd
6624,Corporsano Mediaid
6625,Elina Lifesciences
6626,Mindneuro Pharma
6627,MySIM Therapeutics Pvt. Ltd.
6628,Saharsh Pharma
6629,Omni-Protech Drugs Pvt Ltd
6630,Medrica Pharmaceuticals Private Limited
6631,Mosaic Wellness Private Limited
6632,Mibsons Pharmaceutical Pvt Ltd
6633,Strivo Pharma Pvt Ltd
6634,Monad Pharmaceuticals
6635,Aavn Pharmaceuticals (OPC) Pvt Ltd
6636,Nac Pharmaceuticals
6637,Manish Pharma Lab
6638,Redmax Pharma
6639,Avensis Pharmaceuticals Private Limited
6640,Mazin Pharma
6641,Medileb Speaciality Laboratories Pvt Ltd
6642,Chemosyn Limited
6643,Richcure Pharmaceuticals Llp
6644,Resilio Pharmaceuticals Pvt Ltd
6645,Lavue Pharmaceuticals
6646,Glow Vision Pharmaceuticals
6647,Medi Marathon Pharma Pvt.Ltd
6648,Koester Pharmaceuticals Private Limited
6649,Celcure Pharmaceuticals
6650,Nuvigen Life Sciences Private Limited
6651,Vyomax Lifesciences Pvt Ltd
6652,Rapid Solutions (I) Private Limited
6653,Amazing Reaserch Laboratories Ltd
6654,Schulke India Private Limited
6655,Medmax Pharma
6656,Vivaan Skincare
6657,Pulin Pharmaceuticals Pvt Ltd
6658,Saisan Health Care
6659,Bhumi Pharmaceuticals
6660,Optimus Health Care
6661,Monarch Pharmachem
6662,Lebone Healthcare Pvt Ltd
6663,Nuper therapeutics
6664,Vintochem Pharmaceuticals
6665,Mekiro Pharmaceutical Private Limited
6666,Mofon Drugs
6667,MHL Formulations
6668,Medilords Pharmaceuticals
6669,Rnova Biologicals Pvt Ltd
6670,Rx Solution
6671,Franklin Laboratories India Pvt Ltd
6672,Lystra Pharma
6673,Roots Life Sciences (India) Pvt. Ltd.
6674,M R S Pharmaceuticals
6675,Pharmaceutical Institute of India Pvt Ltd
6676,Mehar Remedies
6677,Sams Pharma
6678,Big Biotec Surgical Pvt Ltd
6679,Medmidas Pharmaceuticals
6680,Mecure Pharma
6681,Calgill Pharma Private Limited
6682,Aeomeds Healthcare Pvt Ltd
6683,Mayu Health Care
6684,Biosiri Lifesciences
6685,Microgen Hygiene Pvt Ltd
6686,Precision Pharmaceuticals Pvt Ltd
6687,Caresbridge Pharmaceuticals
6688,Jsv Healthcare Private Limited
6689,Biozenesis Healthcare
6690,Edwin Healthcare & Ayurveda
6691,Synergen Pharma India Pvt Ltd
6692,Medirase Pharma
6693,MAC Vision
6694,Martinet Pharma Pvt Ltd
6695,Medicinum Healthcare Pvt Ltd
6696,Next Vision Pharma
6697,Sanbioo Healthcare Pvt Ltd
6698,Medics Lifecare
6699,Brown & Burk Pharmaceuticals Ltd
6700,Times Healthcare
6701,Dolphins Healthcare
6702,Biorhythms Health Care
6703,Shree Pharmaceuticals
6704,Schelling Pharma Private Limited
6705,Pro Vitalis Life care
6706,Glad Drugs & Pharma
6707,Fiziks Life Science
6708,Siyora Pharmaceuticals Private Limited
6709,J.R.S Oryx Pharmaceuticals Pvt Ltd
6710,Vital Care Pvt. Ltd
6711,Helbek Pharma
6712,Neuten Healthcare
6713,Network Pharma
6714,Vyden Lifesciences Private Limited
6715,St Morrison
6716,Karuup Pharma
6717,Mogon Healthcare
6718,UniBiotics Pharmaceutical
6719,Zylone Healthcare
6720,Morfik Laboratory Pvt Ltd
6721,Afxia Franke Pvt Ltd
6722,Aveta Pharmaceuticals Pvt Ltd
6723,Le Tyche Pharmaceuticals Pvt Ltd
6724,Sri Biotech Pvt Ltd
6725,Paramount Pharma Pvt Ltd
6726,Morris Life Sciences Private Limited
6727,Bafna Pharmaceutical Ltd
6728,Soley Pharmaceutical Private Limited
6729,Gealaster Therapeutics
6730,My Health Life Sciences
6731,Profound Life Sciences
6732,"ModernaTX, Inc"
6733,Montage Laboratories Pvt Ltd
6734,Mavgit Pvt Ltd
6735,Curezip Pharma Pvt. Ltd.
6736,Zeekem Laboratories
6737,Ocean Healthcare
6738,Genwell Health Solutions
6739,United Laboratories
6740,Medistream Biotech Pvt Ltd
6741,Amezia Pharmaceutical Pvt Ltd
6742,Zybax Pharmaceuticals
6743,Adirex Pharmaceuticals
6744,Nihaka Lifesciences
6745,Bodycare Pharmaceuticals
6746,Moneriz Pharma
6747,Aimmax Pharma
6748,Abode Pharmaceuticals Pvt Ltd
6749,Xymera Bioscience Pvt Ltd
6750,Zainul Pharmaceutical Private Limited
6751,Radian Pharma
6752,Assail Biotech
6753,Sidian Pharmaceuticals Pvt. Ltd.
6754,Nulead Pharmaceuticals Pvt Ltd
6755,Macron Biotech Pvt Ltd
6756,Sun Biotic Labs
6757,Trumeda Healtcare Pvt. Ltd.
6758,Dawn Life Sciences
6759,Vyapitus Specialities Pvt Ltd
6760,Life Line Biotech Ltd
6761,Madras Pharma
6762,Ma Lara Healthcare Private Limited
6763,Deep Health Care
6764,Syndicate Overseas
6765,Globetus Therapeutics Pvt Ltd
6766,Bioceuticals Ltd
6767,Allex Medical Systems
6768,Maxter Medical
6769,Mesco Laboratories Ltd
6770,Life Line Pharma
6771,MNM Remedies Pvt Ltd
6772,Mighty Pharmaceuticals
6773,Keya Pharmawin
6774,Venetia Laboratories
6775,Myra Pharmaceuticals
6776,Pharmia Biogenesis Pvt Ltd
6777,Solar Healthcare Pvt Ltd
6778,Redix Life Care Pvt Ltd
6779,Milichem Laboratories
6780,Medmore Pharma Pvt Ltd
6781,Domainion Lab Ltd
6782,Medgenova Pharma Private Limited
6783,Zedwell Private Limited
6784,Mex Lifecare Llp
6785,Novacardus Pharmaceuticals
6786,Stable Pharma
6787,HFA Formulations Pvt Ltd
6788,Vyom Lifecare Pvt Ltd
6789,Sven Genetech Ltd
6790,Laurus Labs Limited
6791,Aspire Healthcare
6792,Wonset Healthcare Pvt Ltd
6793,Medlife Sciences Pvt Ltd
6794,Nudrug Pharmaceutical Pvt Ltd
6795,White&Trust Pharmaceuticals India Pvt Ltd
6796,Sambrik Medisciences Pvt Ltd
6797,Shimmer Pharma
6798,Manfriday Lifesciences Pvt. Ltd.
6799,Nexacare Lifesciences Pvt Ltd
6800,Whitesky Pharma India Pvt Ltd
6801,Zedawn Formulations Pvt. Ltd.
6802,Neo Remedies
6803,Jain Pharmaceuticals
6804,Alessa Healthcare
6805,Gordon Pharma
6806,Noveco Research Lab
6807,Wellicia Pharmaceuticals Pvt Ltd
6808,Nucidem Life Sciences Pvt Ltd
6809,Carnation Pharmtech
6810,Nuray Lifesciences Private Limited
6811,Alco Formulation
6812,Supernova Pharmaceuticals Pvt Ltd
6813,Jetcy Life Science
6814,Adorfem Cheminnova Life Sciences
6815,Recon Healthcare Ltd
6816,Quortical SR Life Sciences
6817,Revlon Pharma Pvt Ltd
6818,Pharma Cure Pvt Ltd
6819,Snapback Pharmaceuticals Private Limited
6820,Napsko Healthcare Private Limited
6821,Medimark Biotech
6822,Bellavita Healthcare Pvt Ltd
6823,Micro Nova Pharmaceuticals Ltd
6824,Ryddx Pharmetry Pvt Ltd
6825,Nuzen Pharmaceuticals
6826,Rholence Pharmaceuticals
6827,Renascent
6828,Systomed Pharmaceuticals Private Limited
6829,Strive Pharmaceuticals
6830,Vanesa Care Pvt Ltd
6831,D K Livkon Healthcare Pvt Ltd
6832,Unihelix Biotech Pvt Ltd
6833,DS Health Care
6834,Nanshe
6835,Neuvocare Pharmaceuticals
6836,Maxton Life Sciences
6837,NBLS Pharma
6838,Rama Vision Limited
6839,Nucon Remedies Pvt Ltd
6840,Human Biotech Pvt Ltd
6841,Vizyon Pharmaceuticals Private Limited
6842,Wellwok Pharma
6843,Namigo Pharma Pvt Ltd
6844,Nexchem Healthcare
6845,Thymex Healthcare
6846,Nalthan Lifesciences Private Limited
6847,Nutrabuff Nutraceutcials
6848,Vivimed Labs Pvt Ltd
6849,Nutrilis Healthcare Pvt Ltd
6850,Gleck Pharma (opc) Private Limited
6851,KSB Nutritional Supplement
6852,Medray Pharmaceuticals
6853,Neo-Pharma Pvt. Ltd.
6854,Gencure Pharmaceuticals
6855,Lorance Pharma
6856,Shankhin Healthcare
6857,Nuclear Pharmaceuticals Pvt Ltd
6858,Victoria Pharma
6859,Nivabs Pharmaceutical Pvt.ltd.
6860,Nyctanthes Pharmaceuticals Private Limited
6861,New Times Pharmaceuticals
6862,Axonav Pharma Pvt Ltd
6863,Evita Healthcare Pvt Ltd
6864,Soigner Pharma
6865,Strides Consumer Pvt Ltd
6866,Amanta Healthcare Ltd
6867,Nascent Medicare Pvt Ltd
6868,BPRL Pvt Ltd
6869,AFD Labs (P) Ltd
6870,Nature's Bounty
6871,Grow Next Healthcare Pvt. Ltd.
6872,Salniz Healthcare
6873,Pharma Chemico Laboratories
6874,Good Fortune Pharmaceuticals
6875,BPD Biotech
6876,Lucent Pharma
6877,Gateway Remedies
6878,Now Food
6879,Rizpan Life Sciences Private Limited
6880,Nucleus Incorporation
6881,Baxium health Science
6882,Zomask Healthcare Private Limited
6883,Pleasant Life Care Pharmaceuticals
6884,Chemo Remedies
6885,ZedRock Pharma
6886,MC Stan Lifesciences
6887,Nitin Pharmaceuticals Pvt Ltd
6888,VeeQure Lifesciences
6889,Renvic Lifesciences Pvt Ltd
6890,Replica Remedies
6891,Neovap Biopharmaceuticals Pvt. Ltd.
6892,Kevin Pharma Pvt Ltd
6893,Glasco Pharmaceuticals Private Limited
6894,Sharish Pharmaceutical Private Limited
6895,Virgo Healthcare Pvt Ltd
6896,Pinklabs Biosciences Pvt Ltd
6897,Normak Laboratories
6898,Acceleration Organics Pvt Ltd
6899,Nuobest Pharmaceuticals Private Limited
6900,Aimco Pharmaceuticals
6901,Nucifera Lifesciences
6902,Nano Biosciences
6903,Renova Healthcare
6904,Metpharm Biotech Pvt Ltd
6905,Olympus Therapeutics Pvt Ltd
6906,Renova Nutrition
6907,Lycus Pharma Private Limited
6908,Oxygen Remedies Pvt Ltd
6909,Osren Healthcare Pvt Ltd
6910,AngiaRx Lifescience
6911,OM Healthcare
6912,Biodeal Pharmaceuticals Pvt Ltd
6913,Just Pharma
6914,Newtramax Healthcare
6915,Aarna Care Pharma
6916,Welior Healthcare Laboratories Private Limited
6917,Onelife Nutriscience Pvt Ltd
6918,Oirpil Biotech
6919,Olwen Lifesciences Private Limited
6920,Axeltis Healthcare Private Limited
6921,Prochem Pharmaceuticals Pvt Ltd
6922,PLG Pharmaceutical
6923,Medwell Pharmaceuticals
6924,Svas Life Sciences Pvt Ltd
6925,Caventus Healthcare Pvt Ltd
6926,Lym Nutrition Pvt Ltd
6927,Mediliance
6928,Octillions Pharmaceuticals
6929,Biocare Research India Pvt Ltd
6930,Stuvet Pharmaceuticals
6931,Deccan Healthcare
6932,Oximed Remedies
6933,Wonder Drugs Pvt Ltd
6934,Atemoy Remedies
6935,Zeal Cardios
6936,Geneser Pharmaceuticals Pvt Ltd
6937,Ojal Pharmaceuticals Pvt Ltd
6938,Nutra Respiro
6939,Cerin Pharma
6940,Gayathri Formulations
6941,Ostrich Pharmaceuticals Pvt Ltd
6942,Harison Remedies
6943,Pure Derma
6944,Wincare Remedies
6945,Eins Pharmaceuticals
6946,Osseous Healthcare Pvt Ltd
6947,Organext Pharmaceuticals Pvt Ltd
6948,Sree Cvr Pharmaceuticals
6949,Orphic Medicare Pvt Ltd
6950,Vardhaman Remedies Pvt Ltd
6951,Optrica Pharma Private Limited
6952,Kinegic Pharmaceuticals Private Limited
6953,Woodavens Pharmacare Pvt Ltd
6954,Vibrant Life Sciences
6955,Fourtrax Biozone
6956,Praxis Health Care
6957,Amity Health Care Pvt Ltd
6958,Scormed Lifesciences
6959,Magna Formulations
6960,Plasma Lifesciences
6961,Ardas Remedies
6962,Oxania Healthcare Pvt Ltd
6963,Octamed Lifesciences Private Limited
6964,Orwin Biotech Pvt. Ltd.
6965,Spinka Pharma
6966,Mystico Rose Pharma
6967,Semantics Pharmaceuticals Pvt Ltd
6968,Avis Labs Pvt Ltd
6969,Roselabs Healthcare Pvt Ltd
6970,Hubris Pharmaceuticals Private Limited
6971,Origo Pharmaceuticals Pvt Ltd
6972,Sahet India
6973,Polo Pharmaceuticals Private Limited
6974,Synoptic Life Sciences
6975,Swabhumi Drug & Pharmaceuticals India Ltd
6976,Khlorophylls Biotech Pvt Ltd
6977,Csbs Lifescience
6978,Century Drugs Private Limited
6979,Modi Lifecare Industries Ltd
6980,Gray Anon Formulations Pvt Ltd
6981,Zandu Pharmaceutical Works Ltd
6982,Janani
6983,Zenara Pharma
6984,J's Laboratories Pvt Ltd
6985,Augmentor Lifesciences Pvt Ltd
6986,Wintaas Pharma
6987,Mediart Life Sciences Pvt Ltd
6988,Medsuvac Lifesciences Private Limited
6989,Gallberry Life Sciences Pvt Ltd
6990,Mesmer Pharmaceuticals
6991,Alexis Lifesciences LLP
6992,Pericles Pharma
6993,Envicon Pharmaceuticals
6994,Northwest Healthcare Pvt Ltd
6995,Amaze Lifestyle Products Pvt Ltd
6996,Nivian Pharma LLP
6997,One Stop Pharma Services
6998,Pharmakraft Therapeutics Private Limited
6999,Jeotrix Healthcare
7000,Sing Pharma Pvt Ltd
7001,J M BIOCEUTICALS
7002,Innovius Life Drugs
7003,Headway Pharma
7004,Medmate Life Science Private
7005,Icon Medisciences Pvt Ltd
7006,Zoetic Formulations Pvt Ltd
7007,Kautilya Remedies Private Limited
7008,Cardeon Formulations Pvt Ltd
7009,New Horizons Healthcare Pvt Ltd
7010,Rameshwar Sante Private Limited
7011,British Biologicals
7012,Amytree Pharmaceuticals
7013,Oculus Pharmaceuticals Pvt Ltd
7014,Rion Lifesciences Pvt Ltd
7015,S M A Pharmaceuticals
7016,Diancecht Pharmaceuticals Pvt Ltd
7017,Evercure Pharmaceuticals
7018,Binova Healthcare Pvt Ltd
7019,G7 Biopharmaceutical Pvt Ltd
7020,New Life Pharmaceuticals Private Limited
7021,Novopharm Formulations Pvt Ltd
7022,Feel Cure Pharmaceuticals Private Limited
7023,Hayymed Healthcare Pvt Ltd
7024,DRS Pharma
7025,Vejovis Pharmacy (OPC) Private Limited
7026,Prescripto Life Science
7027,Medocyte Pharmaceuticals
7028,Azmed Healthcare
7029,Roosevelt Lifesciences Private Limited
7030,Alayza Life Sciences
7031,Saichem Pharma
7032,Valay India Pharma Pvt. Ltd.
7033,Pure Science Biotech
7034,Prosit Healthcare Pvt Ltd
7035,Biogenetics Health Care (India) Private Limited
7036,Dream India Pharmaceuticals
7037,Entero Healthcare Solutions Pvt Ltd
7038,Sobhan Drugs
7039,Pavlola India Laboratories
7040,Erringen Healthcare LLP
7041,Vogue Pharmaceuticals Pvt Ltd
7042,Arcetic Life Sciences Private Limited
7043,Zycris Healthcare
7044,Pristyn
7045,Saliva Lifesciences Pvt. Ltd.
7046,Maxbro Health Care Private Limited
7047,Recoupe Pharma
7048,Ipcon Labs Private Limited
7049,Alric Bio Medics
7050,Harnik Health Care Product
7051,Bluemea Therapeutics
7052,Plasma Healthcare Pvt Ltd
7053,Curatas Pharmaceuticals LLP
7054,Prosper Channel Lifescience India Pvt Ltd
7055,Racmose Pharmaceuticals Pvt Ltd
7056,Searle Labs Private Limited
7057,Biomedicare (India) Pvt Ltd
7058,Sydmen Lifesciences Pvt Ltd
7059,JBD Life Sciences Private Limited
7060,Octtantis Nobel Labs Pvt Ltd
7061,Prime Pharma
7062,Delphide Lifecare
7063,Jalks Pharmaceutical Private Limited
7064,Aas Pharma
7065,Akuom Biotech Private Limited
7066,Unique Remedies & Pharmaceutical
7067,Paras Pharma
7068,Whoviaan Healthcare Pvt Ltd
7069,Pyrocare Pharmaceuticals Pvt Ltd
7070,RPVP Pharmaceuticals Private Limited
7071,SABS Pharmaceutical Pvt Ltd
7072,Neev Life Sciences
7073,Neumec Healthcare Pvt Ltd
7074,J B Lifesciences
7075,Indosys Pharma
7076,Varsoy Health Care
7077,Eveksia Pharma Pvt Ltd
7078,Sceolex Pharma Pvt Ltd
7079,Penam Pharmaceuticals Pvt Ltd
7080,Soul Pharma
7081,Zhenpi Life Sciences Pvt Ltd
7082,Prunus Pharmaceuticals & Chemicals Pvt Ltd
7083,Sutures India Pvt Ltd
7084,Farma Hub
7085,Remalthea Pharmaceuticals Private Limited
7086,Conset Pharma Pvt Ltd
7087,Vita Pharmaceuticals
7088,Aditri Marketing Pvt Ltd.
7089,Sync Pharmaceutical
7090,Krasiv Lifesciences India Private Limited
7091,Kisoc Healthcare (OPC) Pvt Ltd
7092,Pfimex International Ltd
7093,Ark Shine Pharma
7094,Preyuda Pharmaceutical
7095,Brands Bucket
7096,Biosoft Lifesciences (OPC) Pvt Ltd
7097,Lifeline Health Care
7098,Aria Lifesciences Pvt. Ltd.
7099,Q4Q Health Solutions India Private Limited
7100,Nucleosomecare Pharma Llp
7101,Biospark Pharmaceuticals And Laboratories Pvt Ltd
7102,Quads Biotech Healthcare Private Limited
7103,Biomatrix Research Laboratories Pvt. Ltd
7104,QRS India Pvt Ltd
7105,Salene Biotech Private Ltd.
7106,FinOrion Pharma India Pvt. Ltd.
7107,Gooseberry Pharmaceuticals Pvt Ltd
7108,Gnext Lab Pvt Ltd
7109,Apotex Pharmachem India Pvt Ltd
7110,Tricos Dermatologics Pvt Ltd
7111,Daeiou Pharmaceutical Pvt Ltd
7112,Saffron Formulations Pvt Ltd
7113,Mexican Wave Pharma
7114,Rathi Laboratories (Hindustan) Pvt Ltd
7115,Oregon Healthcare Pvt Ltd
7116,Conatus Healthcare Pvt. Ltd.
7117,Skars Healthcare Pvt Ltd
7118,Lancer Pharmaceuticals Pvt Ltd
7119,Red Bross Laboratories Pvt Ltd
7120,Lipur Pharmaceuticals Private Limited
7121,Trio Biotech Private Limited
7122,Revival Pharma
7123,Raj Bioceuticals
7124,Mantri Pharma
7125,Roris Pharmaceuticals Pvt Ltd
7126,Morphil Life Sciences Pvt Ltd
7127,Kpital Life Science
7128,Parkdes Pharma Pvt Ltd
7129,Masaba Healthseries
7130,Lakshya Remedies Pvt Ltd
7131,Charitra Pharmaceuticals Pvt Ltd
7132,Darwin Healthcare
7133,Medigram Healthcare
7134,Maxcare Pharmaceutical Pvt Ltd
7135,Biogenomics Limited
7136,Reliable Medicare Pvt Ltd
7137,Vereor Healthcare Private Limited
7138,Runyon Pharmaceuticals Pvt Ltd
7139,Medsmile Pharmaceutical Pvt Ltd
7140,Relief Pharma
7141,Wilshire Pharmaceuticals Inc
7142,Uniswen Medisciences
7143,Truworth Healthcare
7144,Aquina Pharma
7145,Affinity Life Sciences Pvt Ltd
7146,Remedium Pharma Pvt Ltd
7147,Sadok Pharma
7148,Formosus Pharmaceuticals
7149,Daris Biocare
7150,Rosemont Medicare Pvt Ltd
7151,Orgyn Laboratories Private Limited
7152,Careability Healthcare LLP
7153,Orient Pharmaceuticals
7154,RUV Pharma LLP
7155,Foremost Marketing Pvt. Ltd.
7156,Nddm Pharmaceuticals
7157,Procure Life Science Pvt Ltd
7158,BMP Life Sciences
7159,American Remedies Ltd
7160,Benz Pharma
7161,Wellchem Healthcare LLP
7162,Reba Pharmaceuticals
7163,Kava Drug
7164,KPL Life Science Pvt Ltd
7165,Sanz Pharmaceuticals Private Limited
7166,Avron Laboratories
7167,Biowest Pharmaceuticals Private Limited
7168,Vibsun Pharmaceutical
7169,Radicals Pharma Ltd
7170,Rexus Healthcare
7171,Medtronix Healthcare
7172,Chevron Pharma Pvt Ltd
7173,Salveo Life Sciences Limited
7174,MedSonic Pharmaceuticals
7175,Renocis Pharmaceuticals Private Limited
7176,Florentius Healthcare Pvt Ltd
7177,Linctus Pharma Pvt Ltd
7178,Axis Formulation
7179,Edward Remedies Pvt Ltd
7180,Damrin Pharmaceuticals Pvt Ltd
7181,Biomedix Siomond Pharma
7182,Rayon Remedies
7183,Make Sun Lifescience
7184,Rylox Healthcare Pvt Ltd
7185,Horizon Bioceuticals Pvt Ltd
7186,Meghraj Pharmaceuticals
7187,Cosme Healthcare
7188,Unique Biotech
7189,Lemark Remedies
7190,Gryphon Pharma
7191,Rollys Pharmaceuticals
7192,Remedium Healthcare Pvt Ltd
7193,Rock Medicare
7194,Yu Medtron Healthcare Pvt Ltd
7195,Sunre Healthcare
7196,Relic Biotechnology Pvt Ltd
7197,Bio Ace Pharmaceuticals
7198,Curivo Healthcare
7199,OSL Pharmaceuticals
7200,Finer Pharmaceuticals Pvt Ltd
7201,Delphi Pharma Private Limited
7202,Asiakem Pharmaceuticals Pvt Ltd
7203,Ramburg Pharma
7204,Medissist Pharma Private Limited
7205,Bio Human Resources
7206,Astra Healthcare Pvt Ltd
7207,Remora Remedies Pvt Ltd
7208,Rich Pharmaceuticals
7209,Radley Pharma
7210,Nodex Pharmaceuticals
7211,Rejoice Healthcare
7212,Reklen Pharma
7213,Ramylabs Health Care
7214,Medaure Health Care
7215,Rivinor Pharma
7216,Mascon Healthcare Pvt Ltd
7217,Ckn-Bio Remedies Private Limited
7218,Naos Lifescience
7219,Zenobic Lifesciences
7220,Tri Pharma
7221,Worio Pharmaceutical Private
7222,Buddy's Medicare Private Limited
7223,Richlyns Health Care
7224,Verbiance Lifesciences Private Limited
7225,Erivie Life Sciences Private Limited
7226,Vera Pharma Ltd
7227,Sante Vision Lab Pvt Ltd
7228,Rallis India Ltd
7229,Mercigo Healthcare
7230,Porsa Laboratories
7231,Relish Pharmaceuticals
7232,Zifam Pinnacle Healthcare Private Limited
7233,Omnicure Medicaments Ltd
7234,Bioquik Pharma
7235,Rass Health Care
7236,Aanav Healthcare
7237,Dermia Conticare Pvt Ltd
7238,Renaunt Pharma
7239,Kaust Pharma Pvt Ltd
7240,Castor Biotech
7241,Novostar Pharmaceutical Pvt Ltd
7242,Enitio Health Care Pvt Ltd
7243,Roseate Drugs
7244,Amee Pharma
7245,Eureka Labs Ltd
7246,Artura Pharmaceuticals Pvt Ltd
7247,Parrish Biotek
7248,Ramvey Healthcare
7249,Rejuvnate Lifecare Pvt Ltd
7250,Abhigyaan Labs Pvt. Ltd.
7251,ADN Pharmaceuticals Pvt Ltd
7252,New Age Biotech Pvt Ltd
7253,Godfrey Biotech
7254,RG Pharma Health Care
7255,Rudraksha Pharmaceuticals
7256,Trinity Pharmaceuticals
7257,Aqmax Biotech Pvt.Ltd
7258,Medvision Pharmaco
7259,Rybin Pharma
7260,Tivamed Biotech
7261,Great Lifesciences Private Limited
7262,A4 Pharma Pvt. Ltd.
7263,kartilaze Care Limited
7264,Oishi Healthcare
7265,J.p. Lifesciences Pvt Ltd
7266,Vee Medi Biotech India Private Limited
7267,Jivika Laboratories
7268,Ratangiri Innovations Private Limited
7269,Alton Biosciences Pvt Ltd
7270,Sunfra Biotech
7271,Rupas Biological Pvt Ltd
7272,Solus Health Care
7273,Synthozenesis Healthcare Pvt Ltd
7274,Arrier Biotech
7275,Wolver biotech Pvt Ltd
7276,Azott Pharmaceuticals Pvt.ltd.
7277,Catnip Pharma Pvt Ltd
7278,Dexterous Medicare Pvt Ltd
7279,Encube Ethicals Private Limited
7280,GENZYME
7281,Samarth International
7282,Srideep Pharma
7283,Sarvagunaushdhi Pvt Ltd
7284,Aniksan Healthcare Pvt Ltd
7285,Solferino Lab Pvt Ltd
7286,Universal Lab
7287,Biopharmacieaa Private Limited
7288,Macter Pharma
7289,Abaxis Labs Pvt Ltd
7290,Texas Biotech
7291,Stabo Life Private Limited
7292,Spectrum Pharmaceuticals
7293,Stelios Pharmaceuticals LLP
7294,Zecon Pharmaceuticals Pvt Ltd
7295,Likameda Pharmaceuticals Private Limited
7296,Reign Pharma Pvt Ltd
7297,Kacchela Medex Pvt Ltd
7298,P4 Medicine Private Limited
7299,Barter & Marcin Pharma
7300,Tanvi Fitness Private Limited
7301,Sidna Healthcare Pvt Ltd
7302,Cosderma Pharmaceuticals Pvt Ltd
7303,Snehal Pharma & Surgicals Pvt. Ltd
7304,Fovea Healthcare
7305,Stanex Drugs & Chemicals Private Limited
7306,Nostalgia Medicare
7307,Sano Health Care Products Pvt Ltd
7308,New Search Life Sciences Pvt Ltd
7309,Bros Enterprises
7310,Qualways Pharmaceuticals Pvt Ltd
7311,Sgs Pharmaceuticals Pvt Ltd
7312,Sandor Orthopedics
7313,Shasva Health
7314,Nixi Laboratories Private Limited
7315,Sinkona Healthcare
7316,Saver Pharmaceuticals
7317,Bioved Life Sciences
7318,U.S. Biotech
7319,Sabme Pharmaceuticals Pvt Ltd
7320,Shriti Pharmaceutical Private Limited
7321,Meddox Pharma Pvt Ltd
7322,Evexia Life Sciences
7323,Seklla Healthcare
7324,Gluconate Health Ltd
7325,Seguro Lifesciences Private Limited
7326,Indsmile Pharmaceuticals
7327,Azmash Health Care Private Limited
7328,Synarch Lifesciences Pvt Ltd
7329,Grefith Labs
7330,Sapinox Pharmaceuticals
7331,Spdy Pharma Private Limited
7332,Selaginella Life Sciences
7333,Signum Drug Company
7334,Ephesian Lifesciences India Pvt Ltd
7335,Shine Remedies
7336,Sunspeed Pharmaceuticals Pvt Ltd
7337,Neurocon Inc
7338,Semangat Healthcare Pvt Ltd
7339,Nirmiti Pharmaceutical Pvt Ltd
7340,Sarthak Lifesciences
7341,Pharmadeep Remedies
7342,Salus Healthcare
7343,Soulager Healthcare Pvt Ltd
7344,Arihant Remedies Private Limited
7345,Sumi Lifecares Pvt. Ltd.
7346,Tarion Pharma
7347,Sciential Pharmaceuticals
7348,Morwell Pharmacia Pvt Ltd
7349,Solera Lifesciences Private Limited
7350,Specia Remedies India Pvt Ltd
7351,Swapra Pharma Pvt Ltd
7352,M S Pharma
7353,Symbio Life Pharmaceuticals
7354,Power Pharma
7355,Nm Remedies Pvt Ltd
7356,Siramed Pharmaceuticals (opc) Private Limited
7357,Seamark
7358,Stridito Pharma
7359,Synerheal Pharmaceuticals Pvt Ltd
7360,Sayora Pharma Pvt Ltd
7361,Zenova Therapeutics Private Limited
7362,Careon Pharmaceuticals
7363,Synthesis Healthcare
7364,Sovaam Pharmaceuticals
7365,Lmn Trix Pharma Pvt Ltd
7366,Medilloyd Medicament Pvt Ltd
7367,Arlyn Lifesciences Private Limited
7368,Starry Biotech
7369,Sisla Laboratories
7370,Innox Pharmaceuticals
7371,Care Pharmaceuticals
7372,Shell Laboratories
7373,Sarolak Health Care
7374,Satya Kalindi Remedies Pvt Ltd
7375,Martine Healthcare
7376,That's My Stuff
7377,Seer Biotech
7378,Sanjeevi Remedies
7379,Kanstride Biolabs
7380,Health Product Private Limited
7381,Xylon Pharmaceuticals
7382,Accrue Pharmaceuticals Pvt Ltd
7383,Steigen Pharmaceuticals Private Limited
7384,Shubhansh Pharmaceuticals
7385,Indusken Pharma Pvt Ltd
7386,SLB Healthcare Private Limited
7387,Nem Laboratories
7388,Household Pharmaceuticals
7389,Dr Willmar Schwabe India Pvt Ltd
7390,Nutragenix Healthcare Pvt. Ltd.
7391,Himeros Pharmaceuticals Pvt Ltd
7392,Gilead Sciences
7393,Tatvartha Health
7394,Devi Pharma
7395,Somatec Pharmaceuticals Pvt Ltd
7396,Biocyte Pharmaceuticals Pvt Ltd
7397,Meritor Pharmaceuticals Private Limited
7398,Neptune Biotech Pvt Ltd
7399,Andromeda Pharmaceutical Private Limited
7400,Vanqor Pharmaceuticals
7401,VINS BioProducts Ltd
7402,Healthbridge Lifescience Private Limited
7403,Adeka India Private Limited
7404,Times Biotech
7405,Willingo Healthcare Limited
7406,Dighvi Hi-Tech Pharma Pvt Ltd
7407,Nanotek Remedies Private Limited
7408,Transced Therapeutics
7409,Meridus Pharmaceuticals
7410,Pride Lifecare
7411,Stepcure Pharma Private Limited
7412,Meditrina Biotech Pvt Ltd
7413,Alife Healthcare
7414,Mayo Remedies
7415,Kardian Pharma India Pvt Ltd
7416,Thyme Pharma Private Limited
7417,DrMajesty Healthcare
7418,Spiritual Life Sciences Pvt Ltd
7419,Theramis pharmaceutical
7420,Solmars Pharma
7421,Swashi Pharmaceuticals
7422,Vivant Pharmaceuticals
7423,Biotel Laboratories Pvt Ltd
7424,Moral Nutraceuticals Pvt Ltd
7425,Vaishnavi Drugs Agency
7426,Oberlin Healthcare Pvt Ltd
7427,Semper Fidelis Healthcare Pvt. Ltd.
7428,Login Pharma Pub Pvt Ltd
7429,Netter Healthcare Private Limited
7430,Pharmexia Labs Private Limited
7431,Sama Biotech
7432,Dy-Mach Pharma
7433,Dharam Tara Life Sciences
7434,Redress Pharma
7435,Tissot Pharmaceutical Pvt Ltd
7436,Dr Moni Pharmaceuticals Pvt Ltd
7437,Laven Pharma India Pvt Ltd
7438,Deltas Pharma
7439,Lavanya Biotech
7440,Dermocare Laboratories
7441,Triivik Life Sciences Private Limited
7442,Apichem Healthcare
7443,Vanquish Pharmaceuticals
7444,Finola Life Science Private Limited
7445,Medoyse Nutraceutical
7446,rynel clifton pharma pvt ltd. ltd
7447,Vivex Pharmaceuticals Private Limited
7448,Swift Pharmaceuticals Pvt Ltd
7449,Takeda Pharmaceuticals India Pvt. Ltd
7450,Truewella Healthcare Pvt Ltd
7451,Tilvintion Pharma
7452,Durga Ji Life Sciences Private Limited
7453,Osque Pharma Pvt Ltd
7454,Cryzer Pharma
7455,Scortis Pharma Ltd
7456,Alencik Pharmaceuticals Private Limited
7457,Saivis Healthcare Pvt Ltd
7458,Applied Communication & Controls
7459,Davidsons Pharmaceuticals
7460,Zunarsh Lifesciences Pvt Ltd
7461,Auctus Labs Pvt Ltd
7462,Voiceover Pharmaceuticals Private Limited
7463,Lamium Pharmaceuticals
7464,Zap Healthcare Pvt Ltd
7465,Tigris Life Sciences
7466,Zedna Pharmaceuticals
7467,Life Pharmaceuticals Pvt Ltd
7468,Soleon Lifesciences India Private Limited
7469,Kargsin Healthcare Pvt Ltd
7470,Bagmi Remedies Pvt Ltd
7471,Sayoka Pharmaceutical (OPC) Pvt Ltd
7472,Belvin Life Sciences Pvt Ltd
7473,Cirdi India Ltd
7474,Verve Biosciences Pvt Ltd
7475,Tychos Therapeutics Pvt Ltd
7476,Sals Remedies LLP
7477,Antrix Life Technologies & Life Sciences Pvt Ltd
7478,Agastya Research Health Products
7479,Gsa Bio Pharma Private Limited
7480,Cadomax Healthcare Private Limited
7481,Spa Healthcare Pvt Ltd
7482,Silversky Laboratories
7483,Alpinia Biopharma Private Limited
7484,Cadmus Clinical Laboratories
7485,Unika Pharmaceuticals Pvt. Ltd.
7486,D-Cure Pharmaceuticals Pvt. Ltd.
7487,Camillus Healthcare
7488,USK Therapeutics Private Limited
7489,Universal Impex
7490,Salvia Labs Pvt Ltd
7491,Amoke Capsules India Private Limited
7492,Uptas Lifescience
7493,Extensive Healthcare
7494,Meditrust Laboratories Private Limited
7495,ST. Jude Pharma
7496,Aptroshine Pharmaceuticals
7497,Kalwin Biomedica
7498,Ventura Pharmaceuticals
7499,Robust Pharmaceuticals
7500,Admak Pharmaceutical Private Limited
7501,Sunvet Health Care
7502,Kenbrio Pharmaceutials Pvt. Ltd.
7503,B P P Life Sciences
7504,Antila Lifesciences Pvt Ltd
7505,Vertis Pharmaceuticals Pvt Ltd
7506,ULA Pharmaceuticals
7507,Octis Healthcare Pvt Ltd
7508,VOGUE PHARMA
7509,Unico Drugs
7510,Darzine Remedies Private Limited
7511,Veemon Healthcare
7512,AMPM Laboratory Private Limited
7513,Piggik Pharmaceuticals Limited
7514,Vitabolik Pharma
7515,Asta Visioncare Pvt Ltd
7516,Swarion Lifesciences Pvt Ltd
7517,Vulcan Laboratories Pvt Ltd
7518,Swiss Garnier Life Sciences
7519,KAVIT Soap Industries
7520,Lippon Pharma Private Limited
7521,Oxygen Drugs Laboratory Pvt Ltd
7522,Jupiven Pharmaceuticals Pvt Ltd
7523,Eider Pharmaceuticals
7524,Violette Remedies Private Limited
7525,Thor Drugs Pvt Ltd
7526,Latin Labs Private Limited
7527,De Merilion Formulation Private Limited
7528,Vasuchem Lifesciences Pvt Lt
7529,Medvin Pharmaceuticals Pvt Ltd
7530,Meditek Lifesciences Pvt. Ltd.
7531,Votano Pharmaceuticals
7532,Venix Healthcare
7533,Shiva Pharma
7534,Bionucleus Pharmaceuticals Pvt Ltd
7535,Veblen Pharmaceutical Pvt Ltd
7536,Valentis Pharma
7537,VB Pharma
7538,Sab Life Care Pvt Ltd
7539,Aquascot Healthcare Private Limited
7540,Vernal Life Science
7541,Scortis Health Care
7542,U&V Health Care
7543,Vishnu Formulations
7544,Synchroz Pharmaceuticals Private Limited
7545,Valency Healthcare
7546,Amox Pharmaceuticals Pvt Ltd
7547,Kinesis Biocare
7548,World Chem Corporation
7549,Arise Pharmaceuticals
7550,Lavie Lifesciences
7551,Carion Healthcare Pvt Ltd
7552,Banureet Labs Pvt. Ltd.
7553,Velliq Pharmaceuticals Private Limited
7554,Machen Pharma Limited
7555,Kyusep Healthcare Private Limited
7556,Diagno Cure Pharmaceuticals
7557,PMV Healthcare
7558,Vedu’s Laboratories Private Limited
7559,Medwill Lifesciences
7560,Venture Healthcare Pharma Pvt Ltd
7561,Liner Pharma
7562,Vartis RemediesLlp
7563,Jolly Pharma
7564,Cavin Pharmaceuticals Private Limited
7565,VL Care Pharma
7566,Exon Pharmaceuticals
7567,Vonix Lifesciences
7568,Vkare Pharmaceutical Pvt Ltd
7569,Qualitron Bio Medica Private Limited
7570,V-Kind Health Care
7571,Walpar Healthcare
7572,Otis Ventures Private Limited
7573,Der-Joint Healthcare Private Limited
7574,Merlin Pharma Pvt Ltd
7575,Caraway Pharma Pvt Ltd
7576,Artemisia Healthcare
7577,Welkin Biotek
7578,Arowana Healthcare
7579,WOVA Pharmaceuticals
7580,Wysr Healthcare
7581,Doms Pharmaceuticals
7582,Elben Biotec Pvt Ltd
7583,Wellkind Pharma
7584,Welfeed Remedies Pvt Ltd
7585,Robins Remedies Pvt Ltd
7586,Wiley Lifesciences Pvt Ltd
7587,Bioiwis Pharma
7588,Global Generics Unlimited
7589,BHC Lab Pvt Ltd
7590,INI Pharma Private Limited
7591,Kshipra Health Solutions
7592,Geneca Life Science
7593,Revolution Pharmtech
7594,Xtrek Life-science Pvt Ltd
7595,Sanmed Healthcare Pvt Ltd
7596,Samskruthy Pharma Private Limited
7597,Largos Healthcare Pvt Ltd
7598,G G Nutritions
7599,Avigenix Innovations Pvt Ltd
7600,Archis Healthcare
7601,Sanvesh Biotech
7602,VHVL Inc
7603,Yugen Pharmaceuticals
7604,Dostar Pharmaceuticals
7605,Elaptus India
7606,Hale Corporation Private Limited
7607,Prochem Bioceuticals Pvt. Ltd.
7608,Affiance Drugs and Formulations
7609,BPL Medical Technologies Pvt Ltd
7610,Healthmate Pharmaceuticals Private Limited
7611,Zurinovo Healthcare Pvt Ltd
7612,Spero Medicare Pvt Ltd
7613,Breeze Healthcare Pvt Ltd
7614,Zeaxa Healthcare Pvt Ltd
7615,Zhen Heal Craft Pvt Ltd
7616,Canvarzys Care Pvt Ltd
7617,Abeal Pharma
7618,Zurica International Pvt Ltd
7619,Zechstein Life Sciences
7620,Kosmica Dermacare
7621,Evinz Drugs Pvt Ltd
7622,Godfrey Healthcare Pvt Ltd
7623,Zycuslife Healthcare Pvt Ltd
7624,Rmps Organics Private Limited
7625,Zencorp Pharmaceutical Pvt. Ltd.
7626,Gutford Pharmaceuticals
7627,Zoobion Pharmaceuticals Pvt Ltd
7628,Whiz Laboratories India Pvt Ltd
7629,Suzen Pharmaceuticals Pvt Ltd
7630,Zolife Healthcare Pvt Ltd
7631,Megaderm Pvt Ltd
7632,Raksh Pharmaceuticals
7633,Lavincita Lifesciences Pvt Ltd
7634,Hillrock Biotech Private Limited
7635,Ce-Chem Pharmaceuticals Pvt Ltd
7636,Glee Pharma Private Limited
7637,Oncare Pharmaceuticals Pvt Ltd
7638,Zeal Laboratories Pvt Ltd
7639,Zenn Biotech
7640,Zynext Pharmaceuticals Pvt Ltd
7641,Bushra Biotech Private Limited
7642,Zeemat Pharmaceuticals Pvt Ltd
7643,Zeochem Pharmaceuticals Pvt Ltd
7644,Unisearch Laboratories India Pvt Ltd
7645,AllKind Healthcare
7646,Bliss Life Pharmaceuticals
7647,Z Plus Remedies
7648,Anamiva Life Sciences
