brand_id,brand_name,generic_id,manufacturer_id,dosage_form,primary_strength,pack_size,pack_unit,price_inr,is_discontinued
1,Augmentin 625 Duo Tablet,1,1,tablet,500mg,10.0,strip,223.42,False
2,Azithral 500 Tablet,2,2,tablet,500mg,5.0,strip,132.36,False
3,Ascoril LS Syrup,3,3,syrup,30mg/5ml,100.0,bottle,118.0,False
4,Ascoril LS Syrup,49,3,syrup,30mg/5ml,100.0,bottle,118.0,False
5,Ascoril LS Syrup,73,3,syrup,30mg/5ml,100.0,bottle,118.0,False
6,Ascoril LS Syrup,743,3,syrup,30mg/5ml,100.0,bottle,118.0,False
7,Allegra 120mg Tablet,4,4,tablet,120mg,10.0,strip,218.81,False
8,Avil 25 Tablet,5,4,tablet,25mg,15.0,strip,10.96,False
9,Allegra-M Tablet,6,4,tablet,10mg,10.0,strip,241.48,False
10,Allegra-M Tablet,521,4,tablet,10mg,10.0,strip,241.48,False
11,Amoxyclav 625 Tablet,1,5,tablet,500mg,10.0,strip,223.27,False
12,Azee 500 Tablet,2,6,tablet,500mg,5.0,strip,132.38,False
13,Atarax 25mg Tablet,7,7,tablet,25mg,15.0,strip,85.5,False
14,Ascoril D Plus Syrup Sugar Free,8,3,syrup,5mg,100.0,bottle,129.0,False
15,Ascoril D Plus Syrup Sugar Free,10,3,syrup,5mg,100.0,bottle,129.0,False
16,Ascoril D Plus Syrup Sugar Free,301,3,syrup,5mg,100.0,bottle,129.0,False
17,Ascoril D Plus Syrup Sugar Free,1251,3,syrup,5mg,100.0,bottle,129.0,False
18,Ascoril D Plus Syrup Sugar Free,1508,3,syrup,5mg,100.0,bottle,129.0,False
19,Aciloc 150 Tablet,9,8,tablet,150mg,30.0,strip,40.94,False
20,Alex Syrup,8,3,syrup,5mg/5ml,100.0,bottle,129.0,False
21,Alex Syrup,10,3,syrup,5mg/5ml,100.0,bottle,129.0,False
22,Alex Syrup,301,3,syrup,5mg/5ml,100.0,bottle,129.0,False
23,Alex Syrup,1251,3,syrup,5mg/5ml,100.0,bottle,129.0,False
24,Alex Syrup,1508,3,syrup,5mg/5ml,100.0,bottle,129.0,False
31,Ambrodil-S Syrup,3,10,syrup,15mg/5ml,100.0,bottle,30.2,False
32,Ambrodil-S Syrup,49,10,syrup,15mg/5ml,100.0,bottle,30.2,False
33,Ambrodil-S Syrup,73,10,syrup,15mg/5ml,100.0,bottle,30.2,False
34,Ambrodil-S Syrup,743,10,syrup,15mg/5ml,100.0,bottle,30.2,False
35,Arkamin Tablet,11,11,tablet,,30.0,strip,72.65,False
36,Arkamin Tablet,193,11,tablet,,30.0,strip,72.65,False
37,Avomine Tablet,12,5,tablet,25mg,10.0,strip,55.98,False
38,Asthakind-DX Syrup Sugar Free,8,12,syrup,5mg/5ml,60.0,bottle,70.4,False
39,Asthakind-DX Syrup Sugar Free,10,12,syrup,5mg/5ml,60.0,bottle,70.4,False
40,Asthakind-DX Syrup Sugar Free,301,12,syrup,5mg/5ml,60.0,bottle,70.4,False
41,Asthakind-DX Syrup Sugar Free,1251,12,syrup,5mg/5ml,60.0,bottle,70.4,False
42,Asthakind-DX Syrup Sugar Free,1508,12,syrup,5mg/5ml,60.0,bottle,70.4,False
43,Allegra 180mg Tablet,4,4,tablet,180mg,10.0,strip,251.2,False
44,Albendazole 400mg Tablet,13,8,tablet,400mg,1.0,strip,9.58,False
45,Asthalin Syrup,14,6,syrup,2mg/5ml,100.0,bottle,19.04,False
46,Asthalin Syrup,497,6,syrup,2mg/5ml,100.0,bottle,19.04,False
47,Asthalin Syrup,1172,6,syrup,2mg/5ml,100.0,bottle,19.04,False
48,Alprax 0.25 Tablet,15,11,tablet,0.25mg,15.0,strip,29.0,False
49,Alprax 0.25 Tablet,150,11,tablet,0.25mg,15.0,strip,29.0,False
50,Alprax 0.25 Tablet,1561,11,tablet,0.25mg,15.0,strip,29.0,False
51,Alprax 0.25 Tablet,1624,11,tablet,0.25mg,15.0,strip,29.0,False
52,Altraday Capsule SR,16,13,capsule,200mg,10.0,strip,128.0,False
53,Altraday Capsule SR,23,13,capsule,200mg,10.0,strip,128.0,False
54,Ativan 2mg Tablet,17,14,tablet,2mg,30.0,strip,91.87,False
55,Ascoril LS Junior Syrup,3,3,syrup,15mg/5ml,60.0,bottle,96.0,False
56,Ascoril LS Junior Syrup,49,3,syrup,15mg/5ml,60.0,bottle,96.0,False
57,Ascoril LS Junior Syrup,73,3,syrup,15mg/5ml,60.0,bottle,96.0,False
58,Ascoril LS Junior Syrup,743,3,syrup,15mg/5ml,60.0,bottle,96.0,False
62,Almox 500 Capsule,1,15,capsule,500mg,10.0,strip,80.26,False
63,Atarax 10mg Tablet,7,7,tablet,10mg,15.0,strip,47.91,False
64,Aciloc RD 20 Tablet,18,8,tablet,10mg,15.0,strip,77.0,False
65,Aciloc RD 20 Tablet,302,8,tablet,10mg,15.0,strip,77.0,False
66,Aciloc RD 20 Tablet,558,8,tablet,10mg,15.0,strip,77.0,False
67,Aldactone Tablet,19,16,tablet,25mg,15.0,strip,35.35,False
70,Amlokind-AT Tablet,20,12,tablet,5mg,15.0,strip,44.7,False
71,Axcer  90mg Tablet,21,13,tablet,90mg,14.0,strip,420.0,False
72,Ativan 1mg Tablet,17,14,tablet,1mg,30.0,strip,75.67,False
74,Aldigesic P 100mg/325mg Tablet,16,15,tablet,100mg,15.0,strip,110.0,False
75,Aldigesic P 100mg/325mg Tablet,23,15,tablet,100mg,15.0,strip,110.0,False
76,Alfoo 10mg Tablet PR,24,7,tablet,10mg,30.0,strip,687.75,False
77,Alprax 0.5mg Tablet,15,11,tablet,0.5mg,15.0,strip,66.9,False
78,Alprax 0.5mg Tablet,150,11,tablet,0.5mg,15.0,strip,66.9,False
79,Alprax 0.5mg Tablet,1561,11,tablet,0.5mg,15.0,strip,66.9,False
80,Alprax 0.5mg Tablet,1624,11,tablet,0.5mg,15.0,strip,66.9,False
81,Arachitol 6L Injection,25,5,injection,,,,407.76,False
82,Anafortan 25 mg/300 mg Tablet,26,5,tablet,25mg,15.0,strip,124.56,False
83,Anafortan 25 mg/300 mg Tablet,160,5,tablet,25mg,15.0,strip,124.56,False
84,Alex Junior Syrup,27,3,syrup,2mg/5ml,60.0,bottle,95.0,False
86,AB Phylline Capsule,28,13,capsule,100mg,10.0,strip,162.0,False
87,AB Phylline Capsule,1297,13,capsule,100mg,10.0,strip,162.0,False
88,AB Phylline Capsule,1553,13,capsule,100mg,10.0,strip,162.0,False
89,Althrocin 500 Tablet,29,2,tablet,500mg,10.0,strip,110.3,False
91,Azicip 500 Tablet,2,6,tablet,500mg,3.0,strip,79.43,False
92,Aldigesic-SP Tablet,16,15,tablet,100mg,10.0,strip,120.0,False
93,Aldigesic-SP Tablet,23,15,tablet,100mg,10.0,strip,120.0,False
98,Acemiz Plus Tablet,16,19,tablet,100mg,10.0,strip,99.5,False
99,Acemiz Plus Tablet,23,19,tablet,100mg,10.0,strip,99.5,False
100,Aceclo Plus Tablet,16,10,tablet,100mg,15.0,strip,90.85,False
101,Aceclo Plus Tablet,23,10,tablet,100mg,15.0,strip,90.85,False
109,Avil Injection,5,4,injection,22.75mg,10.0,ml,21.17,False
111,Atorva Tablet,33,21,tablet,10mg,15.0,strip,102.31,False
112,Atorva Tablet,1502,21,tablet,10mg,15.0,strip,102.31,False
113,Atorva Tablet,1755,21,tablet,10mg,15.0,strip,102.31,False
118,Ascoril LS Drops,3,3,drops,7.5mg/ml,15.0,bottle,72.0,False
119,Ascoril LS Drops,49,3,drops,7.5mg/ml,15.0,bottle,72.0,False
120,Ascoril LS Drops,73,3,drops,7.5mg/ml,15.0,bottle,72.0,False
121,Ascoril LS Drops,743,3,drops,7.5mg/ml,15.0,bottle,72.0,False
122,Azmarda 50mg Tablet,34,22,tablet,24mg,14.0,strip,1092.03,False
123,Amixide-H Tablet,35,13,tablet,12.5mg,10.0,strip,51.0,False
124,Amixide-H Tablet,136,13,tablet,12.5mg,10.0,strip,51.0,False
125,AB-Flo-N Tablet,28,19,tablet,100mg,10.0,strip,207.25,False
126,AB-Flo-N Tablet,1297,19,tablet,100mg,10.0,strip,207.25,False
127,AB-Flo-N Tablet,1553,19,tablet,100mg,10.0,strip,207.25,False
128,AF Kit Tablet,2,23,tablet,1000mg,4.0,strip,110.0,False
129,Amlokind 5 Tablet,20,12,tablet,5mg,15.0,strip,22.15,False
130,Amlong Tablet,20,24,tablet,5mg,15.0,strip,48.55,False
132,Ascoril D Junior Cough Syrup,8,3,syrup,5mg/5ml,60.0,bottle,98.0,False
133,Ascoril D Junior Cough Syrup,10,3,syrup,5mg/5ml,60.0,bottle,98.0,False
134,Ascoril D Junior Cough Syrup,301,3,syrup,5mg/5ml,60.0,bottle,98.0,False
135,Ascoril D Junior Cough Syrup,1251,3,syrup,5mg/5ml,60.0,bottle,98.0,False
136,Ascoril D Junior Cough Syrup,1508,3,syrup,5mg/5ml,60.0,bottle,98.0,False
137,Amitone 10mg Tablet,35,25,tablet,10mg,10.0,strip,19.15,False
138,Amitone 10mg Tablet,136,25,tablet,10mg,10.0,strip,19.15,False
139,Aulin 100mg Tablet,37,26,tablet,100mg,10.0,strip,50.56,False
140,Aulin 100mg Tablet,686,26,tablet,100mg,10.0,strip,50.56,False
142,Ambrodil-LX Syrup,3,10,syrup,30mg/5ml,100.0,bottle,90.85,False
143,Ambrodil-LX Syrup,49,10,syrup,30mg/5ml,100.0,bottle,90.85,False
144,Ambrodil-LX Syrup,73,10,syrup,30mg/5ml,100.0,bottle,90.85,False
145,Ambrodil-LX Syrup,743,10,syrup,30mg/5ml,100.0,bottle,90.85,False
146,Aquasol A Capsule,39,9,capsule,,30.0,units,29.6,False
147,AB Phylline SR 200 Tablet,28,13,tablet,200mg,10.0,strip,252.0,False
148,AB Phylline SR 200 Tablet,1297,13,tablet,200mg,10.0,strip,252.0,False
149,AB Phylline SR 200 Tablet,1553,13,tablet,200mg,10.0,strip,252.0,False
151,Amaryl 1mg Tablet,41,4,tablet,1mg,30.0,strip,133.81,False
152,Aztor 10 Tablet,33,13,tablet,10mg,15.0,strip,102.25,False
153,Aztor 10 Tablet,1502,13,tablet,10mg,15.0,strip,102.25,False
154,Aztor 10 Tablet,1755,13,tablet,10mg,15.0,strip,102.25,False
155,Atorva 40 Tablet,33,21,tablet,40mg,10.0,strip,239.89,False
156,Atorva 40 Tablet,1502,21,tablet,40mg,10.0,strip,239.89,False
157,Atorva 40 Tablet,1755,21,tablet,40mg,10.0,strip,239.89,False
158,Azax 500 Tablet,2,13,tablet,500mg,3.0,strip,79.3,False
159,Alex Syrup Sugar Free,8,3,syrup,5mg/5ml,100.0,bottle,129.0,False
160,Alex Syrup Sugar Free,10,3,syrup,5mg/5ml,100.0,bottle,129.0,False
161,Alex Syrup Sugar Free,301,3,syrup,5mg/5ml,100.0,bottle,129.0,False
162,Alex Syrup Sugar Free,1251,3,syrup,5mg/5ml,100.0,bottle,129.0,False
163,Alex Syrup Sugar Free,1508,3,syrup,5mg/5ml,100.0,bottle,129.0,False
164,Anxit 0.5 Tablet,15,24,tablet,0.5mg,15.0,strip,47.0,False
165,Anxit 0.5 Tablet,150,24,tablet,0.5mg,15.0,strip,47.0,False
166,Anxit 0.5 Tablet,1561,24,tablet,0.5mg,15.0,strip,47.0,False
167,Anxit 0.5 Tablet,1624,24,tablet,0.5mg,15.0,strip,47.0,False
168,Anxit 0.25mg Tablet,15,24,tablet,0.25mg,15.0,strip,20.5,False
169,Anxit 0.25mg Tablet,150,24,tablet,0.25mg,15.0,strip,20.5,False
170,Anxit 0.25mg Tablet,1561,24,tablet,0.25mg,15.0,strip,20.5,False
171,Anxit 0.25mg Tablet,1624,24,tablet,0.25mg,15.0,strip,20.5,False
172,Acitrom 2 Tablet,42,5,tablet,2mg,30.0,strip,414.65,False
173,Angispan - TR 2.5mg Capsule,43,9,capsule,2.5mg,25.0,units,198.0,False
175,Acemiz -MR Tablet,16,19,tablet,100mg,10.0,strip,99.5,False
176,Acemiz -MR Tablet,23,19,tablet,100mg,10.0,strip,99.5,False
177,Akurit 4 Tablet,36,19,tablet,75mg,10.0,strip,82.6,False
181,Acivir 400 DT Tablet,47,6,tablet,400mg,5.0,strip,76.55,False
182,Aptimust Syrup,48,12,syrup,2mg/5ml,200.0,bottle,129.9,False
183,Augmentin 1000 Duo Tablet,1,1,tablet,875mg,10.0,strip,601.45,False
184,Ambrodil Syrup,3,10,syrup,30mg/5ml,100.0,bottle,69.75,False
185,Ambrodil Syrup,49,10,syrup,30mg/5ml,100.0,bottle,69.75,False
186,Ambrodil Syrup,73,10,syrup,30mg/5ml,100.0,bottle,69.75,False
187,Ambrodil Syrup,743,10,syrup,30mg/5ml,100.0,bottle,69.75,False
188,Acogut Tablet,50,19,tablet,100mg,15.0,strip,239.4,False
189,Atarax Drops,7,7,syrup,6mg,15.0,bottle,69.75,False
190,Amlip 5 Tablet,20,6,tablet,5mg,10.0,strip,32.36,False
191,AntiD 300mcg/ml Injection,51,28,injection,,,,3039.42,False
192,Alerid Syrup,52,6,syrup,5mg/5ml,30.0,bottle,21.84,False
193,Aldactone 50 Tablet,19,16,tablet,50mg,15.0,strip,70.6,False
194,Ampoxin 500 Capsule,53,11,capsule,250mg,15.0,strip,88.9,False
196,Alerid Tablet,52,6,tablet,10mg,10.0,strip,20.48,False
197,Augmentin 375 Tablet,1,1,tablet,250mg,10.0,strip,229.0,False
198,Acenac-P  Tablet,16,29,tablet,100mg,10.0,strip,61.0,False
199,Acenac-P  Tablet,23,29,tablet,100mg,10.0,strip,61.0,False
201,AB-Flo Capsule,28,19,capsule,100mg,10.0,strip,156.6,False
202,AB-Flo Capsule,1297,19,capsule,100mg,10.0,strip,156.6,False
203,AB-Flo Capsule,1553,19,capsule,100mg,10.0,strip,156.6,False
204,AB Phylline N Tablet,28,13,tablet,100mg,10.0,strip,209.0,False
205,AB Phylline N Tablet,1297,13,tablet,100mg,10.0,strip,209.0,False
206,AB Phylline N Tablet,1553,13,tablet,100mg,10.0,strip,209.0,False
207,Amifru 40 Tablet,54,11,tablet,40mg,10.0,strip,11.25,False
210,Aciloc 300 Tablet,9,8,tablet,300mg,20.0,strip,50.0,False
212,Ace Proxyvon Tablet,16,7,tablet,100mg,10.0,strip,72.5,False
213,Ace Proxyvon Tablet,23,7,tablet,100mg,10.0,strip,72.5,False
214,Avil Injection,5,4,injection,22.75mg,2.0,ml,5.66,False
217,Admenta 5 Tablet,57,13,tablet,5mg,10.0,strip,119.0,False
218,Aceclo-MR Tablet,16,10,tablet,100mg,10.0,strip,88.65,False
219,Aceclo-MR Tablet,23,10,tablet,100mg,10.0,strip,88.65,False
220,Alerid-D Tablet,52,6,tablet,5mg,10.0,strip,57.97,False
221,Acemiz-S Tablet,16,19,tablet,100mg,10.0,strip,115.44,False
222,Acemiz-S Tablet,23,19,tablet,100mg,10.0,strip,115.44,False
223,Allercet-DC Tablet,52,24,tablet,10mg,10.0,strip,80.0,False
224,Aztolet  10 Tablet,33,13,tablet,10mg,10.0,strip,170.0,False
225,Aztolet  10 Tablet,1502,13,tablet,10mg,10.0,strip,170.0,False
226,Aztolet  10 Tablet,1755,13,tablet,10mg,10.0,strip,170.0,False
227,Amaryl 2mg Tablet,41,4,tablet,2mg,30.0,strip,212.65,False
228,Augmentin 1.2gm Injection,1,1,injection,1000mg,,,156.14,False
229,Ambrodil-Plus RF Syrup,3,10,syrup,15mg/5ml,100.0,bottle,89.75,False
230,Ambrodil-Plus RF Syrup,49,10,syrup,15mg/5ml,100.0,bottle,89.75,False
231,Ambrodil-Plus RF Syrup,73,10,syrup,15mg/5ml,100.0,bottle,89.75,False
232,Ambrodil-Plus RF Syrup,743,10,syrup,15mg/5ml,100.0,bottle,89.75,False
233,Amlopres-AT Tablet,20,6,tablet,5mg,15.0,strip,148.59,False
234,Ajaduo 25mg/5mg Tablet,58,19,tablet,25mg,10.0,strip,820.0,False
235,Ajaduo 25mg/5mg Tablet,1201,19,tablet,25mg,10.0,strip,820.0,False
236,Avanair 100 Tablet,59,6,tablet,100mg,4.0,strip,220.0,False
237,Acton-OR Tablet SR,60,31,tablet,300mg,10.0,strip,50.55,False
238,Acton-OR Tablet SR,764,31,tablet,300mg,10.0,strip,50.55,False
239,Aquazide 12.5 Tablet,61,13,tablet,12.5mg,10.0,strip,12.15,False
244,Althrocin 250 Tablet,29,2,tablet,250mg,10.0,strip,56.6,False
245,Azikem 500mg Tablet,2,15,tablet,500mg,3.0,strip,71.7,False
246,Aldosmin 500mg Tablet,62,13,tablet,450mg,10.0,strip,137.0,False
247,Amlovas 5 Tablet,20,33,tablet,5mg,15.0,strip,48.55,False
248,Acitrom 1 Tablet,42,5,tablet,1mg,30.0,strip,264.74,False
249,AF 150 Tablet DT,63,23,tablet,150mg,1.0,strip,11.45,False
250,AF 150 Tablet DT,369,23,tablet,150mg,1.0,strip,11.45,False
251,AF 150 Tablet DT,1308,23,tablet,150mg,1.0,strip,11.45,False
255,Amaryl M  1mg Tablet PR,41,4,tablet,1mg,20.0,strip,242.84,False
257,AF 400 Tablet,63,23,tablet,400mg,1.0,strip,25.6,False
258,AF 400 Tablet,369,23,tablet,400mg,1.0,strip,25.6,False
259,AF 400 Tablet,1308,23,tablet,400mg,1.0,strip,25.6,False
260,Amantrel Tablet,64,6,tablet,100mg,15.0,strip,222.27,False
261,Atorva 20 Tablet,33,21,tablet,20mg,15.0,strip,247.78,False
262,Atorva 20 Tablet,1502,21,tablet,20mg,15.0,strip,247.78,False
263,Atorva 20 Tablet,1755,21,tablet,20mg,15.0,strip,247.78,False
264,Acenac-MR Tablet,65,29,tablet,4mg,10.0,strip,218.0,False
265,Acenac-MR Tablet,818,29,tablet,4mg,10.0,strip,218.0,False
270,Asthalin 4 Tablet,14,6,tablet,4mg,30.0,strip,9.06,False
271,Asthalin 4 Tablet,497,6,tablet,4mg,30.0,strip,9.06,False
272,Asthalin 4 Tablet,1172,6,tablet,4mg,30.0,strip,9.06,False
273,Abiways Tablet,28,12,tablet,100mg,10.0,strip,167.5,False
274,Abiways Tablet,1297,12,tablet,100mg,10.0,strip,167.5,False
275,Abiways Tablet,1553,12,tablet,100mg,10.0,strip,167.5,False
276,Amaryl M  2mg Tablet PR,41,4,tablet,2mg,20.0,strip,363.34,False
277,Azoran Tablet,40,16,tablet,50mg,20.0,strip,236.25,False
278,Ampilox Capsule,53,35,capsule,250mg,15.0,strip,151.35,False
280,Acogut 300 ER Tablet,50,19,tablet,300mg,10.0,strip,384.8,False
281,Acuvin Tablet,67,5,tablet,325mg,15.0,strip,227.66,False
282,Acuvin Tablet,1668,5,tablet,325mg,15.0,strip,227.66,False
283,AB-Flo SR Tablet,28,19,tablet,200mg,10.0,strip,238.5,False
284,AB-Flo SR Tablet,1297,19,tablet,200mg,10.0,strip,238.5,False
285,AB-Flo SR Tablet,1553,19,tablet,200mg,10.0,strip,238.5,False
286,Air-M Tablet,6,23,tablet,10mg,10.0,strip,69.0,False
287,Air-M Tablet,521,23,tablet,10mg,10.0,strip,69.0,False
288,Atorlip-F Tablet,33,6,tablet,10mg,15.0,strip,366.75,False
289,Atorlip-F Tablet,1502,6,tablet,10mg,15.0,strip,366.75,False
290,Atorlip-F Tablet,1755,6,tablet,10mg,15.0,strip,366.75,False
291,Advent Forte 457mg Syrup Tangy Orange,1,6,syrup,400mg/5ml,30.0,bottle,193.74,False
292,Amlodac 5 Tablet,20,21,tablet,5mg,30.0,strip,97.1,False
293,Aztor 40 Tablet,33,13,tablet,40mg,15.0,strip,359.8,False
294,Aztor 40 Tablet,1502,13,tablet,40mg,15.0,strip,359.8,False
295,Aztor 40 Tablet,1755,13,tablet,40mg,15.0,strip,359.8,False
301,Amlip AT Tablet,20,6,tablet,5mg,10.0,strip,72.6,False
302,Asthakind-P Drops,3,12,drops,7.5mg,15.0,ml,62.0,False
303,Asthakind-P Drops,49,12,drops,7.5mg,15.0,ml,62.0,False
304,Asthakind-P Drops,73,12,drops,7.5mg,15.0,ml,62.0,False
305,Asthakind-P Drops,743,12,drops,7.5mg,15.0,ml,62.0,False
308,Aldosmin 1000mg Tablet,62,13,tablet,900mg,10.0,strip,238.0,False
309,Andre I-Kul Eye Drop,71,25,drops,,10.0,ml,73.5,False
310,Antiflu 75mg Capsule,72,6,capsule,75mg,10.0,strip,726.72,False
311,Alerfix Total Tablet SR,3,38,tablet,75mg,15.0,strip,262.02,False
312,Alerfix Total Tablet SR,49,38,tablet,75mg,15.0,strip,262.02,False
313,Alerfix Total Tablet SR,73,38,tablet,75mg,15.0,strip,262.02,False
314,Alerfix Total Tablet SR,743,38,tablet,75mg,15.0,strip,262.02,False
319,Aquaviron Injection 1ml,76,5,injection,25mg,,,194.49,False
320,Aciclovir 400 Tablet,47,39,tablet,400mg,5.0,strip,67.42,False
321,Alkof DX Syrup,27,15,syrup,4mg,100.0,bottle,110.0,False
322,ATM 500 Tablet,2,40,tablet,500mg,5.0,strip,132.38,False
324,Ambrolite D Syrup,8,34,syrup,5mg/5ml,100.0,bottle,118.0,False
325,Ambrolite D Syrup,10,34,syrup,5mg/5ml,100.0,bottle,118.0,False
326,Ambrolite D Syrup,301,34,syrup,5mg/5ml,100.0,bottle,118.0,False
327,Ambrolite D Syrup,1251,34,syrup,5mg/5ml,100.0,bottle,118.0,False
328,Ambrolite D Syrup,1508,34,syrup,5mg/5ml,100.0,bottle,118.0,False
330,Aten 50 Tablet,79,21,tablet,50mg,14.0,strip,31.04,False
331,Azmarda 100mg Tablet,34,22,tablet,49mg,14.0,strip,1169.05,False
332,Asthalin AX Syrup,3,6,syrup,30mg/5ml,100.0,bottle,104.67,False
333,Asthalin AX Syrup,49,6,syrup,30mg/5ml,100.0,bottle,104.67,False
334,Asthalin AX Syrup,73,6,syrup,30mg/5ml,100.0,bottle,104.67,False
335,Asthalin AX Syrup,743,6,syrup,30mg/5ml,100.0,bottle,104.67,False
336,Alzolam 0.5mg Tablet,15,13,tablet,0.5mg,10.0,strip,36.5,False
337,Alzolam 0.5mg Tablet,150,13,tablet,0.5mg,10.0,strip,36.5,False
338,Alzolam 0.5mg Tablet,1561,13,tablet,0.5mg,10.0,strip,36.5,False
339,Alzolam 0.5mg Tablet,1624,13,tablet,0.5mg,10.0,strip,36.5,False
341,Ambulax Tablet,15,43,tablet,0.25mg,15.0,strip,101.25,False
342,Ambulax Tablet,150,43,tablet,0.25mg,15.0,strip,101.25,False
343,Ambulax Tablet,1561,43,tablet,0.25mg,15.0,strip,101.25,False
344,Ambulax Tablet,1624,43,tablet,0.25mg,15.0,strip,101.25,False
345,Amlovas-AT Tablet,20,33,tablet,5mg,15.0,strip,106.0,False
346,Asthakind-DX Junior Syrup Cherry,8,12,syrup,2.5mg/5ml,60.0,bottle,60.5,False
347,Asthakind-DX Junior Syrup Cherry,10,12,syrup,2.5mg/5ml,60.0,bottle,60.5,False
348,Asthakind-DX Junior Syrup Cherry,301,12,syrup,2.5mg/5ml,60.0,bottle,60.5,False
349,Asthakind-DX Junior Syrup Cherry,1251,12,syrup,2.5mg/5ml,60.0,bottle,60.5,False
350,Asthakind-DX Junior Syrup Cherry,1508,12,syrup,2.5mg/5ml,60.0,bottle,60.5,False
351,Advent 228.5mg Dry Syrup,1,6,syrup,200mg/5ml,30.0,bottle,67.2,False
352,Acivir 800 DT Tablet,47,6,tablet,800mg,5.0,strip,246.23,False
353,Alfusin Tablet PR,24,6,tablet,10mg,15.0,strip,298.67,False
354,Aziwok 500 Tablet,2,7,tablet,500mg,5.0,strip,132.36,False
356,Almox-CV 625 Tablet,1,44,tablet,500mg,6.0,strip,116.51,False
359,Ace-Proxyvon CR Tablet,16,7,tablet,200mg,10.0,strip,143.25,False
360,Ace-Proxyvon CR Tablet,23,7,tablet,200mg,10.0,strip,143.25,False
361,Ascoril C  Syrup,27,3,syrup,4mg,120.0,bottle,174.0,False
362,Aprezo 30mg Tablet,81,3,tablet,30mg,10.0,strip,295.5,False
363,Apidra 100IU Cartridge,82,4,injection,,3.0,ml,761.0,False
364,Amlosafe 3D Tablet,83,10,tablet,40mg,7.0,strip,67.2,False
365,Andial 2mg Tablet,84,45,tablet,2mg,10.0,strip,24.5,False
366,Acenext P 100mg/325mg Tablet,16,8,tablet,100mg,10.0,strip,58.0,False
367,Acenext P 100mg/325mg Tablet,23,8,tablet,100mg,10.0,strip,58.0,False
370,Asomex 2.5 Tablet,85,46,tablet,2.5mg,15.0,strip,100.2,False
371,Angiplat 2.5 Capsule TR,43,24,capsule,2.5mg,25.0,units,162.5,False
372,Alkof Cofgel  Tablet,30,15,tablet,,10.0,strip,28.0,False
373,Alkof Cofgel  Tablet,86,15,tablet,,10.0,strip,28.0,False
374,Alkof Cofgel  Tablet,364,15,tablet,,10.0,strip,28.0,False
376,Alzolam 0.25mg Tablet,15,13,tablet,0.25mg,10.0,strip,17.45,False
377,Alzolam 0.25mg Tablet,150,13,tablet,0.25mg,10.0,strip,17.45,False
378,Alzolam 0.25mg Tablet,1561,13,tablet,0.25mg,10.0,strip,17.45,False
379,Alzolam 0.25mg Tablet,1624,13,tablet,0.25mg,10.0,strip,17.45,False
380,Advent 625 Tablet,1,6,tablet,500mg,10.0,strip,223.44,False
381,Alsita M 50mg/500mg Tablet,87,15,tablet,50mg,10.0,strip,89.0,False
382,Axogurd-SR Tablet,88,2,tablet,,10.0,strip,175.25,False
383,Azoflox UTI Tablet,89,47,tablet,200mg,10.0,strip,135.0,False
384,Azoflox UTI Tablet,436,47,tablet,200mg,10.0,strip,135.0,False
385,Azulix 2 MF Tablet PR,41,11,tablet,2mg,15.0,strip,225.0,False
386,Amaryl MV 2mg Tablet SR,41,4,tablet,2mg,15.0,strip,213.42,False
387,Azulix 1 MF Tablet PR,41,11,tablet,1mg,15.0,strip,155.0,False
388,Aten 25 Tablet,79,21,tablet,25mg,14.0,strip,27.9,False
389,Azibact 500 Tablet,2,48,tablet,500mg,5.0,strip,132.37,False
390,Amlopres TL Tablet,83,6,tablet,40mg,15.0,strip,121.97,False
391,Ambrolite Syrup,3,34,syrup,30mg/5ml,100.0,bottle,82.0,False
392,Ambrolite Syrup,49,34,syrup,30mg/5ml,100.0,bottle,82.0,False
393,Ambrolite Syrup,73,34,syrup,30mg/5ml,100.0,bottle,82.0,False
394,Ambrolite Syrup,743,34,syrup,30mg/5ml,100.0,bottle,82.0,False
396,Aztor 20 Tablet,33,13,tablet,20mg,15.0,strip,247.75,False
397,Aztor 20 Tablet,1502,13,tablet,20mg,15.0,strip,247.75,False
398,Aztor 20 Tablet,1755,13,tablet,20mg,15.0,strip,247.75,False
399,Alkof Syrup,30,15,syrup,50mg,100.0,bottle,85.0,False
400,Alkof Syrup,86,15,syrup,50mg,100.0,bottle,85.0,False
401,Alkof Syrup,364,15,syrup,50mg,100.0,bottle,85.0,False
402,Atorfit CV 10 Capsule,33,49,capsule,10mg,15.0,strip,297.0,False
403,Atorfit CV 10 Capsule,1502,49,capsule,10mg,15.0,strip,297.0,False
404,Atorfit CV 10 Capsule,1755,49,capsule,10mg,15.0,strip,297.0,False
406,Amtas 5 Tablet,20,25,tablet,5mg,30.0,strip,97.1,False
407,Alrgee 120mg Tablet,4,50,tablet,120mg,10.0,strip,33.25,False
408,Avil 50mg Tablet,5,4,tablet,50mg,15.0,strip,12.11,False
409,Arip MT 5 Tablet,91,11,tablet,5mg,15.0,strip,133.0,False
410,Alivher Tablet,77,51,tablet,25mg,10.0,strip,215.0,False
411,Apdrops LP  Eye Drop BAK Free,92,49,drops,,5.0,bottle,209.0,False
416,Altonil 3mg Tablet,93,53,tablet,3mg,15.0,strip,82.04,False
417,Allercet Cold Tablet,94,24,tablet,5mg,10.0,strip,77.0,False
418,Atorlip 10 Tablet,33,6,tablet,10mg,15.0,strip,102.31,False
419,Atorlip 10 Tablet,1502,6,tablet,10mg,15.0,strip,102.31,False
420,Atorlip 10 Tablet,1755,6,tablet,10mg,15.0,strip,102.31,False
421,Admenta 10 Tablet,57,13,tablet,10mg,10.0,strip,208.0,False
422,Amox 500mg Capsule,1,54,capsule,500mg,10.0,strip,60.48,False
423,Azee 250 Tablet,2,6,tablet,250mg,6.0,strip,78.75,False
427,Add Tears Lubricant Eye Drop,95,6,drops,,10.0,bottle,135.25,False
428,Almox 250 Capsule,1,15,capsule,250mg,10.0,strip,24.72,False
429,Aztor Asp 75 Capsule,33,13,capsule,10mg,10.0,strip,38.5,False
430,Aztor Asp 75 Capsule,1502,13,capsule,10mg,10.0,strip,38.5,False
431,Aztor Asp 75 Capsule,1755,13,capsule,10mg,10.0,strip,38.5,False
432,Alkacip Syrup,22,6,syrup,,100.0,bottle,77.0,False
433,Arbitel-Trio 50 Tablet ER,96,24,tablet,10mg,10.0,strip,146.0,False
434,Arbitel-Trio 50 Tablet ER,655,24,tablet,10mg,10.0,strip,146.0,False
435,Acivir 200 DT Tablet,47,6,tablet,200mg,10.0,strip,84.22,False
439,Apigat 2.5 Tablet,98,56,tablet,2.5mg,30.0,units,720.0,False
440,Aeromont-B Tablet,99,10,tablet,20mg,10.0,strip,90.0,False
441,Amlopres 5 Tablet,20,6,tablet,5mg,30.0,strip,97.1,False
442,Abevia-N Tablet,28,12,tablet,100mg,10.0,strip,167.5,False
443,Abevia-N Tablet,1297,12,tablet,100mg,10.0,strip,167.5,False
444,Abevia-N Tablet,1553,12,tablet,100mg,10.0,strip,167.5,False
445,Acamprol Tablet,100,13,tablet,333mg,6.0,strip,105.5,False
447,Atormac CV10 Capsule,33,33,capsule,10mg,10.0,strip,203.0,False
448,Atormac CV10 Capsule,1502,33,capsule,10mg,10.0,strip,203.0,False
449,Atormac CV10 Capsule,1755,33,capsule,10mg,10.0,strip,203.0,False
450,Apdrops PD Eye Drop,102,49,drops,,10.0,bottle,43.72,False
451,Apdrops PD Eye Drop,108,49,drops,,10.0,bottle,43.72,False
452,Apdrops PD Eye Drop,710,49,drops,,10.0,bottle,43.72,False
456,Amlong-A Tablet,20,24,tablet,5mg,15.0,strip,145.0,False
460,Amoxyclav 375 Tablet,1,5,tablet,250mg,10.0,strip,356.92,False
461,Abd 400mg Tablet,13,25,tablet,400mg,1.0,strip,9.58,False
462,Amlong 2.5 Tablet,20,24,tablet,2.5mg,15.0,strip,30.91,False
467,Azithro 250mg Tablet,2,61,tablet,250mg,6.0,strip,57.08,False
468,Azimax 500 Tablet,2,6,tablet,500mg,5.0,strip,119.5,False
470,Air 180 Tablet,4,23,tablet,180mg,10.0,strip,59.0,False
471,Adilip 135 Tablet DR,107,25,tablet,135mg,10.0,strip,202.0,False
472,Apdrops Eye Drop,102,49,drops,,5.0,bottle,184.5,False
473,Apdrops Eye Drop,108,49,drops,,5.0,bottle,184.5,False
474,Apdrops Eye Drop,710,49,drops,,5.0,bottle,184.5,False
476,Apigat 5 Tablet,98,56,tablet,5mg,30.0,units,855.0,False
477,Amlogard 5mg Tablet,20,14,tablet,5mg,30.0,strip,91.86,False
478,Amaryl MV 1mg Tablet SR,41,4,tablet,1mg,15.0,strip,168.39,False
479,Azee 500 Tablet,2,6,tablet,500mg,3.0,strip,79.43,False
481,Aciloc Injection,9,8,injection,25mg,2.0,ml,6.03,False
482,Alex P Syrup,27,3,syrup,0.5mg/5ml,60.0,bottle,98.0,False
483,AZR Tablet,40,48,tablet,50mg,10.0,strip,118.23,False
484,Angicam-Beta Tablet,20,62,tablet,5mg,15.0,strip,37.0,False
485,Amicobal 10mg/1500mcg Tablet,35,63,tablet,10mg,10.0,strip,165.0,False
486,Amicobal 10mg/1500mcg Tablet,136,63,tablet,10mg,10.0,strip,165.0,False
487,Actibile 300 Tablet,109,21,tablet,300mg,10.0,strip,398.3,False
488,Ambrolite Levo Syrup,3,34,syrup,30mg/5ml,100.0,bottle,107.0,False
489,Ambrolite Levo Syrup,49,34,syrup,30mg/5ml,100.0,bottle,107.0,False
490,Ambrolite Levo Syrup,73,34,syrup,30mg/5ml,100.0,bottle,107.0,False
491,Ambrolite Levo Syrup,743,34,syrup,30mg/5ml,100.0,bottle,107.0,False
492,Amaryl M Forte 2mg Tablet PR,41,4,tablet,2mg,15.0,strip,276.3,False
495,Algesia CR 200mg/20mg Capsule,16,33,capsule,200mg,10.0,strip,121.0,False
496,Algesia CR 200mg/20mg Capsule,23,33,capsule,200mg,10.0,strip,121.0,False
501,Atorva 80 Tablet,33,21,tablet,80mg,10.0,strip,644.25,False
502,Atorva 80 Tablet,1502,21,tablet,80mg,10.0,strip,644.25,False
503,Atorva 80 Tablet,1755,21,tablet,80mg,10.0,strip,644.25,False
504,Acitrom 4 Tablet,42,5,tablet,4mg,30.0,strip,565.25,False
505,Alsita 100mg Tablet,87,15,tablet,100mg,10.0,strip,99.0,False
508,Airz Capsule,110,3,capsule,,30.0,units,537.0,False
509,Asomex 5 Tablet,85,46,tablet,5mg,15.0,strip,156.2,False
510,Axcer  90mg Tablet,21,13,tablet,90mg,180.0,units,3600.0,False
514,Addwize 10mg Tablet,112,13,tablet,10mg,10.0,strip,127.0,False
519,Amlong 10 Tablet,20,24,tablet,10mg,15.0,strip,94.58,False
520,Abd Plus Tablet,113,25,tablet,6mg,1.0,strip,37.0,False
521,Allercet-M Tablet,94,24,tablet,5mg,10.0,strip,152.0,False
527,Augpen 625 BID Tablet,1,57,tablet,500mg,10.0,strip,216.28,False
528,Atchol-F Tablet,33,10,tablet,10mg,10.0,strip,98.0,False
529,Atchol-F Tablet,1502,10,tablet,10mg,10.0,strip,98.0,False
530,Atchol-F Tablet,1755,10,tablet,10mg,10.0,strip,98.0,False
532,Arbitel-Trio 25 Tablet ER,96,24,tablet,10mg,10.0,strip,118.0,False
533,Arbitel-Trio 25 Tablet ER,655,24,tablet,10mg,10.0,strip,118.0,False
534,Acivir Eye Ointment,47,6,ointment,,5.0,tube,58.11,False
535,Aceclo Tablet,16,10,tablet,100mg,10.0,strip,52.55,False
536,Aceclo Tablet,23,10,tablet,100mg,10.0,strip,52.55,False
538,Amitone 25mg Tablet,35,25,tablet,25mg,10.0,strip,27.54,False
539,Amitone 25mg Tablet,136,25,tablet,25mg,10.0,strip,27.54,False
540,Anafortan Syrup,26,5,syrup,12.5mg/5ml,60.0,bottle,101.73,False
541,Anafortan Syrup,160,5,syrup,12.5mg/5ml,60.0,bottle,101.73,False
542,Acera-D Capsule SR,18,48,capsule,30mg,10.0,strip,118.45,False
543,Acera-D Capsule SR,302,48,capsule,30mg,10.0,strip,118.45,False
544,Acera-D Capsule SR,558,48,capsule,30mg,10.0,strip,118.45,False
549,Aculip H 12.5 mg/5 mg Tablet,35,65,tablet,12.5mg,20.0,strip,73.2,False
550,Aculip H 12.5 mg/5 mg Tablet,136,65,tablet,12.5mg,20.0,strip,73.2,False
551,Aztolet  20 Tablet,33,13,tablet,20mg,10.0,strip,246.0,False
552,Aztolet  20 Tablet,1502,13,tablet,20mg,10.0,strip,246.0,False
553,Aztolet  20 Tablet,1755,13,tablet,20mg,10.0,strip,246.0,False
554,Amlopin 5 Tablet,20,9,tablet,5mg,10.0,strip,32.37,False
556,Alzil-M 5 Tablet,116,25,tablet,5mg,10.0,strip,192.0,False
557,Acuvert Tablet,117,5,tablet,5mg,9.0,strip,73.52,False
558,Alciflox 500mg Tablet,118,15,tablet,500mg,10.0,strip,45.29,False
559,Azax 250 Tablet,2,13,tablet,250mg,6.0,strip,71.02,False
560,Aceclo Spas Tablet,119,10,tablet,80mg,10.0,strip,125.9,False
561,Aceclo Spas Tablet,220,10,tablet,80mg,10.0,strip,125.9,False
562,Aceclo Spas Tablet,1619,10,tablet,80mg,10.0,strip,125.9,False
563,Asthakind-LS Drop,3,12,drops,,15.0,bottle,60.0,False
564,Asthakind-LS Drop,49,12,drops,,15.0,bottle,60.0,False
565,Asthakind-LS Drop,73,12,drops,,15.0,bottle,60.0,False
566,Asthakind-LS Drop,743,12,drops,,15.0,bottle,60.0,False
568,Alphadol 0.25mcg Capsule,120,67,capsule,,,,109.0,False
574,Amlosafe-AT Tablet,20,10,tablet,5mg,15.0,strip,102.0,False
575,Aceclo SR Tablet,16,10,tablet,200mg,10.0,strip,77.3,False
576,Aceclo SR Tablet,23,10,tablet,200mg,10.0,strip,77.3,False
578,Amitop 10 Tablet,35,71,tablet,10mg,10.0,strip,25.19,False
579,Amitop 10 Tablet,136,71,tablet,10mg,10.0,strip,25.19,False
580,Ambulax M Tablet,15,43,tablet,0.25mg,15.0,strip,89.25,False
581,Ambulax M Tablet,150,43,tablet,0.25mg,15.0,strip,89.25,False
582,Ambulax M Tablet,1561,43,tablet,0.25mg,15.0,strip,89.25,False
583,Ambulax M Tablet,1624,43,tablet,0.25mg,15.0,strip,89.25,False
585,Assurans Tablet,77,6,tablet,20mg,15.0,strip,350.09,False
586,Augpen LB 625 Tablet,1,57,tablet,500mg,10.0,strip,439.8,False
588,Aquaviron 40mg Capsule,76,5,capsule,40mg,10.0,strip,193.6,False
589,Angiwell 2.6mg Tablet,43,73,tablet,2.6mg,30.0,units,197.6,False
590,Anaflam TH  4  Tablet,65,74,tablet,4mg,10.0,strip,180.83,False
591,Anaflam TH  4  Tablet,818,74,tablet,4mg,10.0,strip,180.83,False
592,Alzil 5 Tablet,116,25,tablet,5mg,10.0,strip,130.38,False
594,Asthalin Plus Expectorant,3,6,syrup,15mg/5ml,100.0,bottle,95.16,False
595,Asthalin Plus Expectorant,49,6,syrup,15mg/5ml,100.0,bottle,95.16,False
596,Asthalin Plus Expectorant,73,6,syrup,15mg/5ml,100.0,bottle,95.16,False
597,Asthalin Plus Expectorant,743,6,syrup,15mg/5ml,100.0,bottle,95.16,False
599,Amitone Plus Tablet,35,25,tablet,12.5mg,10.0,strip,37.5,False
600,Amitone Plus Tablet,136,25,tablet,12.5mg,10.0,strip,37.5,False
601,Akt 2 Tablet,123,19,tablet,450mg,10.0,strip,103.6,False
602,Alex Plus Paediatric Oral Drops,27,3,drops,2mg/ml,15.0,ml,73.0,False
604,Apresol Tablet,124,77,tablet,25mg,15.0,strip,145.64,False
605,Atchol 40 Tablet,33,10,tablet,40mg,10.0,strip,96.22,False
606,Atchol 40 Tablet,1502,10,tablet,40mg,10.0,strip,96.22,False
607,Atchol 40 Tablet,1755,10,tablet,40mg,10.0,strip,96.22,False
608,Amlong-H Tablet,20,24,tablet,5mg,15.0,strip,115.0,False
609,Airz-FF Capsule,110,3,capsule,,30.0,units,535.0,False
610,Arflur 3D Tablet,16,78,tablet,100mg,10.0,strip,74.75,False
611,Arflur 3D Tablet,23,78,tablet,100mg,10.0,strip,74.75,False
612,Azmarda 200mg Tablet,34,22,tablet,97mg,7.0,strip,669.38,False
613,Amixide 10mg Tablet,35,13,tablet,25mg,10.0,strip,63.5,False
614,Amixide 10mg Tablet,136,13,tablet,25mg,10.0,strip,63.5,False
616,Arpizol 2mg Tablet,91,13,tablet,2mg,10.0,strip,64.0,False
621,Aerocort Forte Rotacap,45,6,capsule,,,,95.16,False
622,Aerocort Forte Rotacap,176,6,capsule,,,,95.16,False
623,AF 200 Tablet,63,23,tablet,200mg,1.0,strip,14.45,False
624,AF 200 Tablet,369,23,tablet,200mg,1.0,strip,14.45,False
625,AF 200 Tablet,1308,23,tablet,200mg,1.0,strip,14.45,False
626,Aquasurge  Eye Drop,95,48,drops,,10.0,ml,152.21,False
627,Atorva Asp 75 Capsule,33,21,capsule,10mg,10.0,strip,44.35,False
628,Atorva Asp 75 Capsule,1502,21,capsule,10mg,10.0,strip,44.35,False
629,Atorva Asp 75 Capsule,1755,21,capsule,10mg,10.0,strip,44.35,False
630,Azivent 500 Tablet,2,10,tablet,500mg,5.0,strip,96.12,False
631,Azithral Eye Ointment,2,2,ointment,,5.0,tube,146.0,False
632,Adtrol XT Tablet,125,79,tablet,1250mg,15.0,strip,302.7,False
633,Aqualube Eye Drop,95,49,drops,,10.0,bottle,155.27,False
634,Antisnake Venom Injection,126,80,injection,0.6mg,10.0,ml,992.42,False
635,Acrotac 25mg Capsule,127,13,capsule,25mg,20.0,strip,1570.0,False
636,Azathioprine 50mg Tablet,40,39,tablet,50mg,10.0,strip,104.27,False
638,Allercet-M Syrup,94,24,syrup,2.5mg/5ml,60.0,bottle,104.0,False
643,Acutret 10 Capsule,129,48,capsule,10mg,,,205.5,False
646,Advanced LCF Kid Expectorant,3,19,syrup,15mg/5ml,60.0,bottle,51.7,False
647,Advanced LCF Kid Expectorant,49,19,syrup,15mg/5ml,60.0,bottle,51.7,False
648,Advanced LCF Kid Expectorant,73,19,syrup,15mg/5ml,60.0,bottle,51.7,False
649,Advanced LCF Kid Expectorant,743,19,syrup,15mg/5ml,60.0,bottle,51.7,False
650,Amitryn 10 Tablet,35,83,tablet,10mg,30.0,strip,84.3,False
651,Amitryn 10 Tablet,136,83,tablet,10mg,30.0,strip,84.3,False
652,Amtas-AT Tablet,20,25,tablet,5mg,15.0,strip,141.0,False
654,Arpizol 10 Tablet,91,13,tablet,10mg,10.0,strip,141.0,False
656,Aldactone 100 Tablet,19,16,tablet,100mg,15.0,strip,211.05,False
657,Aztogold 20 Capsule,132,13,capsule,75mg,10.0,strip,85.0,False
658,Aztogold 20 Capsule,1166,13,capsule,75mg,10.0,strip,85.0,False
659,Aztogold 20 Capsule,1537,13,capsule,75mg,10.0,strip,85.0,False
660,Aztogold 20 Capsule,1670,13,capsule,75mg,10.0,strip,85.0,False
662,Amtas-M 50 Tablet PR,20,25,tablet,5mg,15.0,strip,204.0,False
663,Akilos-P Tablet,16,86,tablet,100mg,10.0,strip,22.7,False
664,Akilos-P Tablet,23,86,tablet,100mg,10.0,strip,22.7,False
665,Avas CV 10 Capsule,33,24,capsule,10mg,10.0,strip,111.0,False
666,Avas CV 10 Capsule,1502,24,capsule,10mg,10.0,strip,111.0,False
667,Avas CV 10 Capsule,1755,24,capsule,10mg,10.0,strip,111.0,False
672,Amlopres AT 25 Tablet,20,6,tablet,5mg,15.0,strip,110.52,False
675,Anxipan Capsule,35,29,capsule,10mg,10.0,strip,140.0,False
676,Anxipan Capsule,136,29,capsule,10mg,10.0,strip,140.0,False
677,Advent 91.4mg Drops Tangy Orange,1,6,drops,80mg,10.0,bottle,105.8,False
678,Azee XL 200mg Dry Syrup Peppermint,2,6,syrup,200mg/5ml,30.0,bottle,114.55,False
679,Abevia 100 Capsule,28,12,capsule,100mg,10.0,strip,95.0,False
680,Abevia 100 Capsule,1297,12,capsule,100mg,10.0,strip,95.0,False
681,Abevia 100 Capsule,1553,12,capsule,100mg,10.0,strip,95.0,False
684,Alcoliv Tablet,137,13,tablet,500mg,10.0,strip,195.0,False
687,Amlovas-M 5/50 Tablet PR,20,33,tablet,5mg,10.0,strip,133.0,False
689,Amlosafe TM 40 Tablet,83,10,tablet,40mg,10.0,strip,83.0,False
690,Apetamin Syrup,48,34,syrup,2mg/5ml,200.0,bottle,164.0,False
691,Aceflam P 100mg/325mg Tablet,16,24,tablet,100mg,10.0,strip,58.25,False
692,Aceflam P 100mg/325mg Tablet,23,24,tablet,100mg,10.0,strip,58.25,False
693,Ascovent -SR Tablet,28,3,tablet,200mg,10.0,strip,236.5,False
694,Ascovent -SR Tablet,1297,3,tablet,200mg,10.0,strip,236.5,False
695,Ascovent -SR Tablet,1553,3,tablet,200mg,10.0,strip,236.5,False
696,Amaryl 3mg Tablet,41,4,tablet,3mg,30.0,strip,438.43,False
704,Amyclox-LB Capsule,1,61,capsule,250mg,10.0,strip,149.3,False
705,Alamin Injection,88,74,injection,,20.0,ml,149.3,False
707,Arbitel-AM Tablet,83,24,tablet,40mg,10.0,strip,156.0,False
708,Aprecap 125/80 Capsule,140,3,capsule,125mg,3.0,strip,1096.0,False
709,AB Phylline Syrup,28,13,syrup,10mg/ml,100.0,bottle,178.0,False
710,AB Phylline Syrup,1297,13,syrup,10mg/ml,100.0,bottle,178.0,False
711,AB Phylline Syrup,1553,13,syrup,10mg/ml,100.0,bottle,178.0,False
716,Amicline Plus Tablet,141,92,tablet,250mg,10.0,strip,84.5,False
717,Acimol MR 100mg/325mg/250mg Tablet,16,52,tablet,100mg,10.0,strip,65.0,False
718,Acimol MR 100mg/325mg/250mg Tablet,23,52,tablet,100mg,10.0,strip,65.0,False
719,Abiways Tablet,28,12,tablet,100mg,15.0,strip,251.25,False
720,Abiways Tablet,1297,12,tablet,100mg,15.0,strip,251.25,False
721,Abiways Tablet,1553,12,tablet,100mg,15.0,strip,251.25,False
722,Asthakind Tablet,30,12,tablet,100mg,10.0,strip,35.04,False
723,Asthakind Tablet,86,12,tablet,100mg,10.0,strip,35.04,False
724,Asthakind Tablet,364,12,tablet,100mg,10.0,strip,35.04,False
725,Aprezo 10 Tablet,81,3,tablet,10mg,4.0,strip,90.0,False
726,Air 120 Tablet,4,23,tablet,120mg,10.0,strip,49.0,False
727,Amoxycillin  250mg Capsule,1,93,capsule,250mg,10.0,strip,38.0,False
728,Acenac SP 100mg/325mg/15mg Tablet,16,29,tablet,100mg,10.0,strip,101.0,False
729,Acenac SP 100mg/325mg/15mg Tablet,23,29,tablet,100mg,10.0,strip,101.0,False
730,Aginal-AT Tablet,20,2,tablet,5mg,15.0,strip,102.3,False
731,Allrite DC Tablet ER,94,21,tablet,5mg,10.0,strip,127.95,False
732,Asthalin 2 Tablet,14,6,tablet,2mg,30.0,strip,6.04,False
733,Asthalin 2 Tablet,497,6,tablet,2mg,30.0,strip,6.04,False
734,Asthalin 2 Tablet,1172,6,tablet,2mg,30.0,strip,6.04,False
735,Arip MT 2 Tablet,91,11,tablet,2mg,15.0,strip,90.6,False
738,Amicon 10 Tablet,35,95,tablet,10mg,10.0,strip,25.5,False
739,Amicon 10 Tablet,136,95,tablet,10mg,10.0,strip,25.5,False
740,Amaryl M Forte 1mg Tablet PR,41,4,tablet,1mg,15.0,strip,211.3,False
741,Amicline Tablet,143,92,tablet,500mg,10.0,strip,13.0,False
742,Acivir IV Injection,47,6,injection,25mg/ml,,,441.77,False
744,Apidra Solostar 100IU/ml Injection,82,4,injection,,3.0,ml,880.36,False
745,AB2 Kit,80,49,tablet,200mg,5.0,strip,408.35,False
746,Amitryn 10 Tablet,35,83,tablet,10mg,10.0,strip,25.5,False
747,Amitryn 10 Tablet,136,83,tablet,10mg,10.0,strip,25.5,False
748,Atarax 25mg Injection,7,7,injection,25mg,2.0,ml,22.45,False
749,Afoglip M  500 Tablet ER,144,11,tablet,500mg,15.0,strip,255.8,False
750,Amlozaar Tablet,145,24,tablet,50mg,10.0,strip,166.0,False
751,Abel 40 Tablet,146,19,tablet,40mg,10.0,strip,126.8,False
752,Acolate Plus Tablet,94,96,tablet,5mg,10.0,strip,52.0,False
753,Ampilox DS Tablet,53,35,tablet,500mg,10.0,strip,213.7,False
757,Asthalin DX Syrup,8,6,syrup,5mg,100.0,bottle,87.84,False
758,Asthalin DX Syrup,10,6,syrup,5mg,100.0,bottle,87.84,False
759,Asthalin DX Syrup,301,6,syrup,5mg,100.0,bottle,87.84,False
760,Asthalin DX Syrup,1251,6,syrup,5mg,100.0,bottle,87.84,False
761,Asthalin DX Syrup,1508,6,syrup,5mg,100.0,bottle,87.84,False
762,Asthalin Rotacaps,14,6,capsule,,60.0,units,52.31,False
763,Asthalin Rotacaps,497,6,capsule,,60.0,units,52.31,False
764,Asthalin Rotacaps,1172,6,capsule,,60.0,units,52.31,False
765,Atorlip 20 Tablet,33,6,tablet,20mg,15.0,strip,247.8,False
766,Atorlip 20 Tablet,1502,6,tablet,20mg,15.0,strip,247.8,False
767,Atorlip 20 Tablet,1755,6,tablet,20mg,15.0,strip,247.8,False
768,Altacef 500 Tablet,147,3,tablet,500mg,10.0,strip,1040.0,False
769,Amlokind 2.5 Tablet,20,12,tablet,2.5mg,30.0,strip,32.7,False
770,Ambistryn-S 0.75gm Injection,148,5,injection,0.75gm,,,10.2,False
771,Ambulax-ET Tablet,149,43,tablet,0.5mg,10.0,strip,60.0,False
772,Ambulax-ET Tablet,689,43,tablet,0.5mg,10.0,strip,60.0,False
773,Acceclowoc-P Tablet,16,97,tablet,100mg,10.0,strip,60.09,False
774,Acceclowoc-P Tablet,23,97,tablet,100mg,10.0,strip,60.09,False
775,Alprax Forte 0.5 mg/50 mg Tablet,15,11,tablet,0.5mg,10.0,strip,99.6,False
776,Alprax Forte 0.5 mg/50 mg Tablet,150,11,tablet,0.5mg,10.0,strip,99.6,False
777,Alprax Forte 0.5 mg/50 mg Tablet,1561,11,tablet,0.5mg,10.0,strip,99.6,False
778,Alprax Forte 0.5 mg/50 mg Tablet,1624,11,tablet,0.5mg,10.0,strip,99.6,False
779,Alsita-M 100 Tablet ER,87,15,tablet,100mg,10.0,strip,129.0,False
780,Axogurd NT Tablet SR,151,2,tablet,75mg,10.0,strip,196.25,False
782,Anxiset 0.5 Tablet,153,99,tablet,0.5mg,10.0,strip,54.5,False
783,Anxiset 0.5 Tablet,486,99,tablet,0.5mg,10.0,strip,54.5,False
785,Aldonil Tablet,155,21,tablet,50mg,10.0,strip,150.95,False
789,Atchol 20 Tablet,33,10,tablet,20mg,10.0,strip,50.89,False
790,Atchol 20 Tablet,1502,10,tablet,20mg,10.0,strip,50.89,False
791,Atchol 20 Tablet,1755,10,tablet,20mg,10.0,strip,50.89,False
792,Azibest 500mg Tablet,2,62,tablet,500mg,3.0,strip,69.0,False
793,Amoxy 500mg Capsule,1,62,capsule,500mg,10.0,strip,55.0,False
795,Adenosine 3mg Injection,158,20,injection,3mg,2.0,ml,208.02,False
799,Azulix 2 MF Forte Tablet PR,41,11,tablet,2mg,15.0,strip,242.6,False
800,Amlokind-H Tablet,20,12,tablet,5mg,10.0,strip,35.04,False
802,Amlopin-M Tablet PR,20,9,tablet,5mg,10.0,strip,118.5,False
803,Ascodex Junior Syrup,8,3,syrup,5mg/5ml,60.0,bottle,76.5,False
804,Ascodex Junior Syrup,10,3,syrup,5mg/5ml,60.0,bottle,76.5,False
805,Ascodex Junior Syrup,301,3,syrup,5mg/5ml,60.0,bottle,76.5,False
806,Ascodex Junior Syrup,1251,3,syrup,5mg/5ml,60.0,bottle,76.5,False
807,Ascodex Junior Syrup,1508,3,syrup,5mg/5ml,60.0,bottle,76.5,False
808,Alevo 500 Tablet,159,15,tablet,500mg,10.0,strip,100.24,False
809,Alevo 500 Tablet,451,15,tablet,500mg,10.0,strip,100.24,False
810,Avanair 200 Tablet,59,6,tablet,200mg,4.0,strip,320.0,False
811,Atorlip 40 Tablet,33,6,tablet,40mg,10.0,strip,239.9,False
812,Atorlip 40 Tablet,1502,6,tablet,40mg,10.0,strip,239.9,False
813,Atorlip 40 Tablet,1755,6,tablet,40mg,10.0,strip,239.9,False
814,Anafortan-MF 50mg/250mg Tablet,26,5,tablet,50mg,10.0,strip,93.09,False
815,Anafortan-MF 50mg/250mg Tablet,160,5,tablet,50mg,10.0,strip,93.09,False
818,Aqsusten  25 Solution for Injection,161,13,injection,25mg,1.0,ml,114.0,False
819,Amicet 5 mg/60 mg Tablet,94,52,tablet,5mg,10.0,strip,49.0,False
820,Amrox Junior Syrup,3,52,syrup,15mg/5ml,60.0,bottle,65.0,False
821,Amrox Junior Syrup,49,52,syrup,15mg/5ml,60.0,bottle,65.0,False
822,Amrox Junior Syrup,73,52,syrup,15mg/5ml,60.0,bottle,65.0,False
823,Amrox Junior Syrup,743,52,syrup,15mg/5ml,60.0,bottle,65.0,False
824,ATM 250 Tablet,2,40,tablet,250mg,10.0,strip,118.5,False
825,Anawin Heavy 5mg Injection,162,104,injection,5mg,4.0,ml,30.45,False
827,Aravon Injection,163,13,injection,1.5mg,20.0,ml,696.0,False
828,Akilos-SP Tablet,16,86,tablet,100mg,10.0,strip,43.3,False
829,Akilos-SP Tablet,23,86,tablet,100mg,10.0,strip,43.3,False
830,Amlozaar-H Tablet,145,24,tablet,50mg,10.0,strip,143.0,False
832,Anaspas 25mg Injection,26,5,injection,25mg,2.0,ml,36.3,False
833,Anaspas 25mg Injection,160,5,injection,25mg,2.0,ml,36.3,False
835,Aquazide 25 Tablet,61,13,tablet,25mg,10.0,strip,20.9,False
836,Amlodac 2.5 Tablet,20,21,tablet,2.5mg,30.0,strip,61.59,False
837,Amoxclav 500 mg/125 mg Tablet,1,106,tablet,500mg,6.0,strip,230.77,False
839,Aplevant 1.5mg Pre-filled Pen (0.5ml Each),165,19,injection,1.5mg,,,4998.0,False
840,Ambrodil-XP Syrup,28,10,syrup,50mg/5ml,100.0,bottle,108.0,False
841,Ambrodil-XP Syrup,1297,10,syrup,50mg/5ml,100.0,bottle,108.0,False
842,Ambrodil-XP Syrup,1553,10,syrup,50mg/5ml,100.0,bottle,108.0,False
843,Arvast 10 Tablet,166,25,tablet,10mg,15.0,strip,243.0,False
844,Ascoril Flu Drops,27,3,drops,1mg/ml,15.0,bottle,67.0,False
847,Ata Mont 20mg/10mg Tablet,99,78,tablet,20mg,10.0,strip,108.9,False
848,Acimol 100 mg/325 mg Tablet,16,52,tablet,100mg,10.0,strip,35.0,False
849,Acimol 100 mg/325 mg Tablet,23,52,tablet,100mg,10.0,strip,35.0,False
850,Antidep 25mg Tablet,168,11,tablet,25mg,10.0,strip,14.4,False
851,Artificial Tears BP Eye Drop,169,108,drops,,10.0,ml,46.33,False
852,Almox 250 mg Tablet DT,1,15,tablet,250mg,10.0,strip,82.0,False
853,Azicip 250 Tablet,2,6,tablet,250mg,6.0,strip,78.75,False
855,Anfoe 10000IU Injection,170,109,injection,,,,2445.0,False
857,Ampoxin 250 Capsule,53,11,capsule,125mg,15.0,strip,51.65,False
859,Avanext 100mg Tablet,59,21,tablet,100mg,4.0,strip,375.1,False
860,Anti-Thyrox 10 Tablet,171,33,tablet,10mg,100.0,units,460.0,False
861,Aztor 80 Tablet,33,13,tablet,80mg,15.0,strip,699.0,False
862,Aztor 80 Tablet,1502,13,tablet,80mg,15.0,strip,699.0,False
863,Aztor 80 Tablet,1755,13,tablet,80mg,15.0,strip,699.0,False
864,Akair LC Tablet,94,22,tablet,5mg,10.0,strip,160.0,False
865,Azulix 1 Tablet,41,11,tablet,1mg,10.0,strip,44.47,False
867,Asprito 2 Tablet,91,25,tablet,2mg,10.0,strip,45.5,False
868,Asomex-AT Tablet,20,46,tablet,2.5mg,15.0,strip,191.65,False
870,Amlovas 2.5 Tablet,20,33,tablet,2.5mg,15.0,strip,30.85,False
871,Amlovas H  Tablet,20,33,tablet,5mg,15.0,strip,106.5,False
875,Actapro Tablet,50,13,tablet,100mg,15.0,strip,239.0,False
876,Avas 20 Tablet,33,24,tablet,20mg,30.0,strip,495.6,False
877,Avas 20 Tablet,1502,24,tablet,20mg,30.0,strip,495.6,False
878,Avas 20 Tablet,1755,24,tablet,20mg,30.0,strip,495.6,False
879,Aqua Ear Drop,31,52,drops,,5.0,bottle,35.0,False
880,Aqua Ear Drop,174,52,drops,,5.0,bottle,35.0,False
881,Arflur-P Tablet,16,78,tablet,100mg,10.0,strip,41.5,False
882,Arflur-P Tablet,23,78,tablet,100mg,10.0,strip,41.5,False
884,Antiflu 12mg/ml Syrup,72,6,syrup,12mg/ml,75.0,bottle,764.98,False
885,Asiclopam Tablet,175,52,tablet,0.5mg,10.0,strip,24.75,False
886,Asiclopam Tablet,179,52,tablet,0.5mg,10.0,strip,24.75,False
887,Atorlip Gold 20 Capsule,132,6,capsule,75mg,10.0,strip,71.41,False
888,Atorlip Gold 20 Capsule,1166,6,capsule,75mg,10.0,strip,71.41,False
889,Atorlip Gold 20 Capsule,1537,6,capsule,75mg,10.0,strip,71.41,False
890,Atorlip Gold 20 Capsule,1670,6,capsule,75mg,10.0,strip,71.41,False
891,Amrox-LS Junior Syrup,45,52,syrup,0.5mg,60.0,bottle,75.0,False
892,Amrox-LS Junior Syrup,176,52,syrup,0.5mg,60.0,bottle,75.0,False
893,Alcarex Eye Drop,177,49,drops,,5.0,ml,263.0,False
894,Amantex Tablet,64,25,tablet,100mg,15.0,strip,215.0,False
895,Acenac Tablet,16,29,tablet,100mg,10.0,strip,45.5,False
896,Acenac Tablet,23,29,tablet,100mg,10.0,strip,45.5,False
898,Almefkem Spas 10mg/250mg Tablet,178,15,tablet,10mg,10.0,strip,49.0,False
899,Almefkem Spas 10mg/250mg Tablet,291,15,tablet,10mg,10.0,strip,49.0,False
900,Almefkem Spas 10mg/250mg Tablet,310,15,tablet,10mg,10.0,strip,49.0,False
902,Amcard 5 Tablet,20,23,tablet,5mg,7.0,strip,14.35,False
905,Albutamol Neo Syrup,180,111,syrup,50mg,100.0,bottle,86.81,False
906,Albutamol Neo Syrup,542,111,syrup,50mg,100.0,bottle,86.81,False
907,Atchol-ASP Capsule,33,10,capsule,10mg,15.0,strip,49.0,False
908,Atchol-ASP Capsule,1502,10,capsule,10mg,15.0,strip,49.0,False
909,Atchol-ASP Capsule,1755,10,capsule,10mg,15.0,strip,49.0,False
910,Arbitel-H Tablet,83,24,tablet,40mg,10.0,strip,151.0,False
912,Axcer  60mg Tablet,21,13,tablet,60mg,14.0,strip,392.0,False
913,Abiways-M Tablet SR,28,12,tablet,200mg,10.0,strip,190.0,False
914,Abiways-M Tablet SR,1297,12,tablet,200mg,10.0,strip,190.0,False
915,Abiways-M Tablet SR,1553,12,tablet,200mg,10.0,strip,190.0,False
917,Amlopres L Tablet,20,6,tablet,5mg,15.0,strip,180.89,False
918,Amifru Plus Tablet,182,11,tablet,10mg,10.0,strip,87.45,False
919,Armotraz Tablet,115,6,tablet,1mg,10.0,strip,691.77,False
920,Aldigesic TH 100mg/4mg Tablet,16,15,tablet,100mg,10.0,strip,253.0,False
921,Aldigesic TH 100mg/4mg Tablet,23,15,tablet,100mg,10.0,strip,253.0,False
922,Abixim 200mg Tablet,183,5,tablet,200mg,10.0,strip,104.85,False
923,Arbitel-MT 50 Tablet ER,83,24,tablet,40mg,7.0,strip,129.0,False
925,Amiject 500mg Injection,38,15,injection,500mg,2.0,ml,110.0,False
926,Azikem 250mg Tablet,2,15,tablet,250mg,6.0,strip,71.06,False
927,Aten-D Tablet,79,21,tablet,50mg,10.0,strip,108.6,False
928,Altonil 5 Tablet MD,93,53,tablet,5mg,15.0,strip,145.16,False
931,Alkof LS Syrup,52,15,syrup,5mg,100.0,bottle,99.0,False
932,Alsita 50mg Tablet,87,15,tablet,50mg,10.0,strip,77.0,False
933,Amlip 10 Tablet,20,6,tablet,10mg,10.0,strip,63.05,False
936,Acimol Forte 100mg/325mg/15mg Tablet,16,52,tablet,100mg,10.0,strip,85.0,False
937,Acimol Forte 100mg/325mg/15mg Tablet,23,52,tablet,100mg,10.0,strip,85.0,False
939,Atocor 40 Tablet,33,7,tablet,40mg,15.0,strip,352.66,False
940,Atocor 40 Tablet,1502,7,tablet,40mg,15.0,strip,352.66,False
941,Atocor 40 Tablet,1755,7,tablet,40mg,15.0,strip,352.66,False
942,Angicam 5mg Tablet,20,62,tablet,5mg,15.0,strip,25.0,False
943,Aprezo 20 Tablet,81,3,tablet,20mg,4.0,strip,100.5,False
944,Asthakind-DX Syrup Sugar Free,8,12,syrup,5mg/5ml,100.0,bottle,95.7,False
945,Asthakind-DX Syrup Sugar Free,10,12,syrup,5mg/5ml,100.0,bottle,95.7,False
946,Asthakind-DX Syrup Sugar Free,301,12,syrup,5mg/5ml,100.0,bottle,95.7,False
947,Asthakind-DX Syrup Sugar Free,1251,12,syrup,5mg/5ml,100.0,bottle,95.7,False
948,Asthakind-DX Syrup Sugar Free,1508,12,syrup,5mg/5ml,100.0,bottle,95.7,False
949,Amitax 500mg Injection,38,15,injection,500mg,2.0,ml,119.0,False
950,Actibile 150 Tablet,109,21,tablet,150mg,10.0,strip,215.35,False
951,Atorva Gold 20 Capsule,132,21,capsule,75mg,15.0,strip,116.6,False
952,Atorva Gold 20 Capsule,1166,21,capsule,75mg,15.0,strip,116.6,False
953,Atorva Gold 20 Capsule,1537,21,capsule,75mg,15.0,strip,116.6,False
954,Atorva Gold 20 Capsule,1670,21,capsule,75mg,15.0,strip,116.6,False
955,Allercet Cold Syrup,27,24,syrup,2mg/5ml,60.0,bottle,84.0,False
956,Alzero M Tablet,94,112,tablet,5mg,10.0,strip,104.5,False
957,Azulix 1 MF Forte Tablet PR,41,11,tablet,1mg,15.0,strip,170.0,False
958,Azimax 250 Tablet,2,6,tablet,250mg,6.0,strip,71.09,False
959,Aloja 25 Tablet,185,40,tablet,25mg,10.0,strip,132.0,False
960,Aloja 25 Tablet,287,40,tablet,25mg,10.0,strip,132.0,False
961,Arbitel-CT 40 Tablet,83,24,tablet,40mg,10.0,strip,118.0,False
962,Anthocyn-TX Tablet,186,113,tablet,250mg,10.0,strip,295.0,False
963,Anthocyn-TX Tablet,1585,113,tablet,250mg,10.0,strip,295.0,False
964,Actoid 25mg Capsule,127,25,capsule,25mg,10.0,strip,655.0,False
965,Atocor 10 Tablet,33,7,tablet,10mg,15.0,strip,102.02,False
966,Atocor 10 Tablet,1502,7,tablet,10mg,15.0,strip,102.02,False
967,Atocor 10 Tablet,1755,7,tablet,10mg,15.0,strip,102.02,False
972,Azulix 2 Tablet,41,11,tablet,2mg,10.0,strip,70.65,False
973,Aztor 5 Tablet,33,13,tablet,5mg,15.0,strip,105.0,False
974,Aztor 5 Tablet,1502,13,tablet,5mg,15.0,strip,105.0,False
975,Aztor 5 Tablet,1755,13,tablet,5mg,15.0,strip,105.0,False
976,Aziwok 250 Tablet,2,7,tablet,250mg,10.0,strip,131.19,False
981,Arpimune ME 50mg Capsule,188,16,capsule,50mg,,,191.25,False
982,Azithral Tablet,2,2,tablet,250mg,10.0,strip,131.2,False
984,Analiv 500 Tablet,189,23,tablet,500mg,10.0,strip,170.0,False
987,Amlong A-25 Tablet,20,24,tablet,5mg,10.0,strip,56.0,False
988,Azibact 250 Tablet,2,48,tablet,250mg,10.0,strip,131.25,False
992,Ambrican 5 Tablet,192,19,tablet,5mg,10.0,strip,2166.9,False
993,Arkamin H Tablet,11,11,tablet,,10.0,strip,23.55,False
994,Arkamin H Tablet,193,11,tablet,,10.0,strip,23.55,False
997,Atorfit 10 Tablet,33,49,tablet,10mg,15.0,strip,87.35,False
998,Atorfit 10 Tablet,1502,49,tablet,10mg,15.0,strip,87.35,False
999,Atorfit 10 Tablet,1755,49,tablet,10mg,15.0,strip,87.35,False
1002,Angizem CD 90 Capsule ER,195,13,capsule,90mg,10.0,strip,119.4,False
1003,Azovas 16mg Tablet,196,22,tablet,16mg,10.0,strip,131.94,False
1004,Advent 457mg Tablet DT,1,6,tablet,400mg,6.0,strip,178.61,False
1006,Amixide Tablet,35,13,tablet,25mg,10.0,strip,34.0,False
1007,Amixide Tablet,136,13,tablet,25mg,10.0,strip,34.0,False
1008,Aztogold 10 Capsule,132,13,capsule,75mg,10.0,strip,62.0,False
1009,Aztogold 10 Capsule,1166,13,capsule,75mg,10.0,strip,62.0,False
1010,Aztogold 10 Capsule,1537,13,capsule,75mg,10.0,strip,62.0,False
1011,Aztogold 10 Capsule,1670,13,capsule,75mg,10.0,strip,62.0,False
1012,Alcoban 500mg Tablet,197,117,tablet,500mg,10.0,strip,85.0,False
1013,Arvast-A 75 Capsule,166,25,capsule,10mg,10.0,strip,65.5,False
1014,Amlopin-AT Tablet,20,9,tablet,5mg,10.0,strip,85.5,False
1015,Azilab 500mg Tablet,2,118,tablet,500mg,3.0,strip,71.49,False
1016,Amnuring 10 Tablet SR,35,111,tablet,10mg,10.0,strip,151.01,False
1017,Amnuring 10 Tablet SR,136,111,tablet,10mg,10.0,strip,151.01,False
1018,Ablung 200mg Tablet SR,28,6,tablet,200mg,10.0,strip,216.7,False
1019,Ablung 200mg Tablet SR,1297,6,tablet,200mg,10.0,strip,216.7,False
1020,Ablung 200mg Tablet SR,1553,6,tablet,200mg,10.0,strip,216.7,False
1021,Azusa 16 Tablet,196,49,tablet,16mg,10.0,strip,143.0,False
1022,Afoglip Tablet,198,11,tablet,20mg,15.0,strip,216.45,False
1023,Afoglip Tablet,1171,11,tablet,20mg,15.0,strip,216.45,False
1024,Acefen SP Tablet,16,119,tablet,100mg,10.0,strip,61.02,False
1025,Acefen SP Tablet,23,119,tablet,100mg,10.0,strip,61.02,False
1026,Aceclopar 100mg/325mg Tablet,16,120,tablet,100mg,10.0,strip,60.0,False
1027,Aceclopar 100mg/325mg Tablet,23,120,tablet,100mg,10.0,strip,60.0,False
1028,Acotrust  OD 300mg Tablet ER,50,7,tablet,300mg,10.0,strip,385.0,False
1029,Avas 40 Tablet,33,24,tablet,40mg,10.0,strip,216.6,False
1030,Avas 40 Tablet,1502,24,tablet,40mg,10.0,strip,216.6,False
1031,Avas 40 Tablet,1755,24,tablet,40mg,10.0,strip,216.6,False
1032,Acegaba NT 400mg/10mg Tablet,199,46,tablet,400mg,15.0,strip,441.75,False
1033,Acegaba NT 400mg/10mg Tablet,284,46,tablet,400mg,15.0,strip,441.75,False
1034,Acegaba NT 400mg/10mg Tablet,1122,46,tablet,400mg,15.0,strip,441.75,False
1035,Alerid Cold Tablet,52,6,tablet,5mg,10.0,strip,65.5,False
1036,Acolate Tablet,106,96,tablet,30mg,10.0,strip,39.0,False
1037,Acolate Tablet,267,96,tablet,30mg,10.0,strip,39.0,False
1038,Acolate Tablet,323,96,tablet,30mg,10.0,strip,39.0,False
1039,Antoxid E Softgel Capsule,200,7,capsule,400mg,15.0,strip,217.75,False
1040,Agoprex Tablet,201,13,tablet,25mg,10.0,strip,149.0,False
1041,Amlip 2.5 Tablet,20,6,tablet,2.5mg,10.0,strip,20.49,False
1042,Alnitro 2.6 Tablet CR,43,119,tablet,2.6mg,30.0,units,199.0,False
1043,Alkem Piroxicam Injection,202,15,injection,20mg,,,7.5,False
1044,Azithral Junior 200mg/5ml Drop,2,2,drops,200mg/5ml,5.0,ml,28.61,False
1046,AF 300 Tablet,63,23,tablet,300mg,1.0,strip,19.9,False
1047,AF 300 Tablet,369,23,tablet,300mg,1.0,strip,19.9,False
1048,AF 300 Tablet,1308,23,tablet,300mg,1.0,strip,19.9,False
1055,Abiways 200 SR Tablet,28,12,tablet,200mg,10.0,strip,180.0,False
1056,Abiways 200 SR Tablet,1297,12,tablet,200mg,10.0,strip,180.0,False
1057,Abiways 200 SR Tablet,1553,12,tablet,200mg,10.0,strip,180.0,False
1058,Atorva 5 Tablet,33,21,tablet,5mg,15.0,strip,117.09,False
1059,Atorva 5 Tablet,1502,21,tablet,5mg,15.0,strip,117.09,False
1060,Atorva 5 Tablet,1755,21,tablet,5mg,15.0,strip,117.09,False
1062,Acegrow 3D Tablet,6,124,tablet,10mg,10.0,strip,231.0,False
1063,Acegrow 3D Tablet,521,124,tablet,10mg,10.0,strip,231.0,False
1064,Alerfri Tablet,27,125,tablet,2mg,10.0,strip,46.5,False
1066,Azenam 1gm Injection,205,10,injection,1gm,,,821.1,False
1067,Aceret 25 Capsule,127,3,capsule,25mg,10.0,strip,649.0,False
1069,Alprax Plus Tablet SR,15,11,tablet,0.5mg,10.0,strip,76.7,False
1070,Alprax Plus Tablet SR,150,11,tablet,0.5mg,10.0,strip,76.7,False
1071,Alprax Plus Tablet SR,1561,11,tablet,0.5mg,10.0,strip,76.7,False
1072,Alprax Plus Tablet SR,1624,11,tablet,0.5mg,10.0,strip,76.7,False
1073,Arachitol 3L Injection,25,5,injection,,,,291.54,False
1074,Alex Junior DS Syrup,8,3,syrup,5mg/5ml,60.0,bottle,89.5,False
1075,Alex Junior DS Syrup,10,3,syrup,5mg/5ml,60.0,bottle,89.5,False
1076,Alex Junior DS Syrup,301,3,syrup,5mg/5ml,60.0,bottle,89.5,False
1077,Alex Junior DS Syrup,1251,3,syrup,5mg/5ml,60.0,bottle,89.5,False
1078,Alex Junior DS Syrup,1508,3,syrup,5mg/5ml,60.0,bottle,89.5,False
1079,Amtas-M 25 Tablet PR,20,25,tablet,5mg,15.0,strip,172.5,False
1083,Acecloren Tablet,16,40,tablet,100mg,10.0,strip,115.0,False
1084,Acecloren Tablet,23,40,tablet,100mg,10.0,strip,115.0,False
1085,Atraxin 25 Tablet,7,127,tablet,25mg,15.0,strip,58.0,False
1086,Atorva Gold 10 Capsule,132,21,capsule,75mg,15.0,strip,86.25,False
1087,Atorva Gold 10 Capsule,1166,21,capsule,75mg,15.0,strip,86.25,False
1088,Atorva Gold 10 Capsule,1537,21,capsule,75mg,15.0,strip,86.25,False
1089,Atorva Gold 10 Capsule,1670,21,capsule,75mg,15.0,strip,86.25,False
1090,Amlong-TL 40 Tablet,83,24,tablet,40mg,10.0,strip,144.0,False
1091,Apidra 100IU/ml Solution for Injection,82,4,injection,,10.0,ml,1534.0,False
1092,Apraize 30 Tablet,81,48,tablet,30mg,10.0,strip,295.5,False
1093,Azithral 500mg Injection,2,2,injection,500mg,5.0,ml,214.65,False
1094,Ampoxin 1gm Injection,53,11,injection,500mg,10.0,ml,39.7,False
1099,Akurit Tablet,123,19,tablet,150mg,6.0,strip,20.3,False
1100,Agna 10000 Capsule DR,207,7,capsule,170mg,10.0,strip,282.0,False
1106,Atormac Gold 10 Capsule,132,33,capsule,75mg,15.0,strip,87.0,False
1107,Atormac Gold 10 Capsule,1166,33,capsule,75mg,15.0,strip,87.0,False
1108,Atormac Gold 10 Capsule,1537,33,capsule,75mg,15.0,strip,87.0,False
1109,Atormac Gold 10 Capsule,1670,33,capsule,75mg,15.0,strip,87.0,False
1110,Altonil Plus 5 Tablet,93,53,tablet,5mg,10.0,strip,78.0,False
1111,Acimol-SP Tablet,16,52,tablet,100mg,10.0,strip,65.0,False
1112,Acimol-SP Tablet,23,52,tablet,100mg,10.0,strip,65.0,False
1113,Avas CV 20 Capsule,33,24,capsule,20mg,10.0,strip,148.0,False
1114,Avas CV 20 Capsule,1502,24,capsule,20mg,10.0,strip,148.0,False
1115,Avas CV 20 Capsule,1755,24,capsule,20mg,10.0,strip,148.0,False
1116,Amlopres 2.5 Tablet,20,6,tablet,2.5mg,15.0,strip,30.03,False
1117,Aceclowal P 100mg/500mg Tablet,16,105,tablet,100mg,10.0,strip,63.0,False
1118,Aceclowal P 100mg/500mg Tablet,23,105,tablet,100mg,10.0,strip,63.0,False
1119,Airtec FB 400 Instacap,208,3,capsule,,,,239.9,False
1120,Ablung 100mg Capsule,28,6,capsule,100mg,10.0,strip,103.14,False
1121,Ablung 100mg Capsule,1297,6,capsule,100mg,10.0,strip,103.14,False
1122,Ablung 100mg Capsule,1553,6,capsule,100mg,10.0,strip,103.14,False
1123,Alex Cold Syrup Berry,27,3,syrup,2mg/5ml,60.0,bottle,87.5,False
1124,Armod 50 Tablet,209,46,tablet,50mg,10.0,strip,177.6,False
1125,Alcros SB 50 Capsule,156,13,capsule,50mg,10.0,strip,130.0,False
1131,Alkem Cold 5 mg/500 mg/5 mg Tablet,52,15,tablet,5mg,10.0,strip,28.0,False
1132,Azovas T 40 Tablet,83,22,tablet,40mg,10.0,strip,153.93,False
1134,Anafortan Drop,26,5,drops,20mg/ml,10.0,ml,62.84,False
1135,Anafortan Drop,160,5,drops,20mg/ml,10.0,ml,62.84,False
1136,Asomex-TM Tablet,85,46,tablet,2.5mg,15.0,strip,229.45,False
1138,Acekay Sera Tablet,16,129,tablet,100mg,10.0,strip,17.5,False
1139,Acekay Sera Tablet,23,129,tablet,100mg,10.0,strip,17.5,False
1140,Alprax 1mg Tablet SR,15,11,tablet,1mg,15.0,strip,125.75,False
1141,Alprax 1mg Tablet SR,150,11,tablet,1mg,15.0,strip,125.75,False
1142,Alprax 1mg Tablet SR,1561,11,tablet,1mg,15.0,strip,125.75,False
1143,Alprax 1mg Tablet SR,1624,11,tablet,1mg,15.0,strip,125.75,False
1144,Amoxible-CL 625 Tablet,1,130,tablet,500mg,6.0,strip,100.0,False
1145,Alzil-M 10 Tablet,116,25,tablet,5mg,10.0,strip,253.0,False
1146,Ageless Tablet,210,31,tablet,50mg,10.0,strip,158.3,False
1147,Apdrops DM Eye Drop,102,49,drops,,5.0,bottle,168.0,False
1148,Apdrops DM Eye Drop,108,49,drops,,5.0,bottle,168.0,False
1149,Apdrops DM Eye Drop,710,49,drops,,5.0,bottle,168.0,False
1154,Asklerol 3% Injection,212,20,injection,30mg,2.0,ml,146.79,False
1155,Altonil 10 Tablet,93,53,tablet,10mg,15.0,strip,229.3,False
1156,Atorlip Gold 10 Capsule,132,6,capsule,75mg,10.0,strip,46.81,False
1157,Atorlip Gold 10 Capsule,1166,6,capsule,75mg,10.0,strip,46.81,False
1158,Atorlip Gold 10 Capsule,1537,6,capsule,75mg,10.0,strip,46.81,False
1159,Atorlip Gold 10 Capsule,1670,6,capsule,75mg,10.0,strip,46.81,False
1162,Aceloflam Plus Tablet,16,15,tablet,100mg,10.0,strip,58.0,False
1163,Aceloflam Plus Tablet,23,15,tablet,100mg,10.0,strip,58.0,False
1164,Altonil Plus 10 Tablet,93,53,tablet,10mg,10.0,strip,118.0,False
1166,Ampilox CV 500 mg/125 mg Tablet,1,35,tablet,500mg,10.0,strip,197.76,False
1167,Alconol 500mg Tablet,197,61,tablet,500mg,4.0,strip,43.91,False
1168,Atchol CV Capsule,33,10,capsule,10mg,10.0,strip,101.5,False
1169,Atchol CV Capsule,1502,10,capsule,10mg,10.0,strip,101.5,False
1170,Atchol CV Capsule,1755,10,capsule,10mg,10.0,strip,101.5,False
1171,Atormac Gold 20 Capsule,132,33,capsule,75mg,15.0,strip,107.5,False
1172,Atormac Gold 20 Capsule,1166,33,capsule,75mg,15.0,strip,107.5,False
1173,Atormac Gold 20 Capsule,1537,33,capsule,75mg,15.0,strip,107.5,False
1174,Atormac Gold 20 Capsule,1670,33,capsule,75mg,15.0,strip,107.5,False
1176,Acepar 100mg/325mg Tablet,16,134,tablet,100mg,10.0,strip,28.0,False
1177,Acepar 100mg/325mg Tablet,23,134,tablet,100mg,10.0,strip,28.0,False
1178,Ampanel 4 Tablet,214,13,tablet,4mg,10.0,strip,147.0,False
1179,Albutamol Syrup,14,111,syrup,,100.0,bottle,65.4,False
1180,Albutamol Syrup,497,111,syrup,,100.0,bottle,65.4,False
1181,Albutamol Syrup,1172,111,syrup,,100.0,bottle,65.4,False
1182,Aztor EZ Tablet,33,13,tablet,10mg,10.0,strip,239.0,False
1183,Aztor EZ Tablet,1502,13,tablet,10mg,10.0,strip,239.0,False
1184,Aztor EZ Tablet,1755,13,tablet,10mg,10.0,strip,239.0,False
1186,Atocor 20 Tablet,33,7,tablet,20mg,15.0,strip,247.78,False
1187,Atocor 20 Tablet,1502,7,tablet,20mg,15.0,strip,247.78,False
1188,Atocor 20 Tablet,1755,7,tablet,20mg,15.0,strip,247.78,False
1189,Amitryn 25 Tablet,35,83,tablet,25mg,10.0,strip,25.2,False
1190,Amitryn 25 Tablet,136,83,tablet,25mg,10.0,strip,25.2,False
1191,Atormac CV 20 Capsule,33,33,capsule,20mg,10.0,strip,287.9,False
1192,Atormac CV 20 Capsule,1502,33,capsule,20mg,10.0,strip,287.9,False
1193,Atormac CV 20 Capsule,1755,33,capsule,20mg,10.0,strip,287.9,False
1195,Arbitel-MT 25 Tablet ER,83,24,tablet,40mg,7.0,strip,116.0,False
1197,Azi 500mg Tablet,2,137,tablet,500mg,3.0,strip,72.0,False
1200,Allerkast LC Tablet,94,19,tablet,5mg,10.0,strip,148.5,False
1201,Amlodac T 40 mg/5 mg Tablet,83,21,tablet,40mg,15.0,strip,206.5,False
1210,Absolut DM Capsule,88,140,capsule,,10.0,strip,335.0,False
1211,Azikind 500mg Tablet,2,12,tablet,500mg,3.0,strip,61.94,False
1212,Avoprost D 8mg/0.5mg Capsule,216,24,capsule,8mg,10.0,strip,414.0,False
1213,Arbitel-AV Tablet,83,24,tablet,40mg,10.0,strip,196.0,False
1214,Amlopres-AT Tablet,20,6,tablet,5mg,30.0,units,275.24,False
1215,Atorlip 80 Tablet,33,6,tablet,80mg,7.0,strip,312.57,False
1216,Atorlip 80 Tablet,1502,6,tablet,80mg,7.0,strip,312.57,False
1217,Atorlip 80 Tablet,1755,6,tablet,80mg,7.0,strip,312.57,False
1218,Aquasurge  Max Eye Drop,95,48,drops,,10.0,ml,177.52,False
1220,Atocor-CV 10 Capsule,33,7,capsule,10mg,10.0,strip,177.75,False
1221,Atocor-CV 10 Capsule,1502,7,capsule,10mg,10.0,strip,177.75,False
1222,Atocor-CV 10 Capsule,1755,7,capsule,10mg,10.0,strip,177.75,False
1223,Amnuring 5 Tablet SR,35,111,tablet,5mg,10.0,strip,132.9,False
1224,Amnuring 5 Tablet SR,136,111,tablet,5mg,10.0,strip,132.9,False
1225,Aldactone T 10 Tablet,19,16,tablet,50mg,15.0,strip,80.8,False
1231,Acotibien 100mg Tablet,50,109,tablet,100mg,10.0,strip,190.0,False
1232,Althrocin 100mg Drop,29,2,drops,100mg,10.0,ml,46.55,False
1235,Alsita-M 100 Forte Tablet ER,87,15,tablet,100mg,10.0,strip,139.0,False
1236,Amoxil 250mg Capsule,1,142,capsule,250mg,10.0,strip,20.0,False
1237,Amicet Plus Tablet,3,52,tablet,60mg,10.0,strip,50.0,False
1238,Amicet Plus Tablet,49,52,tablet,60mg,10.0,strip,50.0,False
1239,Amicet Plus Tablet,73,52,tablet,60mg,10.0,strip,50.0,False
1240,Amicet Plus Tablet,743,52,tablet,60mg,10.0,strip,50.0,False
1242,Atorlip-ASP 20 Capsule,33,6,capsule,20mg,10.0,strip,40.24,False
1243,Atorlip-ASP 20 Capsule,1502,6,capsule,20mg,10.0,strip,40.24,False
1244,Atorlip-ASP 20 Capsule,1755,6,capsule,20mg,10.0,strip,40.24,False
1246,Acutrol C 400 Tablet,219,25,tablet,400mg,15.0,strip,177.0,False
1247,Ace Proxyvon TH 4 Tablet,65,7,tablet,4mg,10.0,strip,237.25,False
1248,Ace Proxyvon TH 4 Tablet,818,7,tablet,4mg,10.0,strip,237.25,False
1249,Almefkem-D Tablet,119,15,tablet,80mg,10.0,strip,130.0,False
1250,Almefkem-D Tablet,220,15,tablet,80mg,10.0,strip,130.0,False
1251,Almefkem-D Tablet,1619,15,tablet,80mg,10.0,strip,130.0,False
1252,Anfoe 4000IU Injection,170,109,injection,,1.0,ml,1299.0,False
1254,Ata Tablet,99,78,tablet,20mg,10.0,strip,89.0,False
1255,Amisant 200 Tablet,222,14,tablet,200mg,10.0,strip,190.35,False
1256,Allercet-L Tablet,94,24,tablet,5mg,10.0,strip,59.0,False
1259,Arbitel 20 Tablet,83,24,tablet,20mg,10.0,strip,40.99,False
1260,Acrotac 10mg Capsule,127,13,capsule,10mg,20.0,strip,792.0,False
1262,Aginal 5 Tablet,20,2,tablet,5mg,15.0,strip,48.54,False
1263,Amtas 2.5 Tablet,20,25,tablet,2.5mg,30.0,strip,61.82,False
1267,Astin CV 10 Capsule,33,24,capsule,10mg,10.0,strip,121.0,False
1268,Astin CV 10 Capsule,1502,24,capsule,10mg,10.0,strip,121.0,False
1269,Astin CV 10 Capsule,1755,24,capsule,10mg,10.0,strip,121.0,False
1270,Amodep 5 Tablet,20,78,tablet,5mg,15.0,strip,17.2,False
1271,Arifine 2.5 Tablet,91,95,tablet,2.5mg,10.0,strip,45.0,False
1272,Azithral 250mg DT Tablet,2,2,tablet,250mg,5.0,strip,65.59,False
1274,Acetik-HC Ear Drop,154,145,drops,,10.0,bottle,171.0,False
1276,Airtec FB 200 Instacap,208,3,capsule,,,,187.82,False
1277,Amoxy 250mg Capsule,1,15,capsule,250mg,10.0,strip,18.12,False
1280,App.UP Plus Syrup,48,25,syrup,2mg/5ml,200.0,bottle,137.0,False
1281,Atormac TG Tablet,33,33,tablet,10mg,10.0,strip,221.0,False
1282,Atormac TG Tablet,1502,33,tablet,10mg,10.0,strip,221.0,False
1283,Atormac TG Tablet,1755,33,tablet,10mg,10.0,strip,221.0,False
1284,Azovas 8mg Tablet,196,22,tablet,8mg,10.0,strip,97.74,False
1285,Afoglip M  1000 Tablet ER,144,11,tablet,1000mg,15.0,strip,267.35,False
1286,Ambistryn-S 1gm Injection,148,5,injection,1gm,,,12.13,False
1287,Anti Cold Syrup,27,146,syrup,2mg/5ml,60.0,bottle,85.0,False
1288,Anxipam 0.5mg Tablet MD,175,52,tablet,0.5mg,10.0,strip,27.0,False
1289,Anxipam 0.5mg Tablet MD,179,52,tablet,0.5mg,10.0,strip,27.0,False
1293,Alkof Syrup Orange,30,15,syrup,50mg,60.0,bottle,58.0,False
1294,Alkof Syrup Orange,86,15,syrup,50mg,60.0,bottle,58.0,False
1295,Alkof Syrup Orange,364,15,syrup,50mg,60.0,bottle,58.0,False
1296,Anin Tablet,226,61,tablet,5mg,10.0,strip,192.5,False
1298,Apresol Plus Tablet,227,77,tablet,20mg,10.0,strip,92.33,False
1299,Azulix MV 2mg/500mg/0.3mg Tablet SR,41,11,tablet,2mg,10.0,strip,181.6,False
1300,Ace-Proxyvon SP Tablet,16,7,tablet,100mg,10.0,strip,123.0,False
1301,Ace-Proxyvon SP Tablet,23,7,tablet,100mg,10.0,strip,123.0,False
1302,Angistat 2.5 Capsule TR,43,13,capsule,2.5mg,25.0,strip,169.0,False
1303,Anafortan N 100 mg/50 mg Tablet,37,5,tablet,100mg,10.0,strip,84.17,False
1304,Anafortan N 100 mg/50 mg Tablet,686,5,tablet,100mg,10.0,strip,84.17,False
1305,Atorlip CV Capsule,33,6,capsule,10mg,10.0,strip,185.19,False
1306,Atorlip CV Capsule,1502,6,capsule,10mg,10.0,strip,185.19,False
1307,Atorlip CV Capsule,1755,6,capsule,10mg,10.0,strip,185.19,False
1310,Amoxil 250mg Tablet DT,1,142,tablet,250mg,10.0,strip,17.96,False
1311,Acemiz 100mg Tablet,16,19,tablet,100mg,10.0,strip,67.0,False
1312,Acemiz 100mg Tablet,23,19,tablet,100mg,10.0,strip,67.0,False
1313,Alrista Plus Tablet SR,155,33,tablet,150mg,10.0,strip,228.0,False
1314,Ascapil 12A Tablet DT,113,5,tablet,12mg,1.0,strip,44.17,False
1315,Addex 500mg Ointment,228,92,ointment,500mg,10.0,tube,175.0,False
1316,Acetik Ear Drop,229,145,drops,,10.0,bottle,141.0,False
1317,Aisa  Tablet,210,31,tablet,50mg,10.0,strip,158.3,False
1318,Acolate P Plus Tablet,3,96,tablet,60mg,10.0,strip,52.0,False
1319,Acolate P Plus Tablet,49,96,tablet,60mg,10.0,strip,52.0,False
1320,Acolate P Plus Tablet,73,96,tablet,60mg,10.0,strip,52.0,False
1321,Acolate P Plus Tablet,743,96,tablet,60mg,10.0,strip,52.0,False
1323,Anleo-DSR Capsule,18,149,capsule,30mg,10.0,strip,120.0,False
1324,Anleo-DSR Capsule,302,149,capsule,30mg,10.0,strip,120.0,False
1325,Anleo-DSR Capsule,558,149,capsule,30mg,10.0,strip,120.0,False
1327,Azarga Eye Drop,122,84,drops,10mg,5.0,bottle,460.5,False
1328,Amlopres 10 Tablet,20,6,tablet,10mg,10.0,strip,63.05,False
1329,Anti-Thyrox 5 Tablet,171,33,tablet,5mg,100.0,units,236.34,False
1334,Ampoxin-CV 500mg/125mg Tablet,1,11,tablet,500mg,10.0,strip,193.0,False
1335,Azilide 250 Tablet,2,24,tablet,250mg,10.0,strip,118.49,False
1337,Apraize 10 Tablet,81,48,tablet,10mg,4.0,strip,79.15,False
1339,Abirapro 250mg Tablet,231,3,tablet,250mg,120.0,units,28000.0,False
1340,Acolate Kid Syrup Mango,27,96,syrup,1mg/5ml,60.0,bottle,48.5,False
1342,Atorec-ASP Capsule,33,46,capsule,10mg,10.0,strip,34.85,False
1343,Atorec-ASP Capsule,1502,46,capsule,10mg,10.0,strip,34.85,False
1344,Atorec-ASP Capsule,1755,46,capsule,10mg,10.0,strip,34.85,False
1346,Amitryn-C Tablet,35,83,tablet,12.5mg,10.0,strip,45.1,False
1347,Amitryn-C Tablet,136,83,tablet,12.5mg,10.0,strip,45.1,False
1348,Azee 1000 Tablet,2,6,tablet,1000mg,1.0,strip,72.66,False
1350,Abphylin 100mg Capsule,28,152,capsule,100mg,10.0,strip,162.0,False
1351,Abphylin 100mg Capsule,1297,152,capsule,100mg,10.0,strip,162.0,False
1352,Abphylin 100mg Capsule,1553,152,capsule,100mg,10.0,strip,162.0,False
1353,Adriamycin 50mg Injection,233,14,injection,50mg,,,874.39,False
1354,Azulix MV 2/0.2 Tablet SR,41,11,tablet,2mg,10.0,strip,192.2,False
1355,Absolut DM Capsule,88,140,capsule,,15.0,strip,335.0,False
1356,Ambrodil-XP Capsule,28,10,capsule,100mg,10.0,strip,80.85,False
1357,Ambrodil-XP Capsule,1297,10,capsule,100mg,10.0,strip,80.85,False
1358,Ambrodil-XP Capsule,1553,10,capsule,100mg,10.0,strip,80.85,False
1359,Augxetil 500mg Tablet,147,153,tablet,500mg,10.0,strip,383.0,False
1361,Augplat 250mcg Injection,234,21,injection,,,,3395.0,False
1362,Actiheal-D Tablet,235,33,tablet,48mg,10.0,strip,281.5,False
1363,Adilip 45 Tablet DR,236,25,tablet,45mg,10.0,strip,97.0,False
1364,Adilip 45 Tablet DR,1318,25,tablet,45mg,10.0,strip,97.0,False
1365,Adalipca 40mg Injection,237,48,injection,40mg,,,15000.0,False
1366,Alfa GPC Tablet,238,25,tablet,400mg,10.0,strip,755.0,False
1367,Atracurium Besilate Injection,239,13,injection,,1.0,ml,185.31,False
1368,Ambropil BR Syrup,3,154,syrup,15mg/5ml,100.0,bottle,84.0,False
1369,Ambropil BR Syrup,49,154,syrup,15mg/5ml,100.0,bottle,84.0,False
1370,Ambropil BR Syrup,73,154,syrup,15mg/5ml,100.0,bottle,84.0,False
1371,Ambropil BR Syrup,743,154,syrup,15mg/5ml,100.0,bottle,84.0,False
1373,ANALGIN 500MG TABLET,240,15,tablet,500mg,10.0,strip,5.5,False
1375,Accuzon 1g Injection,241,33,injection,1000mg,,,56.46,False
1376,Atrest 25 Tablet,242,111,tablet,25mg,10.0,strip,315.83,False
1377,Amlodac M Tablet PR,20,21,tablet,5mg,15.0,strip,168.6,False
1378,Amicin 500mg Injection,38,35,injection,500mg,2.0,ml,122.9,False
1379,Atocor Gold 20 Capsule,132,7,capsule,75mg,10.0,strip,61.6,False
1380,Atocor Gold 20 Capsule,1166,7,capsule,75mg,10.0,strip,61.6,False
1381,Atocor Gold 20 Capsule,1537,7,capsule,75mg,10.0,strip,61.6,False
1382,Atocor Gold 20 Capsule,1670,7,capsule,75mg,10.0,strip,61.6,False
1383,Atocor 80 Tablet,33,7,tablet,80mg,14.0,strip,515.0,False
1384,Atocor 80 Tablet,1502,7,tablet,80mg,14.0,strip,515.0,False
1385,Atocor 80 Tablet,1755,7,tablet,80mg,14.0,strip,515.0,False
1388,Alcinac P 100mg/325mg Tablet,16,52,tablet,100mg,15.0,strip,60.0,False
1389,Alcinac P 100mg/325mg Tablet,23,52,tablet,100mg,15.0,strip,60.0,False
1390,Arpizol 15 Tablet,91,13,tablet,15mg,10.0,strip,191.8,False
1391,Arigaba NT Tablet,199,156,tablet,400mg,10.0,strip,269.0,False
1392,Arigaba NT Tablet,284,156,tablet,400mg,10.0,strip,269.0,False
1393,Arigaba NT Tablet,1122,156,tablet,400mg,10.0,strip,269.0,False
1394,Acivir 400mg Syrup,47,6,syrup,400mg,100.0,bottle,100.0,False
1395,Amlomed AT 5mg/50mg Tablet,20,142,tablet,5mg,10.0,strip,43.6,False
1396,Azusa T 8/40 Tablet,83,49,tablet,40mg,10.0,strip,152.0,False
1397,Azomycin 500 Tablet,2,6,tablet,500mg,3.0,strip,71.7,False
1398,Abortab 200mg Tablet,80,28,tablet,200mg,1.0,strip,326.94,False
1399,Aldryl Syrup,243,15,syrup,,100.0,bottle,12.37,False
1400,Aldryl Syrup,1349,15,syrup,,100.0,bottle,12.37,False
1403,Anaproct Ointment,154,61,ointment,,15.0,tube,112.5,False
1404,Attentrol 10mg Capsule,244,13,capsule,10mg,10.0,strip,97.0,False
1405,Amace Tablet,20,23,tablet,5mg,10.0,strip,77.0,False
1407,Ara Eye Drop,169,108,drops,,10.0,ml,265.0,False
1409,Aim7 60 XR Tablet,246,38,tablet,60mg,15.0,strip,185.35,False
1410,Aim7 60 XR Tablet,353,38,tablet,60mg,15.0,strip,185.35,False
1411,Atchol Gold 10 Capsule,132,10,capsule,75mg,15.0,strip,69.89,False
1412,Atchol Gold 10 Capsule,1166,10,capsule,75mg,15.0,strip,69.89,False
1413,Atchol Gold 10 Capsule,1537,10,capsule,75mg,15.0,strip,69.89,False
1414,Atchol Gold 10 Capsule,1670,10,capsule,75mg,15.0,strip,69.89,False
1415,Acenac-P  Tablet,16,29,tablet,100mg,15.0,strip,91.5,False
1416,Acenac-P  Tablet,23,29,tablet,100mg,15.0,strip,91.5,False
1418,Aldonil Plus Tablet SR,155,21,tablet,150mg,10.0,strip,308.25,False
1420,Acotrust  Tablet,50,7,tablet,100mg,15.0,strip,239.5,False
1421,Aldep 10 Tablet,35,53,tablet,10mg,15.0,strip,42.42,False
1422,Aldep 10 Tablet,136,53,tablet,10mg,15.0,strip,42.42,False
1425,Anxol Tablet,248,158,tablet,25mg,10.0,strip,85.8,False
1426,Aricef O 50mg/5ml Dry Syrup,183,24,syrup,50mg/5ml,30.0,bottle,44.01,False
1427,Addwize OD 18mg Tablet,112,13,tablet,18mg,10.0,strip,180.0,False
1428,Amipride 50 Tablet,222,159,tablet,50mg,10.0,strip,78.0,False
1429,Altiva 120mg Tablet,4,13,tablet,120mg,10.0,strip,184.0,False
1430,Aclon-SP Tablet,16,160,tablet,100mg,10.0,strip,62.5,False
1431,Aclon-SP Tablet,23,160,tablet,100mg,10.0,strip,62.5,False
1438,Amtas 10 Tablet,20,25,tablet,10mg,15.0,strip,94.58,False
1439,Alpostin 500mcg Injection,250,20,injection,,1.0,ml,6372.0,False
1440,Alka-PH Syrup,22,163,syrup,,100.0,bottle,50.0,False
1441,Amlokind Beta 5mg/25mg Tablet PR,20,12,tablet,5mg,10.0,strip,62.0,False
1442,Afogatran 110 Capsule,251,11,capsule,110mg,10.0,strip,331.65,False
1447,Acetamide 250mg Tablet,254,24,tablet,250mg,10.0,strip,38.53,False
1449,Amloz AT Tablet,20,166,tablet,5mg,14.0,strip,162.25,False
1450,Aerodil-DX Syrup Raspberry Sugar Free,27,21,syrup,4mg/5ml,100.0,bottle,108.0,False
1451,Arip MT 10 Tablet,91,11,tablet,10mg,15.0,strip,230.7,False
1452,Alivher ES Tablet,255,51,tablet,1mg,10.0,strip,218.0,False
1457,Advent 228.5mg Dry Syrup,1,6,syrup,200mg,60.0,bottle,134.4,False
1458,Alides 5mg Tablet,256,52,tablet,5mg,10.0,strip,65.0,False
1459,Alastin AM Tablet,3,52,tablet,60mg,10.0,strip,55.0,False
1460,Alastin AM Tablet,49,52,tablet,60mg,10.0,strip,55.0,False
1461,Alastin AM Tablet,73,52,tablet,60mg,10.0,strip,55.0,False
1462,Alastin AM Tablet,743,52,tablet,60mg,10.0,strip,55.0,False
1463,Ascodex SF Syrup Sugar Free,30,3,syrup,50mg/5ml,100.0,bottle,99.0,False
1464,Ascodex SF Syrup Sugar Free,86,3,syrup,50mg/5ml,100.0,bottle,99.0,False
1465,Ascodex SF Syrup Sugar Free,364,3,syrup,50mg/5ml,100.0,bottle,99.0,False
1466,Amclaid 625 Tablet,1,40,tablet,500mg,10.0,strip,223.44,False
1468,Avoprost 8mg Capsule,216,24,capsule,8mg,10.0,strip,272.0,False
1469,Amiline 10mg Tablet,35,170,tablet,10mg,10.0,strip,25.0,False
1470,Amiline 10mg Tablet,136,170,tablet,10mg,10.0,strip,25.0,False
1471,Arvast F 10 Tablet,236,25,tablet,67mg,10.0,strip,262.0,False
1472,Arvast F 10 Tablet,1318,25,tablet,67mg,10.0,strip,262.0,False
1473,Anin 500mg Injection,258,61,injection,500mg,2.0,ml,328.5,False
1474,Amloz 5 Tablet,20,166,tablet,5mg,30.0,strip,97.1,False
1475,Azulix 4 MF Forte Tablet PR,41,11,tablet,4mg,10.0,strip,171.55,False
1476,Amtas-AT 25 Tablet,20,25,tablet,5mg,15.0,strip,86.0,False
1477,Arophyll HD 10mg/120mg/200mg Tablet,6,171,tablet,10mg,10.0,strip,219.0,False
1478,Arophyll HD 10mg/120mg/200mg Tablet,521,171,tablet,10mg,10.0,strip,219.0,False
1480,Acitrom 0.5 Tablet,42,5,tablet,0.5mg,10.0,strip,63.34,False
1481,Asar 40 Tablet,146,3,tablet,40mg,10.0,strip,109.0,False
1482,Anxit 0.5 SR Tablet,15,24,tablet,0.5mg,10.0,strip,43.0,False
1483,Anxit 0.5 SR Tablet,150,24,tablet,0.5mg,10.0,strip,43.0,False
1484,Anxit 0.5 SR Tablet,1561,24,tablet,0.5mg,10.0,strip,43.0,False
1485,Anxit 0.5 SR Tablet,1624,24,tablet,0.5mg,10.0,strip,43.0,False
1486,Alkazip Syrup,22,52,syrup,,100.0,bottle,85.0,False
1488,Arvast-CF 10 Capsule DR,236,25,capsule,135mg,10.0,strip,273.0,False
1489,Arvast-CF 10 Capsule DR,1318,25,capsule,135mg,10.0,strip,273.0,False
1492,Axinerve-P Tablet SR,88,172,tablet,,10.0,strip,157.0,False
1493,Adiflam Plus 400 mg/500 mg Tablet,259,173,tablet,400mg,10.0,strip,19.5,False
1494,Adiflam Plus 400 mg/500 mg Tablet,362,173,tablet,400mg,10.0,strip,19.5,False
1495,Amitop M 5mg/1500mcg Tablet,35,71,tablet,5mg,10.0,strip,93.0,False
1496,Amitop M 5mg/1500mcg Tablet,136,71,tablet,5mg,10.0,strip,93.0,False
1497,Asomex-D Tablet,20,46,tablet,2.5mg,15.0,strip,126.15,False
1498,Azro 500 Tablet,2,5,tablet,500mg,3.0,strip,66.35,False
1499,Answell 400 mg/325 mg Tablet,259,8,tablet,400mg,10.0,strip,8.06,False
1500,Answell 400 mg/325 mg Tablet,362,8,tablet,400mg,10.0,strip,8.06,False
1501,Acenext 100mg Tablet,16,8,tablet,100mg,10.0,strip,24.5,False
1502,Acenext 100mg Tablet,23,8,tablet,100mg,10.0,strip,24.5,False
1503,Advent 1.2gm  Injection,1,6,injection,1000mg,,,140.96,False
1505,Aceron TC Tablet,16,55,tablet,100mg,10.0,strip,137.68,False
1506,Aceron TC Tablet,23,55,tablet,100mg,10.0,strip,137.68,False
1507,Aldigesic-Rab Capsule SR,16,15,capsule,200mg,10.0,strip,160.0,False
1508,Aldigesic-Rab Capsule SR,23,15,capsule,200mg,10.0,strip,160.0,False
1509,ACTION OR 1000mg Tablet,60,31,tablet,1000mg,10.0,strip,42.3,False
1510,ACTION OR 1000mg Tablet,764,31,tablet,1000mg,10.0,strip,42.3,False
1511,Adilin 40mg Tablet SR,260,174,tablet,40mg,10.0,strip,99.2,False
1513,Amlodac 10 Tablet,20,21,tablet,10mg,30.0,units,188.94,False
1514,Alfalog Tablet,142,16,tablet,,10.0,strip,383.0,False
1515,Azax 500 Tablet,2,13,tablet,500mg,5.0,strip,119.38,False
1517,Amlovas-L Tablet,20,33,tablet,5mg,15.0,strip,203.0,False
1518,Atorsave D 10 Tablet,33,38,tablet,10mg,15.0,strip,219.19,False
1519,Atorsave D 10 Tablet,1502,38,tablet,10mg,15.0,strip,219.19,False
1520,Atorsave D 10 Tablet,1755,38,tablet,10mg,15.0,strip,219.19,False
1524,Alex P Paed Drop,27,3,drops,2mg/ml,15.0,bottle,73.0,False
1525,Azivent 250 Tablet,2,10,tablet,250mg,10.0,strip,118.5,False
1528,Azapure Tablet,40,25,tablet,50mg,10.0,strip,118.23,False
1529,Akme-Entoquol Tablet,84,179,tablet,2mg,20.0,strip,33.0,False
1531,Atherochek 10 Tablet,33,40,tablet,10mg,10.0,strip,151.3,False
1532,Atherochek 10 Tablet,1502,40,tablet,10mg,10.0,strip,151.3,False
1533,Atherochek 10 Tablet,1755,40,tablet,10mg,10.0,strip,151.3,False
1534,Axepta 18mg Tablet,244,25,tablet,18mg,10.0,strip,178.0,False
1536,Ascodex D Syrup,8,3,syrup,5mg/5ml,100.0,bottle,129.0,False
1537,Ascodex D Syrup,10,3,syrup,5mg/5ml,100.0,bottle,129.0,False
1538,Ascodex D Syrup,301,3,syrup,5mg/5ml,100.0,bottle,129.0,False
1539,Ascodex D Syrup,1251,3,syrup,5mg/5ml,100.0,bottle,129.0,False
1540,Ascodex D Syrup,1508,3,syrup,5mg/5ml,100.0,bottle,129.0,False
1541,Angiplat 6.5 Capsule TR,43,24,capsule,6.5mg,25.0,units,207.5,False
1542,Adfrar Injection,237,11,injection,40mg/0.8ml,,,25000.0,False
1543,Ambrox T Syrup,3,181,syrup,15mg/5ml,100.0,bottle,50.0,False
1544,Ambrox T Syrup,49,181,syrup,15mg/5ml,100.0,bottle,50.0,False
1545,Ambrox T Syrup,73,181,syrup,15mg/5ml,100.0,bottle,50.0,False
1546,Ambrox T Syrup,743,181,syrup,15mg/5ml,100.0,bottle,50.0,False
1548,Azunate 60mg Injection,263,33,injection,60mg,,,208.24,False
1549,Acton-OR Plus+ Tablet,60,31,tablet,325mg,10.0,strip,164.9,False
1550,Acton-OR Plus+ Tablet,764,31,tablet,325mg,10.0,strip,164.9,False
1553,Acenac-SR Tablet,16,29,tablet,200mg,10.0,strip,82.0,False
1554,Acenac-SR Tablet,23,29,tablet,200mg,10.0,strip,82.0,False
1555,Albutamol Plus Tablet,14,111,tablet,,10.0,strip,46.16,False
1556,Albutamol Plus Tablet,497,111,tablet,,10.0,strip,46.16,False
1557,Albutamol Plus Tablet,1172,111,tablet,,10.0,strip,46.16,False
1558,Azirin 500mg Tablet,2,184,tablet,500mg,3.0,strip,60.59,False
1559,Azusa 8mg Tablet,196,49,tablet,8mg,10.0,strip,95.76,False
1560,Amlodac CH Tablet,20,21,tablet,5mg,10.0,strip,133.8,False
1561,Atorec 10 Tablet,33,46,tablet,10mg,10.0,strip,68.13,False
1562,Atorec 10 Tablet,1502,46,tablet,10mg,10.0,strip,68.13,False
1563,Atorec 10 Tablet,1755,46,tablet,10mg,10.0,strip,68.13,False
1565,Alkanil Syrup,22,185,syrup,625mg/5ml,100.0,bottle,107.5,False
1566,Atrest 12.5 Tablet,242,111,tablet,12.5mg,10.0,strip,169.29,False
1567,Abvida 50mg Tablet,265,5,tablet,50mg,15.0,strip,181.46,False
1568,Azee XL 100mg Dry Syrup Peppermint,2,6,syrup,100mg/5ml,30.0,bottle,84.17,False
1575,Atorlip 5 Tablet,33,6,tablet,5mg,10.0,strip,68.8,False
1576,Atorlip 5 Tablet,1502,6,tablet,5mg,10.0,strip,68.8,False
1577,Atorlip 5 Tablet,1755,6,tablet,5mg,10.0,strip,68.8,False
1579,Amlovas-M 5/25 Tablet PR,20,33,tablet,5mg,10.0,strip,103.0,False
1581,Anglit 2.6 Tablet CR,43,71,tablet,2.6mg,30.0,strip,155.39,False
1582,Amlogard 2.5mg Tablet,20,14,tablet,2.5mg,30.0,strip,60.02,False
1583,Amdepin 5 Tablet,20,8,tablet,5mg,15.0,strip,48.55,False
1587,Amiodar 200 Tablet,266,24,tablet,200mg,10.0,strip,140.78,False
1588,Amazeo OD 100 Tablet SR,222,11,tablet,100mg,10.0,strip,169.65,False
1589,Alzero M Syrup,94,112,syrup,2.5mg,60.0,bottle,111.0,False
1590,Acocontin Tablet CR,3,187,tablet,75mg,10.0,strip,214.0,False
1591,Acocontin Tablet CR,49,187,tablet,75mg,10.0,strip,214.0,False
1592,Acocontin Tablet CR,73,187,tablet,75mg,10.0,strip,214.0,False
1593,Acocontin Tablet CR,743,187,tablet,75mg,10.0,strip,214.0,False
1594,Alphacept 8 Tablet,216,19,tablet,8mg,15.0,strip,437.8,False
1596,Altime CF Syrup,3,188,syrup,15mg,60.0,bottle,38.27,False
1597,Altime CF Syrup,49,188,syrup,15mg,60.0,bottle,38.27,False
1598,Altime CF Syrup,73,188,syrup,15mg,60.0,bottle,38.27,False
1599,Altime CF Syrup,743,188,syrup,15mg,60.0,bottle,38.27,False
1600,Augxetil CV 500 Tablet,147,153,tablet,500mg,10.0,strip,560.0,False
1601,Ambrolite Cold Syrup,3,34,syrup,30mg/5ml,60.0,bottle,81.5,False
1602,Ambrolite Cold Syrup,49,34,syrup,30mg/5ml,60.0,bottle,81.5,False
1603,Ambrolite Cold Syrup,73,34,syrup,30mg/5ml,60.0,bottle,81.5,False
1604,Ambrolite Cold Syrup,743,34,syrup,30mg/5ml,60.0,bottle,81.5,False
1605,Altonil Syrup,93,53,syrup,3mg/5ml,100.0,bottle,166.38,False
1606,Asolt-AT Tablet,247,189,tablet,46.5mg,10.0,strip,118.0,False
1607,Asolt-AT Tablet,759,189,tablet,46.5mg,10.0,strip,118.0,False
1608,Acocare 300mg Tablet SR,50,113,tablet,300mg,10.0,strip,547.0,False
1609,Amoxyclav 1000 mg/200 mg Injection,1,5,injection,1000mg,,,62.5,False
1610,Anti Cold Tablet,106,146,tablet,30mg,10.0,strip,70.0,False
1611,Anti Cold Tablet,267,146,tablet,30mg,10.0,strip,70.0,False
1612,Anti Cold Tablet,323,146,tablet,30mg,10.0,strip,70.0,False
1613,Alciflox D Eye/Ear Drops,118,15,drops,,10.0,ml,45.0,False
1614,Advastat 10 Tablet,166,190,tablet,10mg,10.0,strip,139.0,False
1615,Aldigesic MR Tablet,16,15,tablet,100mg,10.0,strip,100.0,False
1616,Aldigesic MR Tablet,23,15,tablet,100mg,10.0,strip,100.0,False
1617,Arzu 10 Tablet,91,19,tablet,10mg,10.0,strip,173.5,False
1619,Azifast 250 Tablet,2,48,tablet,250mg,6.0,strip,78.74,False
1620,Anfoe 6000IU Injection,170,109,injection,,,,2000.0,False
1622,Amoxil 500mg Injection,1,142,injection,500mg,2.0,ml,23.52,False
1623,Alenix 5 Tablet,256,191,tablet,5mg,10.0,strip,48.0,False
1624,Atorbest 10 Tablet,33,8,tablet,10mg,10.0,strip,68.21,False
1625,Atorbest 10 Tablet,1502,8,tablet,10mg,10.0,strip,68.21,False
1626,Atorbest 10 Tablet,1755,8,tablet,10mg,10.0,strip,68.21,False
1627,Amide 25 Tablet,222,95,tablet,25mg,10.0,strip,60.0,False
1628,Aleva 5mg Tablet,94,192,tablet,5mg,10.0,strip,29.0,False
1629,Amlopin 2.5 Tablet,20,9,tablet,2.5mg,10.0,strip,20.61,False
1630,Ace-TH 4 Tablet,16,193,tablet,100mg,10.0,strip,175.0,False
1631,Ace-TH 4 Tablet,23,193,tablet,100mg,10.0,strip,175.0,False
1633,Alkem Nandrolone 50mg Injection,268,15,injection,50mg,1.0,ml,259.0,False
1634,Anti-Thyrox 20 Tablet,171,33,tablet,20mg,100.0,units,1163.0,False
1635,Alcof D Syrup,8,194,syrup,5mg/5ml,100.0,bottle,54.06,False
1636,Alcof D Syrup,10,194,syrup,5mg/5ml,100.0,bottle,54.06,False
1637,Alcof D Syrup,301,194,syrup,5mg/5ml,100.0,bottle,54.06,False
1638,Alcof D Syrup,1251,194,syrup,5mg/5ml,100.0,bottle,54.06,False
1639,Alcof D Syrup,1508,194,syrup,5mg/5ml,100.0,bottle,54.06,False
1640,Arip MT 15 Tablet,91,11,tablet,15mg,10.0,strip,137.0,False
1641,Alerfix Tablet,94,38,tablet,5mg,10.0,strip,52.27,False
1644,Arip 5mg Tablet,91,11,tablet,5mg,10.0,strip,51.6,False
1645,Aceclomax-SP Tablet,16,196,tablet,100mg,10.0,strip,75.0,False
1646,Aceclomax-SP Tablet,23,196,tablet,100mg,10.0,strip,75.0,False
1647,Avapar Tablet,26,129,tablet,50mg,10.0,strip,53.41,False
1648,Avapar Tablet,160,129,tablet,50mg,10.0,strip,53.41,False
1649,Aplevant 0.75mg Pre-filled Pen,165,19,injection,0.75mg,,,4998.0,False
1650,Anawin 0.5% Injection,162,104,injection,0.5%,20.0,ml,95.8,False
1651,Atorsave CV 10 Capsule,33,38,capsule,10mg,10.0,strip,125.12,False
1652,Atorsave CV 10 Capsule,1502,38,capsule,10mg,10.0,strip,125.12,False
1653,Atorsave CV 10 Capsule,1755,38,capsule,10mg,10.0,strip,125.12,False
1654,Anaflam Xps  Tablet,16,74,tablet,100mg,10.0,strip,96.23,False
1655,Anaflam Xps  Tablet,23,74,tablet,100mg,10.0,strip,96.23,False
1656,AB Day 100mg Capsule,28,197,capsule,100mg,10.0,strip,89.99,False
1657,AB Day 100mg Capsule,1297,197,capsule,100mg,10.0,strip,89.99,False
1658,AB Day 100mg Capsule,1553,197,capsule,100mg,10.0,strip,89.99,False
1659,Amitril 10mg Tablet,35,198,tablet,10mg,10.0,strip,23.0,False
1660,Amitril 10mg Tablet,136,198,tablet,10mg,10.0,strip,23.0,False
1661,Azintas 500mg Tablet,2,25,tablet,500mg,3.0,strip,64.0,False
1662,Airz 25F Capsule,208,3,capsule,,30.0,units,382.0,False
1668,Aculip 25 mg/10 mg Tablet,35,65,tablet,25mg,20.0,strip,105.35,False
1669,Aculip 25 mg/10 mg Tablet,136,65,tablet,25mg,20.0,strip,105.35,False
1671,Aplev M 5mg/10mg Tablet,94,49,tablet,5mg,10.0,strip,95.0,False
1672,Actoid 10 Capsule,127,25,capsule,10mg,10.0,strip,390.0,False
1673,Aphyren-N Tablet,28,109,tablet,100mg,10.0,strip,182.0,False
1674,Aphyren-N Tablet,1297,109,tablet,100mg,10.0,strip,182.0,False
1675,Aphyren-N Tablet,1553,109,tablet,100mg,10.0,strip,182.0,False
1676,Apigy 2.5 Tablet,98,6,tablet,2.5mg,10.0,strip,150.0,False
1677,Amaryl 4mg Tablet,41,4,tablet,4mg,30.0,strip,397.0,False
1678,Amitop M 5 Tablet,35,71,tablet,5mg,15.0,strip,165.0,False
1679,Amitop M 5 Tablet,136,71,tablet,5mg,15.0,strip,165.0,False
1680,Accutaz AS 1000mg/125mg Injection,241,33,injection,1000mg,,,180.0,False
1682,Acivir Eye Drop,47,6,drops,,5.0,ml,48.35,False
1683,Atorfit CV 40 Capsule,33,49,capsule,40mg,10.0,strip,406.0,False
1684,Atorfit CV 40 Capsule,1502,49,capsule,40mg,10.0,strip,406.0,False
1685,Atorfit CV 40 Capsule,1755,49,capsule,40mg,10.0,strip,406.0,False
1686,Atrodex-C Eye Drop,75,202,drops,,5.0,bottle,157.12,False
1687,Atrodex-C Eye Drop,1190,202,drops,,5.0,bottle,157.12,False
1691,Altoran 40 Tablet,146,2,tablet,40mg,10.0,strip,111.6,False
1692,Alpalide 100mg Tablet,37,203,tablet,100mg,10.0,strip,29.0,False
1693,Alpalide 100mg Tablet,686,203,tablet,100mg,10.0,strip,29.0,False
1694,Amlogard 10mg Tablet,20,14,tablet,10mg,30.0,strip,185.6,False
1695,Ambrolite 30 Tablet,3,34,tablet,30mg,10.0,strip,31.0,False
1696,Ambrolite 30 Tablet,49,34,tablet,30mg,10.0,strip,31.0,False
1697,Ambrolite 30 Tablet,73,34,tablet,30mg,10.0,strip,31.0,False
1698,Ambrolite 30 Tablet,743,34,tablet,30mg,10.0,strip,31.0,False
1700,Axepta 25mg Tablet,244,25,tablet,25mg,10.0,strip,246.0,False
1701,Apraize 20 Tablet,81,48,tablet,20mg,4.0,strip,105.55,False
1704,Alday Kid 5mg/5ml Syrup,52,188,syrup,5mg/5ml,60.0,bottle,55.0,False
1706,Acenext SP 100 mg/500 mg/15 mg Tablet,16,8,tablet,100mg,10.0,strip,84.5,False
1707,Acenext SP 100 mg/500 mg/15 mg Tablet,23,8,tablet,100mg,10.0,strip,84.5,False
1710,Anxozap 15 Tablet,270,13,tablet,15mg,10.0,strip,151.52,False
1712,Atchol Gold 20 Capsule,132,10,capsule,75mg,15.0,strip,94.25,False
1713,Atchol Gold 20 Capsule,1166,10,capsule,75mg,15.0,strip,94.25,False
1714,Atchol Gold 20 Capsule,1537,10,capsule,75mg,15.0,strip,94.25,False
1715,Atchol Gold 20 Capsule,1670,10,capsule,75mg,15.0,strip,94.25,False
1716,Acutret 5 Capsule,129,48,capsule,5mg,10.0,strip,113.65,False
1717,Ambrodil-D Syrup Sugar Free,27,10,syrup,2mg,100.0,bottle,81.45,False
1720,Amlo AT 5 mg/50 mg Tablet,20,176,tablet,5mg,10.0,strip,58.03,False
1723,Acendol-R Capsule SR,16,80,capsule,200mg,10.0,strip,107.6,False
1724,Acendol-R Capsule SR,23,80,capsule,200mg,10.0,strip,107.6,False
1725,Alkepin Odt 12.5mg Tablet,273,15,tablet,12.5mg,10.0,strip,30.0,False
1726,Amazeo 50 Tablet,222,11,tablet,50mg,10.0,strip,94.4,False
1727,Abpress Eye Drop,274,207,drops,5mg,5.0,ml,300.0,False
1728,Amucoe Nac Tablet,28,153,tablet,100mg,10.0,strip,171.0,False
1729,Amucoe Nac Tablet,1297,153,tablet,100mg,10.0,strip,171.0,False
1730,Amucoe Nac Tablet,1553,153,tablet,100mg,10.0,strip,171.0,False
1732,AF 50 Tablet DT,63,23,tablet,50mg,4.0,strip,23.8,False
1733,AF 50 Tablet DT,369,23,tablet,50mg,4.0,strip,23.8,False
1734,AF 50 Tablet DT,1308,23,tablet,50mg,4.0,strip,23.8,False
1735,Airtec SF 250 Instacap,276,3,capsule,,,,429.0,False
1736,Abixim O Tablet,183,5,tablet,200mg,10.0,strip,265.28,False
1737,Atropine Eye Ointment,75,202,ointment,,5.0,tube,22.0,False
1738,Atropine Eye Ointment,1190,202,ointment,,5.0,tube,22.0,False
1739,Advent Forte 457mg Syrup Tangy Orange,1,6,syrup,400mg/5ml,60.0,bottle,263.53,False
1742,Aceclodol P 100mg/500mg Tablet,16,29,tablet,100mg,10.0,strip,42.0,False
1743,Aceclodol P 100mg/500mg Tablet,23,29,tablet,100mg,10.0,strip,42.0,False
1745,Abd Plus Syrup,113,25,syrup,3mg,10.0,bottle,39.0,False
1746,Amlosafe H Tablet,20,10,tablet,5mg,10.0,strip,59.0,False
1747,Avacard-AT Tablet,20,13,tablet,5mg,10.0,strip,94.5,False
1748,Aldo 5mg Tablet,20,65,tablet,5mg,10.0,strip,30.3,False
1749,Azadine Injection,278,25,injection,100mg,30.0,ml,4346.0,False
1750,Aztric 40 Tablet,146,25,tablet,40mg,10.0,strip,142.0,False
1751,Atorva E 40 Tablet,33,21,tablet,40mg,10.0,strip,339.5,False
1752,Atorva E 40 Tablet,1502,21,tablet,40mg,10.0,strip,339.5,False
1753,Atorva E 40 Tablet,1755,21,tablet,40mg,10.0,strip,339.5,False
1755,Aquagest 25mg Injection,161,25,injection,25mg,2.0,ml,130.0,False
1756,Atazis 10mg Tablet,7,52,tablet,10mg,10.0,strip,19.0,False
1757,Amlopin-M 5mg/25mg Tablet,20,9,tablet,5mg,10.0,strip,94.5,False
1758,Ace Revelol 50/5 Tablet ER,280,48,tablet,50mg,10.0,strip,285.35,False
1759,Ace Revelol 50/5 Tablet ER,826,48,tablet,50mg,10.0,strip,285.35,False
1761,Arvast 20 Tablet,166,25,tablet,20mg,10.0,strip,329.0,False
1762,Aciban 40 Tablet,281,8,tablet,40mg,10.0,strip,73.1,False
1763,Aciban 40 Tablet,1077,8,tablet,40mg,10.0,strip,73.1,False
1764,Alsita-M 50 Forte Tablet ER,87,15,tablet,50mg,10.0,strip,99.0,False
1765,Amlovas-AT 25 Tablet,20,33,tablet,5mg,15.0,strip,88.0,False
1766,Alkepin Odt 25mg Tablet,273,15,tablet,25mg,10.0,strip,31.2,False
1768,Alphacept-D 8 Capsule Combipack,216,19,capsule,8mg,20.0,units,412.0,False
1769,Adilan 40mg Tablet SR,260,74,tablet,40mg,10.0,strip,102.76,False
1770,Acepar SP 100mg/325mg/15mg Tablet,16,212,tablet,100mg,10.0,strip,90.0,False
1771,Acepar SP 100mg/325mg/15mg Tablet,23,212,tablet,100mg,10.0,strip,90.0,False
1772,Asomex-LT Tablet,145,46,tablet,50mg,15.0,strip,326.25,False
1773,Amitryn 25 Tablet,35,83,tablet,25mg,30.0,strip,83.4,False
1774,Amitryn 25 Tablet,136,83,tablet,25mg,30.0,strip,83.4,False
1775,Adcef Insta Use Syrup,282,11,syrup,125mg/5ml,30.0,bottle,184.05,False
1776,Arorab HD 30mg/40mg Capsule SR,18,171,capsule,30mg,10.0,strip,159.0,False
1777,Arorab HD 30mg/40mg Capsule SR,302,171,capsule,30mg,10.0,strip,159.0,False
1778,Arorab HD 30mg/40mg Capsule SR,558,171,capsule,30mg,10.0,strip,159.0,False
1779,Atorsave 40 Tablet,33,38,tablet,40mg,15.0,strip,235.57,False
1780,Atorsave 40 Tablet,1502,38,tablet,40mg,15.0,strip,235.57,False
1781,Atorsave 40 Tablet,1755,38,tablet,40mg,15.0,strip,235.57,False
1782,Aceclomax-P Tablet,16,196,tablet,100mg,10.0,strip,56.0,False
1783,Aceclomax-P Tablet,23,196,tablet,100mg,10.0,strip,56.0,False
1784,ANZILUM 0.25 MG TABLET,15,8,tablet,0.25mg,15.0,strip,16.54,False
1785,ANZILUM 0.25 MG TABLET,150,8,tablet,0.25mg,15.0,strip,16.54,False
1786,ANZILUM 0.25 MG TABLET,1561,8,tablet,0.25mg,15.0,strip,16.54,False
1787,ANZILUM 0.25 MG TABLET,1624,8,tablet,0.25mg,15.0,strip,16.54,False
1789,Amodep-TMH Tablet,83,78,tablet,40mg,10.0,strip,79.75,False
1790,Aziwin 500 Tablet,2,213,tablet,500mg,3.0,strip,78.5,False
1793,Amchek 5 Tablet,20,40,tablet,5mg,10.0,strip,29.93,False
1794,Arigaba NT 100 Tablet,199,156,tablet,100mg,10.0,strip,101.46,False
1795,Arigaba NT 100 Tablet,284,156,tablet,100mg,10.0,strip,101.46,False
1796,Arigaba NT 100 Tablet,1122,156,tablet,100mg,10.0,strip,101.46,False
1797,Asert D Tablet ER,183,5,tablet,200mg,10.0,strip,318.56,False
1798,Aclopar SP 100mg/325mg/10mg Tablet,16,120,tablet,100mg,10.0,strip,95.0,False
1799,Aclopar SP 100mg/325mg/10mg Tablet,23,120,tablet,100mg,10.0,strip,95.0,False
1803,Ampilox-LB Capsule,53,35,capsule,250mg,10.0,strip,93.15,False
1805,Arbitel-AMH Tablet,83,24,tablet,40mg,10.0,strip,169.0,False
1806,Accuzon 500 Injection,241,33,injection,500mg,,,45.81,False
1807,Amlosafe MT 25 Tablet PR,20,10,tablet,5mg,10.0,strip,70.0,False
1814,Actorise 25 Injection,283,6,injection,,42.0,ml,1815.0,False
1815,Amoxycillin 125mg Syrup,1,218,syrup,125mg,60.0,bottle,24.5,False
1818,Arvast 5 Tablet,166,25,tablet,5mg,10.0,strip,103.0,False
1819,Alizap 30mg Tablet,81,219,tablet,30mg,10.0,strip,274.75,False
1821,Assault Novo 200 mg/500 mg Tablet,89,15,tablet,200mg,10.0,strip,120.0,False
1822,Assault Novo 200 mg/500 mg Tablet,436,15,tablet,200mg,10.0,strip,120.0,False
1823,Avas 80 Tablet,33,24,tablet,80mg,10.0,strip,426.0,False
1824,Avas 80 Tablet,1502,24,tablet,80mg,10.0,strip,426.0,False
1825,Avas 80 Tablet,1755,24,tablet,80mg,10.0,strip,426.0,False
1827,Aretha Tablet,40,219,tablet,50mg,10.0,strip,108.33,False
1828,Amigaba LS Tablet,199,95,tablet,100mg,10.0,strip,99.0,False
1829,Amigaba LS Tablet,284,95,tablet,100mg,10.0,strip,99.0,False
1830,Amigaba LS Tablet,1122,95,tablet,100mg,10.0,strip,99.0,False
1831,Alkof AP Plus Syrup,3,15,syrup,15mg/5ml,100.0,bottle,92.0,False
1832,Alkof AP Plus Syrup,49,15,syrup,15mg/5ml,100.0,bottle,92.0,False
1833,Alkof AP Plus Syrup,73,15,syrup,15mg/5ml,100.0,bottle,92.0,False
1834,Alkof AP Plus Syrup,743,15,syrup,15mg/5ml,100.0,bottle,92.0,False
1836,Azibest 250mg Tablet,2,62,tablet,250mg,6.0,strip,70.0,False
1837,Anadrol 50mg Injection,268,222,injection,50mg,1.0,ml,115.0,False
1838,Alzil 10 Tablet,116,25,tablet,10mg,10.0,strip,199.58,False
1840,Angicam LT 50 mg/5 mg Tablet,145,62,tablet,50mg,15.0,strip,60.0,False
1841,Ampilox 500 mg/500 mg Injection,53,35,injection,500mg,10.0,ml,20.12,False
1842,ATM XL 100mg/5ml Syrup,2,40,syrup,100mg/5ml,30.0,bottle,84.0,False
1843,Alergin 10mg Tablet,52,6,tablet,10mg,10.0,strip,19.7,False
1844,Azileb 500mg Tablet,2,173,tablet,500mg,6.0,strip,111.0,False
1845,Antidep 75 Tablet,168,11,tablet,75mg,10.0,strip,37.35,False
1846,Alzil M Forte Tablet,116,25,tablet,10mg,10.0,strip,202.5,False
1847,Alergin Cold Total Tablet,60,6,tablet,,10.0,strip,51.5,False
1848,Alergin Cold Total Tablet,764,6,tablet,,10.0,strip,51.5,False
1849,Aptiquik Syrup,286,12,syrup,12mg/5ml,200.0,bottle,140.0,False
1850,Alerfri SF 650 mg/60 mg/2.5 mg Tablet,60,125,tablet,650mg,10.0,strip,59.25,False
1851,Alerfri SF 650 mg/60 mg/2.5 mg Tablet,764,125,tablet,650mg,10.0,strip,59.25,False
1854,Aloja-M Tablet,185,40,tablet,12.5mg,60.0,units,525.5,False
1855,Aloja-M Tablet,287,40,tablet,12.5mg,60.0,units,525.5,False
1856,Atorva E 10mg/10mg Tablet,33,21,tablet,10mg,10.0,strip,303.45,False
1857,Atorva E 10mg/10mg Tablet,1502,21,tablet,10mg,10.0,strip,303.45,False
1858,Atorva E 10mg/10mg Tablet,1755,21,tablet,10mg,10.0,strip,303.45,False
1866,Apexitra SB 130 Capsule,156,31,capsule,130mg,10.0,strip,250.0,False
1867,Alkem Ketorolac 100mg Injection,135,15,injection,100mg,,,24.0,False
1868,Alkem Ketorolac 100mg Injection,912,15,injection,100mg,,,24.0,False
1872,Ambulax-FM Tablet,153,43,tablet,0.5mg,10.0,strip,88.0,False
1873,Ambulax-FM Tablet,486,43,tablet,0.5mg,10.0,strip,88.0,False
1874,Alkof Q Tablet,30,15,tablet,,10.0,strip,50.0,False
1875,Alkof Q Tablet,86,15,tablet,,10.0,strip,50.0,False
1876,Alkof Q Tablet,364,15,tablet,,10.0,strip,50.0,False
1878,Acera-L Capsule SR,288,48,capsule,75mg,10.0,strip,217.6,False
1879,Acera-L Capsule SR,641,48,capsule,75mg,10.0,strip,217.6,False
1880,Alcecost SP 100mg/325mg/10mg Tablet,16,227,tablet,100mg,10.0,strip,158.0,False
1881,Alcecost SP 100mg/325mg/10mg Tablet,23,227,tablet,100mg,10.0,strip,158.0,False
1882,Acera 20 Capsule,289,48,capsule,20mg,10.0,strip,90.65,False
1885,Amlo 10mg Tablet,20,176,tablet,10mg,10.0,strip,56.66,False
1886,Alkamed Syrup,22,230,syrup,,100.0,bottle,95.0,False
1887,Amchek-AT Tablet,20,40,tablet,5mg,10.0,strip,75.0,False
1889,Amlosafe 3D 80 Tablet,83,10,tablet,80mg,7.0,strip,104.3,False
1890,Aciban 20 Tablet,281,8,tablet,20mg,10.0,strip,40.5,False
1891,Aciban 20 Tablet,1077,8,tablet,20mg,10.0,strip,40.5,False
1892,Acerest Plus Tablet,16,232,tablet,100mg,10.0,strip,45.0,False
1893,Acerest Plus Tablet,23,232,tablet,100mg,10.0,strip,45.0,False
1897,Acimol 200mg Tablet SR,16,52,tablet,200mg,10.0,strip,45.0,False
1898,Acimol 200mg Tablet SR,23,52,tablet,200mg,10.0,strip,45.0,False
1901,Acenext MR 100mg/325mg/250mg Tablet,16,8,tablet,100mg,10.0,strip,84.5,False
1902,Acenext MR 100mg/325mg/250mg Tablet,23,8,tablet,100mg,10.0,strip,84.5,False
1903,Aceloflam MR Tablet,16,15,tablet,100mg,10.0,strip,64.0,False
1904,Aceloflam MR Tablet,23,15,tablet,100mg,10.0,strip,64.0,False
1905,Amazeo 100 Tablet,222,11,tablet,100mg,10.0,strip,152.1,False
1906,Amitone Forte 25 mg/10 mg Tablet,35,25,tablet,25mg,10.0,strip,40.0,False
1907,Amitone Forte 25 mg/10 mg Tablet,136,25,tablet,25mg,10.0,strip,40.0,False
1908,Apixator 2.5 Tablet,98,11,tablet,2.5mg,10.0,strip,120.0,False
1909,Angizem CD 120 Capsule ER,195,13,capsule,120mg,10.0,strip,206.0,False
1912,Abvida 100mg Tablet SR,265,5,tablet,100mg,15.0,strip,214.48,False
1913,Auxisoda-EC 500 Tablet,173,113,tablet,500mg,10.0,strip,49.0,False
1917,Amlor 5mg Tablet,20,236,tablet,5mg,10.0,strip,18.5,False
1918,Azrolid 500mg Tablet,2,52,tablet,500mg,3.0,strip,67.1,False
1920,Alinol 10 Tablet,15,237,tablet,0.25mg,10.0,strip,31.07,False
1921,Alinol 10 Tablet,150,237,tablet,0.25mg,10.0,strip,31.07,False
1922,Alinol 10 Tablet,1561,237,tablet,0.25mg,10.0,strip,31.07,False
1923,Alinol 10 Tablet,1624,237,tablet,0.25mg,10.0,strip,31.07,False
1924,Acuclav IV 1.2gm Injection,1,33,injection,1000mg,,,152.65,False
1931,Azulix 3 MF Forte Tablet PR,41,11,tablet,3mg,10.0,strip,159.0,False
1934,Azee 200 DT Tablet,2,6,tablet,200mg,3.0,strip,37.5,False
1935,Azulix 0.5 MF Tablet PR,41,11,tablet,0.5mg,10.0,strip,53.0,False
1936,Acuclav DS Syrup,1,33,syrup,400mg/5ml,30.0,bottle,142.5,False
1940,Avas Gold 75mg/20mg/75mg Capsule,132,24,capsule,75mg,10.0,strip,64.0,False
1941,Avas Gold 75mg/20mg/75mg Capsule,1166,24,capsule,75mg,10.0,strip,64.0,False
1942,Avas Gold 75mg/20mg/75mg Capsule,1537,24,capsule,75mg,10.0,strip,64.0,False
1943,Avas Gold 75mg/20mg/75mg Capsule,1670,24,capsule,75mg,10.0,strip,64.0,False
1944,Apixator 5 Tablet,98,11,tablet,5mg,10.0,strip,150.0,False
1945,Acibro Plus Tablet SR,28,240,tablet,200mg,10.0,strip,187.0,False
1946,Acibro Plus Tablet SR,1297,240,tablet,200mg,10.0,strip,187.0,False
1947,Acibro Plus Tablet SR,1553,240,tablet,200mg,10.0,strip,187.0,False
1948,Actinin O 20mg Soft Gelatin Capsule,129,130,capsule,20mg,,,36.0,False
1951,Alcinac MR Tablet,16,52,tablet,100mg,10.0,strip,75.0,False
1952,Alcinac MR Tablet,23,52,tablet,100mg,10.0,strip,75.0,False
1953,Azy 500mg Tablet,2,29,tablet,500mg,3.0,strip,72.0,False
1954,Aciloc D 10 mg/150 mg Tablet,178,8,tablet,10mg,10.0,strip,44.12,False
1955,Aciloc D 10 mg/150 mg Tablet,291,8,tablet,10mg,10.0,strip,44.12,False
1956,Aciloc D 10 mg/150 mg Tablet,310,8,tablet,10mg,10.0,strip,44.12,False
1958,Axinerve-NP Tablet,151,172,tablet,75mg,10.0,strip,175.0,False
1959,Amicon 25mg Tablet,35,95,tablet,25mg,10.0,strip,26.6,False
1960,Amicon 25mg Tablet,136,95,tablet,25mg,10.0,strip,26.6,False
1961,Angizaar-H Tablet,145,24,tablet,50mg,10.0,strip,155.0,False
1962,Asthalin 2 Tablet,14,6,tablet,2mg,45.0,strip,9.06,False
1963,Asthalin 2 Tablet,497,6,tablet,2mg,45.0,strip,9.06,False
1964,Asthalin 2 Tablet,1172,6,tablet,2mg,45.0,strip,9.06,False
1966,Allerzine L 5mg Tablet,94,242,tablet,5mg,10.0,strip,27.9,False
1967,Alsartan-H Tablet,145,10,tablet,50mg,10.0,strip,91.95,False
1969,Angicam-M Tablet PR,20,62,tablet,5mg,15.0,strip,86.0,False
1973,Augmentin 250mg/50mg Injection,1,1,injection,250mg,10.0,ml,68.0,False
1975,Atocor-CV 20 Capsule,33,7,capsule,20mg,10.0,strip,256.0,False
1976,Atocor-CV 20 Capsule,1502,7,capsule,20mg,10.0,strip,256.0,False
1977,Atocor-CV 20 Capsule,1755,7,capsule,20mg,10.0,strip,256.0,False
1978,Abvida-M 50/500 Eazy Glide Tablet SR,144,5,tablet,500mg,15.0,strip,217.75,False
1979,Acipsor 25mg Capsule,127,237,capsule,25mg,10.0,strip,645.0,False
1981,Avanext 200 Tablet,59,21,tablet,200mg,4.0,strip,733.7,False
1982,Asunra 400mg Tablet,292,84,tablet,400mg,6.0,strip,827.0,False
1983,Alka KCL Syrup,217,243,syrup,500mg,100.0,bottle,35.0,False
1984,Acefile SP 100mg/325mg/10mg Tablet,16,49,tablet,100mg,10.0,strip,78.0,False
1985,Acefile SP 100mg/325mg/10mg Tablet,23,49,tablet,100mg,10.0,strip,78.0,False
1986,Allerblis M 20mg/10mg Tablet,99,244,tablet,20mg,10.0,strip,163.9,False
1989,Averzine 10 Tablet,7,191,tablet,10mg,10.0,strip,24.0,False
1990,Amintoz Injection,293,245,injection,100mg,1.0,ml,27.6,False
1991,Azerva 40 Tablet,33,25,tablet,40mg,10.0,strip,239.9,False
1992,Azerva 40 Tablet,1502,25,tablet,40mg,10.0,strip,239.9,False
1993,Azerva 40 Tablet,1755,25,tablet,40mg,10.0,strip,239.9,False
1994,Atorfit CV Gold 20 Capsule,132,49,capsule,75mg,15.0,strip,105.0,False
1995,Atorfit CV Gold 20 Capsule,1166,49,capsule,75mg,15.0,strip,105.0,False
1996,Atorfit CV Gold 20 Capsule,1537,49,capsule,75mg,15.0,strip,105.0,False
1997,Atorfit CV Gold 20 Capsule,1670,49,capsule,75mg,15.0,strip,105.0,False
2001,Act Nvp Tablet,248,51,tablet,10mg,10.0,strip,77.0,False
2005,Apxenta 30mg Tablet,81,49,tablet,30mg,10.0,strip,258.0,False
2006,Almotan 6.25 Tablet,294,248,tablet,6.25mg,4.0,strip,211.0,False
2007,Armod 150 Tablet,209,46,tablet,150mg,10.0,strip,318.05,False
2012,Atrolet 10 Tablet,33,250,tablet,10mg,20.0,strip,37.38,False
2013,Atrolet 10 Tablet,1502,250,tablet,10mg,20.0,strip,37.38,False
2014,Atrolet 10 Tablet,1755,250,tablet,10mg,20.0,strip,37.38,False
2015,Actamase 1000 mg/125 mg Injection,295,66,injection,1000mg,,,460.0,False
2016,Algest SR 200 Tablet,161,8,tablet,200mg,10.0,strip,315.5,False
2017,Aldopam 500mg Injection,296,20,injection,500mg,20.0,ml,83.28,False
2018,Averzine 25mg Tablet,7,191,tablet,25mg,15.0,strip,70.0,False
2019,Amlosafe-LS 5/5 Tablet,20,10,tablet,5mg,10.0,strip,102.0,False
2020,Ampilin 500mg Injection,53,143,injection,500mg,,,14.6,False
2023,Amloz AT 25 Tablet,20,166,tablet,5mg,14.0,strip,101.3,False
2024,Acetyl Salicylic Acid 50mg Tablet,132,21,tablet,50mg,14.0,strip,3.27,False
2025,Acetyl Salicylic Acid 50mg Tablet,1166,21,tablet,50mg,14.0,strip,3.27,False
2026,Acetyl Salicylic Acid 50mg Tablet,1537,21,tablet,50mg,14.0,strip,3.27,False
2027,Acetyl Salicylic Acid 50mg Tablet,1670,21,tablet,50mg,14.0,strip,3.27,False
2029,Angizaar 50 Tablet,145,24,tablet,50mg,10.0,strip,67.0,False
2030,Anxiset Plus 0.5 mg/10 mg Tablet,175,99,tablet,0.5mg,10.0,strip,153.45,False
2031,Anxiset Plus 0.5 mg/10 mg Tablet,179,99,tablet,0.5mg,10.0,strip,153.45,False
2032,Alkalith Syrup,22,15,syrup,,100.0,bottle,59.0,False
2033,Algin 100 mg/500 mg Tablet,16,96,tablet,100mg,10.0,strip,22.77,False
2034,Algin 100 mg/500 mg Tablet,23,96,tablet,100mg,10.0,strip,22.77,False
2035,Auxen D 500mg/10mg Tablet,297,251,tablet,500mg,10.0,strip,73.65,False
2036,Auxen D 500mg/10mg Tablet,1240,251,tablet,500mg,10.0,strip,73.65,False
2037,Auxen D 500mg/10mg Tablet,1520,251,tablet,500mg,10.0,strip,73.65,False
2040,Aldigesic 100mg/500mg/250mg Tablet MR,16,15,tablet,100mg,10.0,strip,100.0,False
2041,Aldigesic 100mg/500mg/250mg Tablet MR,23,15,tablet,100mg,10.0,strip,100.0,False
2043,Artamin 250mg Capsule,299,217,capsule,250mg,10.0,strip,137.75,False
2044,Amigold 50 Tablet,222,19,tablet,50mg,10.0,strip,124.5,False
2045,Amazeo OD 200 Tablet SR,222,11,tablet,200mg,10.0,strip,315.55,False
2049,Atormac 20 Tablet,33,33,tablet,20mg,10.0,strip,165.18,False
2050,Atormac 20 Tablet,1502,33,tablet,20mg,10.0,strip,165.18,False
2051,Atormac 20 Tablet,1755,33,tablet,20mg,10.0,strip,165.18,False
2052,Aspisol 150 Tablet,132,166,tablet,150mg,30.0,strip,14.25,False
2053,Aspisol 150 Tablet,1166,166,tablet,150mg,30.0,strip,14.25,False
2054,Aspisol 150 Tablet,1537,166,tablet,150mg,30.0,strip,14.25,False
2055,Aspisol 150 Tablet,1670,166,tablet,150mg,30.0,strip,14.25,False
2056,Atorsave F Tablet,33,38,tablet,10mg,10.0,strip,194.84,False
2057,Atorsave F Tablet,1502,38,tablet,10mg,10.0,strip,194.84,False
2058,Atorsave F Tablet,1755,38,tablet,10mg,10.0,strip,194.84,False
2059,Arflur-MR Tablet,16,78,tablet,100mg,10.0,strip,55.0,False
2060,Arflur-MR Tablet,23,78,tablet,100mg,10.0,strip,55.0,False
2061,Actv 24 Tablet,99,18,tablet,20mg,10.0,strip,110.0,False
2062,Ampho B 50mg Injection,262,217,injection,50mg,,,452.95,False
2065,Advastat CV 10 Capsule,166,190,capsule,10mg,10.0,strip,191.0,False
2066,Amigold 100 Tablet,222,19,tablet,100mg,10.0,strip,201.5,False
2068,Apriglim-MV 303 Tablet SR,41,254,tablet,3mg,10.0,strip,155.5,False
2069,Amtas-E Tablet,20,25,tablet,5mg,15.0,strip,155.0,False
2070,Alphadol 0.5mcg Soft Gelatin Capsule,120,67,capsule,,,,114.95,False
2071,Arimidex 1mg Tablet,115,66,tablet,1mg,28.0,units,6870.0,False
2072,Arreno Capsule ER,132,25,capsule,25mg,10.0,strip,35.0,False
2073,Arreno Capsule ER,1166,25,capsule,25mg,10.0,strip,35.0,False
2074,Arreno Capsule ER,1537,25,capsule,25mg,10.0,strip,35.0,False
2075,Arreno Capsule ER,1670,25,capsule,25mg,10.0,strip,35.0,False
2076,Anafranil 25mg Tablet,300,84,tablet,25mg,10.0,strip,49.9,False
2077,Apriglim-MV 2 Tablet SR,41,254,tablet,2mg,15.0,strip,288.14,False
2078,Alkof AP Syrup,8,15,syrup,5mg/5ml,100.0,bottle,77.0,False
2079,Alkof AP Syrup,10,15,syrup,5mg/5ml,100.0,bottle,77.0,False
2080,Alkof AP Syrup,301,15,syrup,5mg/5ml,100.0,bottle,77.0,False
2081,Alkof AP Syrup,1251,15,syrup,5mg/5ml,100.0,bottle,77.0,False
2082,Alkof AP Syrup,1508,15,syrup,5mg/5ml,100.0,bottle,77.0,False
2083,Asomex-TM 5 Tablet,83,46,tablet,40mg,15.0,strip,261.1,False
2084,Amlosafe TM 80 Tablet,83,10,tablet,80mg,10.0,strip,130.0,False
2085,Atropine 1% Eye Drop,75,202,drops,,10.0,ml,39.94,False
2086,Atropine 1% Eye Drop,1190,202,drops,,10.0,ml,39.94,False
2088,Assurans Injection,77,6,injection,0.8mg,5.0,ml,2178.0,False
2089,Alkepin Odt 100mg Tablet,273,15,tablet,100mg,10.0,strip,96.26,False
2090,Atorfit 20 Tablet,33,49,tablet,20mg,15.0,strip,145.57,False
2091,Atorfit 20 Tablet,1502,49,tablet,20mg,15.0,strip,145.57,False
2092,Atorfit 20 Tablet,1755,49,tablet,20mg,15.0,strip,145.57,False
2093,Arigaba 100 Tablet,199,156,tablet,100mg,10.0,strip,74.66,False
2094,Arigaba 100 Tablet,284,156,tablet,100mg,10.0,strip,74.66,False
2095,Arigaba 100 Tablet,1122,156,tablet,100mg,10.0,strip,74.66,False
2096,Acetal MR 100mg/325mg/250mg Tablet,16,255,tablet,100mg,10.0,strip,55.0,False
2097,Acetal MR 100mg/325mg/250mg Tablet,23,255,tablet,100mg,10.0,strip,55.0,False
2099,Altime CF Syrup Sugar Free,8,188,syrup,5mg/5ml,100.0,bottle,101.0,False
2100,Altime CF Syrup Sugar Free,10,188,syrup,5mg/5ml,100.0,bottle,101.0,False
2101,Altime CF Syrup Sugar Free,301,188,syrup,5mg/5ml,100.0,bottle,101.0,False
2102,Altime CF Syrup Sugar Free,1251,188,syrup,5mg/5ml,100.0,bottle,101.0,False
2103,Altime CF Syrup Sugar Free,1508,188,syrup,5mg/5ml,100.0,bottle,101.0,False
2104,ATZ 50 Tablet,40,25,tablet,50mg,10.0,strip,118.23,False
2105,Actorise 60 Injection,283,6,injection,,3.0,ml,4235.0,False
2106,Advent 600mg Injection,1,6,injection,500mg,,,105.0,False
2107,Attentrol 18 Capsule,244,13,capsule,18mg,10.0,strip,163.0,False
2108,Abrozac 100mg/600mg Tablet,28,49,tablet,100mg,10.0,strip,190.0,False
2109,Abrozac 100mg/600mg Tablet,1297,49,tablet,100mg,10.0,strip,190.0,False
2110,Abrozac 100mg/600mg Tablet,1553,49,tablet,100mg,10.0,strip,190.0,False
2111,Alday Kid Syrup,94,188,syrup,2.5mg,60.0,bottle,72.0,False
2112,Anadom 10mg/500mg Tablet,18,95,tablet,10mg,10.0,strip,60.0,False
2113,Anadom 10mg/500mg Tablet,302,95,tablet,10mg,10.0,strip,60.0,False
2114,Anadom 10mg/500mg Tablet,558,95,tablet,10mg,10.0,strip,60.0,False
2120,Ampoxin-CV Forte Dry Syrup,1,11,syrup,400mg/5ml,30.0,bottle,153.15,False
2121,Allrite Tablet,94,21,tablet,5mg,10.0,strip,90.47,False
2124,Advent 300mg Injection,1,6,injection,250mg,,,96.49,False
2125,Azuvas 20-Gold Capsule,132,257,capsule,75mg,10.0,strip,129.9,False
2126,Azuvas 20-Gold Capsule,1166,257,capsule,75mg,10.0,strip,129.9,False
2127,Azuvas 20-Gold Capsule,1537,257,capsule,75mg,10.0,strip,129.9,False
2128,Azuvas 20-Gold Capsule,1670,257,capsule,75mg,10.0,strip,129.9,False
2131,Azitreat 500mg Tablet,2,259,tablet,500mg,3.0,strip,65.0,False
2132,Azuvas 10 Tablet,166,257,tablet,10mg,10.0,strip,129.9,False
2133,Adine-Plus Tablet,247,260,tablet,50mg,10.0,strip,96.2,False
2134,Adine-Plus Tablet,759,260,tablet,50mg,10.0,strip,96.2,False
2135,Adoc SP 100mg/325mg Tablet,16,50,tablet,100mg,10.0,strip,21.5,False
2136,Adoc SP 100mg/325mg Tablet,23,50,tablet,100mg,10.0,strip,21.5,False
2137,Atorin 10 Tablet,33,29,tablet,10mg,10.0,strip,58.75,False
2138,Atorin 10 Tablet,1502,29,tablet,10mg,10.0,strip,58.75,False
2139,Atorin 10 Tablet,1755,29,tablet,10mg,10.0,strip,58.75,False
2140,Augulab 500mg/125mg Tablet,1,118,tablet,500mg,10.0,strip,120.0,False
2143,Alenix 10mg Tablet,256,191,tablet,10mg,10.0,strip,66.0,False
2144,Amlace Tablet,20,9,tablet,5mg,10.0,strip,91.57,False
2145,Anaflam XP 100mg/325mg Tablet,16,74,tablet,100mg,10.0,strip,52.56,False
2146,Anaflam XP 100mg/325mg Tablet,23,74,tablet,100mg,10.0,strip,52.56,False
2147,Azento 500mg Tablet,2,15,tablet,500mg,3.0,strip,62.75,False
2148,Arifine 5mg Tablet,91,95,tablet,5mg,10.0,strip,68.0,False
2149,Attera 10mg Tablet,244,95,tablet,10mg,10.0,strip,65.0,False
2150,Aldactone F Tablet,54,16,tablet,20mg,10.0,strip,81.2,False
2152,Acemiz 200 SR Tablet,16,19,tablet,200mg,10.0,strip,74.7,False
2153,Acemiz 200 SR Tablet,23,19,tablet,200mg,10.0,strip,74.7,False
2156,Adrenor 4mg Injection,303,20,injection,4mg,2.0,ml,54.14,False
2157,Alkapen Syrup,22,50,syrup,,100.0,bottle,15.81,False
2158,Altax-O 200 Tablet DT,183,262,tablet,200mg,10.0,strip,94.17,False
2159,Aceton-P Tablet,16,263,tablet,100mg,10.0,strip,61.0,False
2160,Aceton-P Tablet,23,263,tablet,100mg,10.0,strip,61.0,False
2162,Azithral Eye Drop,2,2,drops,,3.0,ml,152.75,False
2163,Arflur CR  Tablet,16,78,tablet,200mg,10.0,strip,50.5,False
2164,Arflur CR  Tablet,23,78,tablet,200mg,10.0,strip,50.5,False
2165,Azeldip 16 Tablet,196,3,tablet,16mg,10.0,strip,153.0,False
2166,Alfugress-D  Tablet SR,24,109,tablet,10mg,10.0,strip,223.0,False
2169,Aldigesic Spas 80mg/100mg Tablet,119,15,tablet,80mg,10.0,strip,120.0,False
2170,Aldigesic Spas 80mg/100mg Tablet,220,15,tablet,80mg,10.0,strip,120.0,False
2171,Aldigesic Spas 80mg/100mg Tablet,1619,15,tablet,80mg,10.0,strip,120.0,False
2172,Azicip 500 Tablet,2,6,tablet,500mg,5.0,strip,90.0,False
2174,Asozen SR Plus 100mg/325mg/10mg Tablet,16,130,tablet,100mg,10.0,strip,20.0,False
2175,Asozen SR Plus 100mg/325mg/10mg Tablet,23,130,tablet,100mg,10.0,strip,20.0,False
2176,Amlozaar Tablet,145,24,tablet,50mg,15.0,strip,249.0,False
2177,Arostat 10mg Tablet,166,171,tablet,10mg,10.0,strip,99.0,False
2178,Azom 1gm Injection,205,267,injection,1gm,,,799.0,False
2179,Aquanac Eye Drop,95,233,drops,3mg/ml,10.0,ml,219.6,False
2184,Allerduo 20mg/10mg Tablet,99,111,tablet,20mg,10.0,strip,170.35,False
2185,Asar-CT 40/12.5 Tablet,146,3,tablet,40mg,10.0,strip,153.0,False
2188,Almox DT 125 Tablet,1,15,tablet,125mg,10.0,strip,41.0,False
2189,Atorec-F Tablet,33,46,tablet,10mg,10.0,strip,230.2,False
2190,Atorec-F Tablet,1502,46,tablet,10mg,10.0,strip,230.2,False
2191,Atorec-F Tablet,1755,46,tablet,10mg,10.0,strip,230.2,False
2192,Alcinac Forte 100mg/325mg/15mg Tablet,16,52,tablet,100mg,10.0,strip,85.0,False
2193,Alcinac Forte 100mg/325mg/15mg Tablet,23,52,tablet,100mg,10.0,strip,85.0,False
2196,Avort Kit,80,269,tablet,200mg,5.0,strip,570.0,False
2197,Azuvas-F 20 Tablet,236,257,tablet,160mg,10.0,strip,119.9,False
2198,Azuvas-F 20 Tablet,1318,257,tablet,160mg,10.0,strip,119.9,False
2200,Aquaray Eye Drop,95,233,drops,,15.0,bottle,190.0,False
2201,Apigy 5 Tablet,98,6,tablet,5mg,10.0,strip,190.0,False
2203,Amlovas-M 2.5/25 Tablet PR,20,33,tablet,2.5mg,10.0,strip,96.8,False
2204,Akilos Tablet MR,16,86,tablet,100mg,10.0,strip,32.7,False
2205,Akilos Tablet MR,23,86,tablet,100mg,10.0,strip,32.7,False
2206,Alert 120mg Tablet,4,15,tablet,120mg,10.0,strip,28.5,False
2208,Altonil Plus 3 Tablet,93,53,tablet,3mg,10.0,strip,52.0,False
2209,Amaryl MP 2mg Tablet ER,41,4,tablet,2mg,20.0,strip,489.5,False
2210,Abendol Plus 12mg/400mg Tablet,113,52,tablet,12mg,1.0,strip,24.0,False
2211,Alrista Forte Tablet,155,33,tablet,150mg,10.0,strip,276.0,False
2212,Azulix MV 1mg/500mg/0.2mg Tablet SR,41,11,tablet,1mg,10.0,strip,141.25,False
2213,Alprasafe 0.25mg Tablet,15,166,tablet,0.25mg,10.0,strip,2.5,False
2214,Alprasafe 0.25mg Tablet,150,166,tablet,0.25mg,10.0,strip,2.5,False
2215,Alprasafe 0.25mg Tablet,1561,166,tablet,0.25mg,10.0,strip,2.5,False
2216,Alprasafe 0.25mg Tablet,1624,166,tablet,0.25mg,10.0,strip,2.5,False
2219,Alkepin Odt 50mg Tablet,273,15,tablet,50mg,10.0,strip,59.71,False
2220,Aldactone T 5 Tablet,19,16,tablet,50mg,15.0,strip,65.4,False
2221,Atroped 0.01% Eye Drop,75,108,drops,,5.0,bottle,175.0,False
2222,Atroped 0.01% Eye Drop,1190,108,drops,,5.0,bottle,175.0,False
2223,Adnurve SR Tablet,151,273,tablet,75mg,10.0,strip,220.0,False
2224,Adneon 6mg Injection,158,104,injection,6mg,2.0,ml,219.0,False
2225,Alerab-DSR Capsule,18,274,capsule,30mg,10.0,strip,85.0,False
2226,Alerab-DSR Capsule,302,274,capsule,30mg,10.0,strip,85.0,False
2227,Alerab-DSR Capsule,558,274,capsule,30mg,10.0,strip,85.0,False
2228,Altacef 250mg Tablet,147,3,tablet,250mg,10.0,strip,634.0,False
2229,Acepar MR Tablet,16,134,tablet,100mg,10.0,strip,54.0,False
2230,Acepar MR Tablet,23,134,tablet,100mg,10.0,strip,54.0,False
2232,Algina 650 Tablet,60,275,tablet,650mg,10.0,strip,11.25,False
2233,Algina 650 Tablet,764,275,tablet,650mg,10.0,strip,11.25,False
2238,Akme CT 10 Tablet,52,179,tablet,10mg,10.0,strip,16.5,False
2239,Alphacept-D 8 Tablet,216,19,tablet,8mg,10.0,strip,412.0,False
2240,Amcard 2.5 Tablet,20,23,tablet,2.5mg,10.0,strip,9.0,False
2242,Amox 250mg Capsule,1,54,capsule,250mg,10.0,strip,35.0,False
2243,Azro 500 Tablet,2,5,tablet,500mg,5.0,strip,118.1,False
2247,Altriz-M Tablet,94,278,tablet,5mg,10.0,strip,130.9,False
2249,Apale Tablet,307,136,tablet,100mg,10.0,strip,132.5,False
2250,Add App 2mg/5ml Syrup,48,8,syrup,2mg/5ml,200.0,bottle,29.92,False
2251,Actiful 2.5mg Tablet,230,71,tablet,2.5mg,15.0,strip,561.0,False
2252,Acefile P 100mg/325mg Tablet,16,49,tablet,100mg,10.0,strip,66.25,False
2253,Acefile P 100mg/325mg Tablet,23,49,tablet,100mg,10.0,strip,66.25,False
2254,Ambrohist Plus Syrup,30,35,syrup,50mg/5ml,100.0,bottle,73.2,False
2255,Ambrohist Plus Syrup,86,35,syrup,50mg/5ml,100.0,bottle,73.2,False
2256,Ambrohist Plus Syrup,364,35,syrup,50mg/5ml,100.0,bottle,73.2,False
2259,Amlibon 5mg Tablet,20,84,tablet,5mg,10.0,strip,26.5,False
2263,Arpizol 20 Tablet,91,13,tablet,20mg,10.0,strip,215.0,False
2264,Aquadol Spas 20mg/50mg Injection,178,120,injection,20mg,1.0,ml,31.5,False
2265,Aquadol Spas 20mg/50mg Injection,291,120,injection,20mg,1.0,ml,31.5,False
2266,Aquadol Spas 20mg/50mg Injection,310,120,injection,20mg,1.0,ml,31.5,False
2267,Acutret 30 Capsule,129,48,capsule,30mg,10.0,strip,341.1,False
2269,Amrox-LS Oral Drops,3,52,drops,7.5mg/ml,15.0,bottle,70.0,False
2270,Amrox-LS Oral Drops,49,52,drops,7.5mg/ml,15.0,bottle,70.0,False
2271,Amrox-LS Oral Drops,73,52,drops,7.5mg/ml,15.0,bottle,70.0,False
2272,Amrox-LS Oral Drops,743,52,drops,7.5mg/ml,15.0,bottle,70.0,False
2273,Amlovas LS Tablet,145,33,tablet,50mg,10.0,strip,128.0,False
2274,Atorsave 80 Tablet,33,38,tablet,80mg,15.0,strip,438.23,False
2275,Atorsave 80 Tablet,1502,38,tablet,80mg,15.0,strip,438.23,False
2276,Atorsave 80 Tablet,1755,38,tablet,80mg,15.0,strip,438.23,False
2277,Arip MT 20 Tablet,91,11,tablet,20mg,10.0,strip,169.2,False
2280,Anafast 100mg/325mg Tablet,16,89,tablet,100mg,10.0,strip,42.0,False
2281,Anafast 100mg/325mg Tablet,23,89,tablet,100mg,10.0,strip,42.0,False
2283,Allerfree Tablet,27,281,tablet,2mg,10.0,strip,46.2,False
2292,Acenomac 2 Tablet,42,33,tablet,2mg,10.0,strip,108.9,False
2301,ASA 50mg Tablet,132,21,tablet,50mg,14.0,strip,3.7,False
2302,ASA 50mg Tablet,1166,21,tablet,50mg,14.0,strip,3.7,False
2303,ASA 50mg Tablet,1537,21,tablet,50mg,14.0,strip,3.7,False
2304,ASA 50mg Tablet,1670,21,tablet,50mg,14.0,strip,3.7,False
2306,Actiheal Tablet,249,33,tablet,90mg,10.0,strip,225.33,False
2307,Actiheal Tablet,803,33,tablet,90mg,10.0,strip,225.33,False
2314,Atecard D Tablet,79,2,tablet,50mg,15.0,strip,85.7,False
2315,Arden 500mg Tablet,60,273,tablet,500mg,15.0,strip,16.92,False
2316,Arden 500mg Tablet,764,273,tablet,500mg,15.0,strip,16.92,False
2317,Acendol-P Tablet,16,80,tablet,100mg,10.0,strip,59.2,False
2318,Acendol-P Tablet,23,80,tablet,100mg,10.0,strip,59.2,False
2322,Alphacept 8 Capsule,216,19,capsule,8mg,10.0,strip,241.75,False
2323,Amlong MT 5/25 Tablet PR,20,24,tablet,5mg,15.0,strip,68.88,False
2326,Atocor 5 Tablet,33,7,tablet,5mg,10.0,strip,68.25,False
2327,Atocor 5 Tablet,1502,7,tablet,5mg,10.0,strip,68.25,False
2328,Atocor 5 Tablet,1755,7,tablet,5mg,10.0,strip,68.25,False
2332,Aziford 250mg Tablet,2,52,tablet,250mg,6.0,strip,66.5,False
2333,Alflox 400 Tablet,313,15,tablet,400mg,10.0,strip,70.0,False
2334,Alflox 400 Tablet,738,15,tablet,400mg,10.0,strip,70.0,False
2336,Astha LS Syrup,3,291,syrup,30mg/5ml,100.0,bottle,85.0,False
2337,Astha LS Syrup,49,291,syrup,30mg/5ml,100.0,bottle,85.0,False
2338,Astha LS Syrup,73,291,syrup,30mg/5ml,100.0,bottle,85.0,False
2339,Astha LS Syrup,743,291,syrup,30mg/5ml,100.0,bottle,85.0,False
2340,Apexitra 200 Capsule,156,31,capsule,200mg,10.0,strip,265.7,False
2345,Aloja 12.5 Tablet,185,40,tablet,12.5mg,10.0,strip,96.8,False
2346,Aloja 12.5 Tablet,287,40,tablet,12.5mg,10.0,strip,96.8,False
2347,Avva 250mg Tablet,254,25,tablet,250mg,10.0,strip,37.62,False
2348,Arava 10mg Tablet,314,4,tablet,10mg,30.0,units,292.95,False
2350,Arthocerin-G Tablet,315,116,tablet,750mg,10.0,strip,167.0,False
2352,Ampoxin 500mg Injection,53,11,injection,250mg,10.0,ml,30.6,False
2353,Arorab-DSR Capsule,18,171,capsule,30mg,10.0,strip,89.9,False
2354,Arorab-DSR Capsule,302,171,capsule,30mg,10.0,strip,89.9,False
2355,Arorab-DSR Capsule,558,171,capsule,30mg,10.0,strip,89.9,False
2356,Aceloflam XP 100 mg/325 mg Tablet,16,15,tablet,100mg,15.0,strip,104.0,False
2357,Aceloflam XP 100 mg/325 mg Tablet,23,15,tablet,100mg,15.0,strip,104.0,False
2359,Anaflam 400mg/325mg Tablet,259,74,tablet,400mg,10.0,strip,8.0,False
2360,Anaflam 400mg/325mg Tablet,362,74,tablet,400mg,10.0,strip,8.0,False
2361,Azithral KidTab,2,2,tablet,100mg,5.0,strip,51.1,False
2362,Antegy M 20mg/10mg Tablet,99,25,tablet,20mg,10.0,strip,175.0,False
2363,Amisant 50 Tablet,222,14,tablet,50mg,10.0,strip,77.59,False
2365,Acnex 20 Capsule,129,11,capsule,20mg,,,159.5,False
2366,Amlosafe 2.5 Tablet,20,10,tablet,2.5mg,15.0,strip,27.7,False
2367,Azuvas 40 Tablet,166,257,tablet,40mg,10.0,strip,129.9,False
2368,Aqualube Liquigel,95,49,drops,,10.0,bottle,239.0,False
2369,Azilide 200mg/5ml Dry Syrup,2,24,syrup,200mg/5ml,30.0,bottle,64.97,False
2370,Amlokind TM 40mg/5mg Tablet,83,12,tablet,40mg,10.0,strip,57.31,False
2372,Azi 250mg Tablet,2,137,tablet,250mg,6.0,strip,72.0,False
2373,A-Heal Tablet,249,294,tablet,90mg,10.0,strip,200.0,False
2374,A-Heal Tablet,803,294,tablet,90mg,10.0,strip,200.0,False
2377,Axogurd  Capsule,88,2,capsule,,10.0,strip,192.0,False
2379,Amilab 500mg Injection,38,118,injection,500mg,2.0,ml,58.0,False
2381,Atrolet F 10 Tablet,33,250,tablet,10mg,10.0,strip,78.72,False
2382,Atrolet F 10 Tablet,1502,250,tablet,10mg,10.0,strip,78.72,False
2383,Atrolet F 10 Tablet,1755,250,tablet,10mg,10.0,strip,78.72,False
2384,Atorec 20 Tablet,33,46,tablet,20mg,10.0,strip,149.13,False
2385,Atorec 20 Tablet,1502,46,tablet,20mg,10.0,strip,149.13,False
2386,Atorec 20 Tablet,1755,46,tablet,20mg,10.0,strip,149.13,False
2387,Aciban DSR Capsule,18,8,capsule,30mg,10.0,strip,141.5,False
2388,Aciban DSR Capsule,302,8,capsule,30mg,10.0,strip,141.5,False
2389,Aciban DSR Capsule,558,8,capsule,30mg,10.0,strip,141.5,False
2390,ATR-F Tablet,33,297,tablet,10mg,10.0,strip,137.0,False
2391,ATR-F Tablet,1502,297,tablet,10mg,10.0,strip,137.0,False
2392,ATR-F Tablet,1755,297,tablet,10mg,10.0,strip,137.0,False
2396,Amlong-Trio Tablet,83,24,tablet,40mg,10.0,strip,155.0,False
2400,Anprox-MR Tablet,16,300,tablet,100mg,10.0,strip,35.0,False
2401,Anprox-MR Tablet,23,300,tablet,100mg,10.0,strip,35.0,False
2405,Astin 10 Tablet,33,24,tablet,10mg,30.0,strip,184.8,False
2406,Astin 10 Tablet,1502,24,tablet,10mg,30.0,strip,184.8,False
2407,Astin 10 Tablet,1755,24,tablet,10mg,30.0,strip,184.8,False
2408,Anoscha Forte Tablet,317,149,tablet,100mg,10.0,strip,335.0,False
2409,Almox CV Syrup,1,15,syrup,200mg/5ml,30.0,bottle,56.98,False
2410,Asozen-Plus Tablet,16,130,tablet,100mg,10.0,strip,10.0,False
2411,Asozen-Plus Tablet,23,130,tablet,100mg,10.0,strip,10.0,False
2412,Aceday 100mg Tablet,28,302,tablet,100mg,10.0,strip,95.0,False
2413,Aceday 100mg Tablet,1297,302,tablet,100mg,10.0,strip,95.0,False
2414,Aceday 100mg Tablet,1553,302,tablet,100mg,10.0,strip,95.0,False
2416,Angidine Retard Tablet MR,264,304,tablet,35mg,10.0,strip,75.0,False
2417,Aclopen Plus 100mg/325mg Tablet,16,50,tablet,100mg,10.0,strip,6.87,False
2418,Aclopen Plus 100mg/325mg Tablet,23,50,tablet,100mg,10.0,strip,6.87,False
2419,Atorfen 10 Tablet,33,57,tablet,10mg,10.0,strip,97.65,False
2420,Atorfen 10 Tablet,1502,57,tablet,10mg,10.0,strip,97.65,False
2421,Atorfen 10 Tablet,1755,57,tablet,10mg,10.0,strip,97.65,False
2422,Aimet 25mg Tablet XR,280,197,tablet,25mg,10.0,strip,40.0,False
2423,Aimet 25mg Tablet XR,826,197,tablet,25mg,10.0,strip,40.0,False
2424,Alprocontin 0.5mg Tablet,15,187,tablet,0.5mg,10.0,strip,35.5,False
2425,Alprocontin 0.5mg Tablet,150,187,tablet,0.5mg,10.0,strip,35.5,False
2426,Alprocontin 0.5mg Tablet,1561,187,tablet,0.5mg,10.0,strip,35.5,False
2427,Alprocontin 0.5mg Tablet,1624,187,tablet,0.5mg,10.0,strip,35.5,False
2428,Azerva 10 Tablet,33,25,tablet,10mg,10.0,strip,68.21,False
2429,Azerva 10 Tablet,1502,25,tablet,10mg,10.0,strip,68.21,False
2430,Azerva 10 Tablet,1755,25,tablet,10mg,10.0,strip,68.21,False
2432,Antegy Tablet,99,25,tablet,20mg,10.0,strip,119.0,False
2433,Amphonex 50mg Injection,271,28,injection,50mg,,,6890.0,False
2435,Almox C Tablet,1,15,tablet,125mg,10.0,strip,79.0,False
2438,Aceden-P Tablet,16,308,tablet,100mg,10.0,strip,30.0,False
2439,Aceden-P Tablet,23,308,tablet,100mg,10.0,strip,30.0,False
2440,Aldo TL 40 mg/5 mg Tablet,83,65,tablet,40mg,10.0,strip,89.5,False
2441,Azinix 500mg Tablet,2,129,tablet,500mg,5.0,strip,113.25,False
2449,Alsera D 50 mg/10 mg Tablet,247,15,tablet,50mg,10.0,strip,58.0,False
2450,Alsera D 50 mg/10 mg Tablet,759,15,tablet,50mg,10.0,strip,58.0,False
2451,Azivista 500mg Tablet,2,8,tablet,500mg,3.0,strip,79.04,False
2452,Ajapride M 1mg/500mg Tablet PR,41,49,tablet,1mg,15.0,strip,77.0,False
2453,Azel 80 Capsule,318,7,capsule,80mg,14.0,strip,8700.0,False
2454,Allergin 10mg Tablet,52,242,tablet,10mg,10.0,strip,95.0,False
2455,Abpress PF Eye Drop,274,207,drops,,10.0,bottle,437.5,False
2456,Atormac 40 Tablet,33,33,tablet,40mg,10.0,strip,239.89,False
2457,Atormac 40 Tablet,1502,33,tablet,40mg,10.0,strip,239.89,False
2458,Atormac 40 Tablet,1755,33,tablet,40mg,10.0,strip,239.89,False
2459,Aziwok 600 Tablet,2,7,tablet,600mg,5.0,strip,250.25,False
2460,Aspirin  50mg Tablet DR,132,21,tablet,50mg,14.0,strip,3.7,False
2461,Aspirin  50mg Tablet DR,1166,21,tablet,50mg,14.0,strip,3.7,False
2462,Aspirin  50mg Tablet DR,1537,21,tablet,50mg,14.0,strip,3.7,False
2463,Aspirin  50mg Tablet DR,1670,21,tablet,50mg,14.0,strip,3.7,False
2465,Asirest-SP Tablet,16,232,tablet,100mg,10.0,strip,85.0,False
2466,Asirest-SP Tablet,23,232,tablet,100mg,10.0,strip,85.0,False
2468,Ambrolite D Syrup,190,34,syrup,30mg,100.0,bottle,75.25,False
2469,Ambrolite D Syrup,685,34,syrup,30mg,100.0,bottle,75.25,False
2470,Amcold 5 mg/60 mg Tablet,52,6,tablet,5mg,10.0,strip,19.1,False
2471,Azithral Pulse Tablet,2,2,tablet,500mg,3.0,strip,79.41,False
2473,Aquaray Plus  Eye Drop,139,233,drops,,10.0,bottle,495.0,False
2477,Alcet 5mg/5ml Syrup,52,312,syrup,5mg/5ml,30.0,bottle,14.87,False
2478,Akem Tablet DT,298,313,tablet,,10.0,strip,64.9,False
2479,Ambilon 50mg Injection,271,314,injection,50mg,,,8704.5,False
2482,Arzu 5mg Tablet,91,19,tablet,5mg,10.0,strip,80.2,False
2483,Ascodex BR Syrup,30,3,syrup,50mg/5ml,60.0,bottle,52.5,False
2484,Ascodex BR Syrup,86,3,syrup,50mg/5ml,60.0,bottle,52.5,False
2485,Ascodex BR Syrup,364,3,syrup,50mg/5ml,60.0,bottle,52.5,False
2486,Asprito 5 Tablet,91,25,tablet,5mg,15.0,strip,123.75,False
2487,Aldo AT 50 Tablet,20,65,tablet,5mg,10.0,strip,48.2,False
2488,A-Phyl 100 Capsule,28,92,capsule,100mg,10.0,strip,116.0,False
2489,A-Phyl 100 Capsule,1297,92,capsule,100mg,10.0,strip,116.0,False
2490,A-Phyl 100 Capsule,1553,92,capsule,100mg,10.0,strip,116.0,False
2491,Acmon-DM Tablet SR,28,311,tablet,200mg,10.0,strip,295.0,False
2492,Acmon-DM Tablet SR,1297,311,tablet,200mg,10.0,strip,295.0,False
2493,Acmon-DM Tablet SR,1553,311,tablet,200mg,10.0,strip,295.0,False
2495,Azulix MV 1mg/500mg/0.3mg Tablet SR,41,11,tablet,1mg,10.0,strip,153.1,False
2498,Acutrol C 800 Tablet,219,25,tablet,800mg,10.0,strip,217.0,False
2499,Amipride 100 Tablet,222,159,tablet,100mg,10.0,strip,140.0,False
2500,Albium 10mg Tablet,321,25,tablet,10mg,10.0,strip,2.12,False
2501,Ambrodil-D Junior Syrup,27,10,syrup,2mg/5ml,60.0,bottle,48.87,False
2502,Adrelin Injection,66,318,injection,,1.0,ml,84.0,False
2504,Acticort 10mg Tablet,322,89,tablet,10mg,10.0,strip,10.97,False
2505,Arflur 100 Tablet DT,16,78,tablet,100mg,10.0,strip,33.25,False
2506,Arflur 100 Tablet DT,23,78,tablet,100mg,10.0,strip,33.25,False
2507,Ascovent 100mg Capsule,28,3,capsule,100mg,10.0,strip,132.5,False
2508,Ascovent 100mg Capsule,1297,3,capsule,100mg,10.0,strip,132.5,False
2509,Ascovent 100mg Capsule,1553,3,capsule,100mg,10.0,strip,132.5,False
2510,Anaflam TH  8 Tablet,65,74,tablet,8mg,10.0,strip,281.0,False
2511,Anaflam TH  8 Tablet,818,74,tablet,8mg,10.0,strip,281.0,False
2513,Ambival 10mg Tablet,35,320,tablet,10mg,10.0,strip,28.0,False
2514,Ambival 10mg Tablet,136,320,tablet,10mg,10.0,strip,28.0,False
2515,Aroxyl Syrup,30,52,syrup,50mg,100.0,bottle,100.0,False
2516,Aroxyl Syrup,86,52,syrup,50mg,100.0,bottle,100.0,False
2517,Aroxyl Syrup,364,52,syrup,50mg,100.0,bottle,100.0,False
2518,Aceta SP  Tablet,16,321,tablet,100mg,10.0,strip,68.0,False
2519,Aceta SP  Tablet,23,321,tablet,100mg,10.0,strip,68.0,False
2520,Actv 24 M Tablet,99,18,tablet,20mg,10.0,strip,175.0,False
2521,Acucort 100mg Injection,154,33,injection,100mg,5.0,ml,40.94,False
2522,Almolet Tablet,106,15,tablet,20mg,10.0,strip,6.0,False
2523,Almolet Tablet,267,15,tablet,20mg,10.0,strip,6.0,False
2524,Almolet Tablet,323,15,tablet,20mg,10.0,strip,6.0,False
2525,Aclonac P 100mg/500mg Tablet,16,322,tablet,100mg,10.0,strip,35.93,False
2526,Aclonac P 100mg/500mg Tablet,23,322,tablet,100mg,10.0,strip,35.93,False
2529,Ampoxin Kid 125mg/125mg Tablet,53,11,tablet,125mg,10.0,strip,35.0,False
2530,Atorlip CV 20 Capsule,33,6,capsule,20mg,10.0,strip,206.1,False
2531,Atorlip CV 20 Capsule,1502,6,capsule,20mg,10.0,strip,206.1,False
2532,Atorlip CV 20 Capsule,1755,6,capsule,20mg,10.0,strip,206.1,False
2535,Apigy 5mg Tablet,98,6,tablet,5mg,14.0,strip,266.0,False
2536,Algrot 120mg Tablet,4,129,tablet,120mg,10.0,strip,87.5,False
2537,Acticort 5mg Tablet,322,89,tablet,5mg,10.0,strip,6.94,False
2538,Alsartan AM Tablet,145,10,tablet,50mg,10.0,strip,85.0,False
2539,Aline 10mg Tablet,35,323,tablet,10mg,10.0,strip,26.3,False
2540,Aline 10mg Tablet,136,323,tablet,10mg,10.0,strip,26.3,False
2541,Advastat Gold 75mg/10mg/75mg Capsule,132,190,capsule,75mg,10.0,strip,204.0,False
2542,Advastat Gold 75mg/10mg/75mg Capsule,1166,190,capsule,75mg,10.0,strip,204.0,False
2543,Advastat Gold 75mg/10mg/75mg Capsule,1537,190,capsule,75mg,10.0,strip,204.0,False
2544,Advastat Gold 75mg/10mg/75mg Capsule,1670,190,capsule,75mg,10.0,strip,204.0,False
2545,Asthamon-L Tablet,94,324,tablet,5mg,10.0,strip,131.0,False
2546,Augmed 500 mg/125 mg Tablet,1,142,tablet,500mg,6.0,strip,156.1,False
2547,Aloja-M Tablet,185,40,tablet,12.5mg,10.0,strip,87.58,False
2548,Aloja-M Tablet,287,40,tablet,12.5mg,10.0,strip,87.58,False
2549,Azimax 100 Dry Syrup,2,6,syrup,100mg/5ml,15.0,bottle,41.71,False
2550,Ananda GB 400mg/10mg Tablet,199,237,tablet,400mg,10.0,strip,190.0,False
2551,Ananda GB 400mg/10mg Tablet,284,237,tablet,400mg,10.0,strip,190.0,False
2552,Ananda GB 400mg/10mg Tablet,1122,237,tablet,400mg,10.0,strip,190.0,False
2553,Atorec CV 10 Capsule,33,46,capsule,10mg,10.0,strip,119.4,False
2554,Atorec CV 10 Capsule,1502,46,capsule,10mg,10.0,strip,119.4,False
2555,Atorec CV 10 Capsule,1755,46,capsule,10mg,10.0,strip,119.4,False
2563,Asomex-D 5 Tablet,20,46,tablet,5mg,15.0,strip,210.65,False
2564,Amity 10mg Tablet,35,326,tablet,10mg,10.0,strip,21.3,False
2565,Amity 10mg Tablet,136,326,tablet,10mg,10.0,strip,21.3,False
2573,Anprox Tablet,16,300,tablet,100mg,10.0,strip,31.46,False
2574,Anprox Tablet,23,300,tablet,100mg,10.0,strip,31.46,False
2575,Apticyp Syrup,48,327,syrup,2mg,200.0,bottle,66.0,False
2576,Aceloflam Plus Tablet,16,15,tablet,100mg,15.0,strip,94.0,False
2577,Aceloflam Plus Tablet,23,15,tablet,100mg,15.0,strip,94.0,False
2578,Asporelix 0.25mg Injection,325,28,injection,0.25mg,,,1598.3,False
2587,Almotan 12.5 Tablet,294,248,tablet,12.5mg,4.0,strip,367.58,False
2588,Afenak Plus 100 mg/500 mg Tablet,16,61,tablet,100mg,10.0,strip,77.85,False
2589,Afenak Plus 100 mg/500 mg Tablet,23,61,tablet,100mg,10.0,strip,77.85,False
2591,Ajapride M 2mg/500mg Tablet SR,41,49,tablet,2mg,15.0,strip,86.46,False
2592,AC Para 100mg/325mg Tablet,16,333,tablet,100mg,10.0,strip,60.0,False
2593,AC Para 100mg/325mg Tablet,23,333,tablet,100mg,10.0,strip,60.0,False
2594,Ambrosol Syrup,3,318,syrup,15mg/5ml,100.0,bottle,91.32,False
2595,Ambrosol Syrup,49,318,syrup,15mg/5ml,100.0,bottle,91.32,False
2596,Ambrosol Syrup,73,318,syrup,15mg/5ml,100.0,bottle,91.32,False
2597,Ambrosol Syrup,743,318,syrup,15mg/5ml,100.0,bottle,91.32,False
2599,Amlo 2.5mg Tablet,20,176,tablet,2.5mg,10.0,strip,15.66,False
2602,ACT 500mg Tablet,2,334,tablet,500mg,3.0,strip,66.0,False
2603,Aprizol 5mg Tablet,91,335,tablet,5mg,10.0,strip,38.5,False
2604,Aceclodus P 100 mg/500 mg Tablet,16,21,tablet,100mg,10.0,strip,57.8,False
2605,Aceclodus P 100 mg/500 mg Tablet,23,21,tablet,100mg,10.0,strip,57.8,False
2606,Allerde 5mg Tablet,256,324,tablet,5mg,10.0,strip,74.8,False
2607,Ace Proxyvon TH 8 mg Tablet,65,7,tablet,8mg,10.0,strip,317.75,False
2608,Ace Proxyvon TH 8 mg Tablet,818,7,tablet,8mg,10.0,strip,317.75,False
2609,Aziclass 200mg Syrup,2,31,syrup,200mg,30.0,bottle,90.38,False
2612,Apotab 2 Sublingual tablet,327,53,tablet,2mg,,,150.0,False
2613,Adbrom Free Eye Drop,328,207,drops,0.9mg,5.0,ml,150.0,False
2614,Arvast CV 10 Capsule,166,25,capsule,10mg,10.0,strip,186.0,False
2615,Azithral Pulse Tablet,2,2,tablet,500mg,15.0,strip,356.66,False
2619,Arthopan 250mg Tablet,297,336,tablet,250mg,10.0,strip,75.8,False
2620,Arthopan 250mg Tablet,1240,336,tablet,250mg,10.0,strip,75.8,False
2621,Arthopan 250mg Tablet,1520,336,tablet,250mg,10.0,strip,75.8,False
2622,Altispor 200 Capsule,156,25,capsule,200mg,10.0,strip,260.0,False
2623,Aztor 20 Tablet,33,13,tablet,20mg,90.0,units,991.1,False
2624,Aztor 20 Tablet,1502,13,tablet,20mg,90.0,units,991.1,False
2625,Aztor 20 Tablet,1755,13,tablet,20mg,90.0,units,991.1,False
2628,Afogatran 150 Capsule,251,11,capsule,150mg,10.0,strip,398.0,False
2629,Ache X Tablet,329,338,tablet,250mg,10.0,strip,42.5,False
2630,Ache X Tablet,1392,338,tablet,250mg,10.0,strip,42.5,False
2631,Avomira 25mg Tablet ER,330,24,tablet,25mg,10.0,strip,241.0,False
2632,Alday AM Tablet SR,94,188,tablet,5mg,10.0,strip,60.6,False
2633,Acegaba 100 Capsule,199,156,capsule,100mg,10.0,strip,79.15,False
2634,Acegaba 100 Capsule,284,156,capsule,100mg,10.0,strip,79.15,False
2635,Acegaba 100 Capsule,1122,156,capsule,100mg,10.0,strip,79.15,False
2636,Arflur Lbp 200 mg/8 mg Capsule,16,78,capsule,200mg,5.0,strip,144.0,False
2637,Arflur Lbp 200 mg/8 mg Capsule,23,78,capsule,200mg,5.0,strip,144.0,False
2638,Akynzeo 300mg/0.5mg Capsule,331,3,capsule,300mg,1.0,strip,6000.0,False
2639,Aceday-Forte Tablet,28,302,tablet,100mg,10.0,strip,190.0,False
2640,Aceday-Forte Tablet,1297,302,tablet,100mg,10.0,strip,190.0,False
2641,Aceday-Forte Tablet,1553,302,tablet,100mg,10.0,strip,190.0,False
2643,Aldep H Tablet,35,53,tablet,12.5mg,10.0,strip,27.83,False
2644,Aldep H Tablet,136,53,tablet,12.5mg,10.0,strip,27.83,False
2645,Admol 1g Tablet SR,60,340,tablet,300mg,10.0,strip,50.0,False
2646,Admol 1g Tablet SR,764,340,tablet,300mg,10.0,strip,50.0,False
2647,Atazis Syrup,7,52,syrup,10mg,100.0,bottle,80.0,False
2648,Ambrex Syrup,3,341,syrup,30mg/5ml,60.0,bottle,28.0,False
2649,Ambrex Syrup,49,341,syrup,30mg/5ml,60.0,bottle,28.0,False
2650,Ambrex Syrup,73,341,syrup,30mg/5ml,60.0,bottle,28.0,False
2651,Ambrex Syrup,743,341,syrup,30mg/5ml,60.0,bottle,28.0,False
2653,Aromita Tablet,115,25,tablet,1mg,10.0,strip,296.0,False
2654,Amoclav 625 Tablet,1,342,tablet,500mg,10.0,strip,242.0,False
2655,Abitol Tablet,48,174,tablet,4mg,10.0,strip,12.4,False
2656,Acenova P Tablet,16,54,tablet,100mg,10.0,strip,42.3,False
2657,Acenova P Tablet,23,54,tablet,100mg,10.0,strip,42.3,False
2658,Ambolev 5mg Tablet,94,302,tablet,5mg,10.0,strip,37.8,False
2661,Amikamac 500mg Injection,38,33,injection,500mg,2.0,ml,85.0,False
2662,Alday AG  Syrup,3,188,syrup,30mg/5ml,50.0,bottle,95.0,False
2663,Alday AG  Syrup,49,188,syrup,30mg/5ml,50.0,bottle,95.0,False
2664,Alday AG  Syrup,73,188,syrup,30mg/5ml,50.0,bottle,95.0,False
2665,Alday AG  Syrup,743,188,syrup,30mg/5ml,50.0,bottle,95.0,False
2667,Actigaba NT 400mg/10mg Tablet,199,171,tablet,400mg,10.0,strip,159.9,False
2668,Actigaba NT 400mg/10mg Tablet,284,171,tablet,400mg,10.0,strip,159.9,False
2669,Actigaba NT 400mg/10mg Tablet,1122,171,tablet,400mg,10.0,strip,159.9,False
2672,Adcapone Tablet,334,13,tablet,200mg,10.0,strip,90.0,False
2673,Artilage  Tablet,315,105,tablet,750mg,10.0,strip,201.0,False
2674,Azitough 500mg Tablet,2,5,tablet,500mg,3.0,strip,71.7,False
2675,Azicare 500mg Tablet,2,344,tablet,500mg,6.0,strip,147.8,False
2676,Adiflam 50mg Tablet,247,173,tablet,50mg,10.0,strip,8.37,False
2677,Adiflam 50mg Tablet,759,173,tablet,50mg,10.0,strip,8.37,False
2679,Ambrocof LS Syrup,3,345,syrup,30mg,100.0,bottle,59.93,False
2680,Ambrocof LS Syrup,49,345,syrup,30mg,100.0,bottle,59.93,False
2681,Ambrocof LS Syrup,73,345,syrup,30mg,100.0,bottle,59.93,False
2682,Ambrocof LS Syrup,743,345,syrup,30mg,100.0,bottle,59.93,False
2687,Amlopin 10 Tablet,20,9,tablet,10mg,10.0,strip,63.06,False
2688,Aceflam S Tablet,16,24,tablet,100mg,10.0,strip,21.93,False
2689,Aceflam S Tablet,23,24,tablet,100mg,10.0,strip,21.93,False
2690,Advastat F 160mg/10mg Tablet,236,190,tablet,160mg,10.0,strip,179.0,False
2691,Advastat F 160mg/10mg Tablet,1318,190,tablet,160mg,10.0,strip,179.0,False
2692,Abel 80 Tablet,146,19,tablet,80mg,10.0,strip,217.8,False
2693,Actidol-DP Tablet,18,99,tablet,10mg,10.0,strip,112.2,False
2694,Actidol-DP Tablet,302,99,tablet,10mg,10.0,strip,112.2,False
2695,Actidol-DP Tablet,558,99,tablet,10mg,10.0,strip,112.2,False
2697,Alsartan 50 Tablet,145,10,tablet,50mg,10.0,strip,75.5,False
2698,AC 100mg Tablet,16,333,tablet,100mg,10.0,strip,40.0,False
2699,AC 100mg Tablet,23,333,tablet,100mg,10.0,strip,40.0,False
2701,Alcinac RB 200mg/20mg Capsule,16,52,capsule,200mg,10.0,strip,34.5,False
2702,Alcinac RB 200mg/20mg Capsule,23,52,capsule,200mg,10.0,strip,34.5,False
2703,Ameto-GP 2 Tablet ER,41,119,tablet,2mg,15.0,strip,181.0,False
2704,Amlovas XM  5/50 Tablet PR,20,33,tablet,5mg,10.0,strip,133.0,False
2705,Alcoran 5mg Tablet,336,347,tablet,5mg,20.0,units,225.0,False
2709,Atorsave 20 Tablet,33,38,tablet,20mg,15.0,strip,247.8,False
2710,Atorsave 20 Tablet,1502,38,tablet,20mg,15.0,strip,247.8,False
2711,Atorsave 20 Tablet,1755,38,tablet,20mg,15.0,strip,247.8,False
2712,Apetiz Syrup,48,349,syrup,2mg/5ml,100.0,bottle,34.72,False
2713,Ampilox Kid  125 mg/125 mg Tablet,53,35,tablet,125mg,10.0,strip,42.35,False
2714,Aneket 10mg Injection,337,104,injection,10mg,10.0,ml,109.5,False
2715,Azithioprine 50mg Tablet,40,15,tablet,50mg,10.0,strip,58.5,False
2717,Alcinac Spas 80mg/100mg Tablet,119,52,tablet,80mg,10.0,strip,80.0,False
2718,Alcinac Spas 80mg/100mg Tablet,220,52,tablet,80mg,10.0,strip,80.0,False
2719,Alcinac Spas 80mg/100mg Tablet,1619,52,tablet,80mg,10.0,strip,80.0,False
2721,Avas-EZ Tablet,33,24,tablet,10mg,10.0,strip,192.0,False
2722,Avas-EZ Tablet,1502,24,tablet,10mg,10.0,strip,192.0,False
2723,Avas-EZ Tablet,1755,24,tablet,10mg,10.0,strip,192.0,False
2724,Atlura 40 Tablet,338,11,tablet,40mg,10.0,strip,159.3,False
2725,Alrgee M 10mg/120mg Tablet,6,50,tablet,10mg,10.0,strip,47.62,False
2726,Alrgee M 10mg/120mg Tablet,521,50,tablet,10mg,10.0,strip,47.62,False
2727,Aerotrop-F Capsule,208,33,capsule,,15.0,strip,245.0,False
2728,Amoxil Kid 125mg Tablet,1,21,tablet,125mg,10.0,strip,12.15,False
2729,Alday Duo 5mg/10mg Tablet,94,188,tablet,5mg,10.0,strip,72.5,False
2730,Apc Tablet,53,351,tablet,750mg,10.0,strip,89.0,False
2735,AFM Tablet,6,353,tablet,10mg,10.0,strip,170.0,False
2736,AFM Tablet,521,353,tablet,10mg,10.0,strip,170.0,False
2737,Azysafe 500mg Tablet,2,89,tablet,500mg,3.0,strip,71.7,False
2738,Acusalt 1gm Tablet,133,113,tablet,1gm,10.0,strip,60.0,False
2739,Atorec 40 Tablet,33,46,tablet,40mg,10.0,strip,239.89,False
2740,Atorec 40 Tablet,1502,46,tablet,40mg,10.0,strip,239.89,False
2741,Atorec 40 Tablet,1755,46,tablet,40mg,10.0,strip,239.89,False
2743,Aerotrop Inhalation,340,33,capsule,,15.0,strip,173.2,False
2744,Advent 200mg/28.5mg Tablet DT,1,6,tablet,200mg,10.0,strip,167.03,False
2745,Acetal P  100 mg/500 mg Tablet,16,355,tablet,100mg,10.0,strip,26.25,False
2746,Acetal P  100 mg/500 mg Tablet,23,355,tablet,100mg,10.0,strip,26.25,False
2747,Aceclo-T4 Tablet,16,356,tablet,100mg,10.0,strip,165.0,False
2748,Aceclo-T4 Tablet,23,356,tablet,100mg,10.0,strip,165.0,False
2750,Acibro 100mg Capsule,28,240,capsule,100mg,10.0,strip,106.7,False
2751,Acibro 100mg Capsule,1297,240,capsule,100mg,10.0,strip,106.7,False
2752,Acibro 100mg Capsule,1553,240,capsule,100mg,10.0,strip,106.7,False
2753,Azacort 6 Tablet,312,357,tablet,6mg,10.0,strip,71.42,False
2754,Arbitel 80 Tablet,83,24,tablet,80mg,10.0,strip,124.88,False
2755,Acewok Plus Tablet,16,302,tablet,100mg,10.0,strip,74.52,False
2756,Acewok Plus Tablet,23,302,tablet,100mg,10.0,strip,74.52,False
2758,Alerid Syrup,52,6,syrup,5mg/5ml,60.0,bottle,43.68,False
2759,Astin 20 Tablet,33,24,tablet,20mg,30.0,strip,495.6,False
2760,Astin 20 Tablet,1502,24,tablet,20mg,30.0,strip,495.6,False
2761,Astin 20 Tablet,1755,24,tablet,20mg,30.0,strip,495.6,False
2762,Antic 25mg Tablet,7,167,tablet,25mg,10.0,strip,52.5,False
2763,Arvast Gold 75mg/20mg/75mg Capsule,132,25,capsule,75mg,10.0,strip,225.0,False
2764,Arvast Gold 75mg/20mg/75mg Capsule,1166,25,capsule,75mg,10.0,strip,225.0,False
2765,Arvast Gold 75mg/20mg/75mg Capsule,1537,25,capsule,75mg,10.0,strip,225.0,False
2766,Arvast Gold 75mg/20mg/75mg Capsule,1670,25,capsule,75mg,10.0,strip,225.0,False
2767,Alocet-M Tablet,94,359,tablet,5mg,10.0,strip,87.0,False
2768,Aimet 50mg Tablet XR,280,197,tablet,50mg,10.0,strip,67.0,False
2769,Aimet 50mg Tablet XR,826,197,tablet,50mg,10.0,strip,67.0,False
2774,Amicon Plus 12.5mg/5mg Tablet,35,95,tablet,12.5mg,10.0,strip,43.0,False
2775,Amicon Plus 12.5mg/5mg Tablet,136,95,tablet,12.5mg,10.0,strip,43.0,False
2776,Alday Duo Syrup,94,188,syrup,2.5mg/5ml,60.0,bottle,80.0,False
2777,Amlodac M 25 Tablet PR,20,21,tablet,5mg,15.0,strip,108.5,False
2778,Amis 100mg Tablet,222,360,tablet,100mg,10.0,strip,109.6,False
2782,Amigaba 300 mg/10 mg Tablet,199,95,tablet,300mg,10.0,strip,209.0,False
2783,Amigaba 300 mg/10 mg Tablet,284,95,tablet,300mg,10.0,strip,209.0,False
2784,Amigaba 300 mg/10 mg Tablet,1122,95,tablet,300mg,10.0,strip,209.0,False
2786,Amlox 250 mg/250 mg Capsule,1,52,capsule,250mg,10.0,strip,52.2,False
2788,Azeetop 500mg Tablet,2,364,tablet,500mg,3.0,strip,67.0,False
2790,Alexofer-XT Tablet,307,366,tablet,100mg,10.0,strip,120.0,False
2792,Ace 15mg Tablet,344,367,tablet,15mg,10.0,strip,65.0,False
2793,Acyclosure TH 8 Tablet,16,11,tablet,100mg,10.0,strip,233.0,False
2794,Acyclosure TH 8 Tablet,23,11,tablet,100mg,10.0,strip,233.0,False
2795,A2  Tablet,79,29,tablet,,10.0,strip,66.58,False
2796,Admont-LC Tablet,94,368,tablet,5mg,10.0,strip,139.0,False
2797,Amitryn-C Plus Tablet,35,83,tablet,25mg,10.0,strip,53.8,False
2798,Amitryn-C Plus Tablet,136,83,tablet,25mg,10.0,strip,53.8,False
2799,Algrot 180mg Tablet,4,129,tablet,180mg,10.0,strip,199.0,False
2800,Auxisoda-DS Tablet,173,113,tablet,1000mg,10.0,strip,48.2,False
2803,Alkazar Liquid,22,227,syrup,1.25gm,100.0,bottle,66.0,False
2806,Acecloren P  Tablet 100mg/325mg,16,40,tablet,100mg,10.0,strip,73.0,False
2807,Acecloren P  Tablet 100mg/325mg,23,40,tablet,100mg,10.0,strip,73.0,False
2808,Azole I 6mg/400mg Tablet,113,371,tablet,6mg,1.0,strip,18.5,False
2809,Actibile 75 Tablet,109,21,tablet,75mg,10.0,strip,128.55,False
2811,Aclozest SP Tablet,16,373,tablet,100mg,10.0,strip,89.5,False
2812,Aclozest SP Tablet,23,373,tablet,100mg,10.0,strip,89.5,False
2813,Aquaray Eye Drop,95,233,drops,,10.0,ml,129.8,False
2814,Aldactone Plus 25mg/20mg Tablet,19,16,tablet,25mg,10.0,strip,31.95,False
2815,Amox 250mg Tablet DT,1,54,tablet,250mg,10.0,strip,35.0,False
2816,Astin 40 Tablet,33,24,tablet,40mg,10.0,strip,216.6,False
2817,Astin 40 Tablet,1502,24,tablet,40mg,10.0,strip,216.6,False
2818,Astin 40 Tablet,1755,24,tablet,40mg,10.0,strip,216.6,False
2822,Arnold 250mg Injection,76,61,injection,250mg,1.0,ml,60.0,False
2823,Axone O 200mg Tablet,346,8,tablet,200mg,10.0,strip,210.0,False
2824,Axone O 200mg Tablet,593,8,tablet,200mg,10.0,strip,210.0,False
2825,Almox 500 Capsule,1,15,capsule,500mg,15.0,strip,120.4,False
2826,Arthopan 500mg Tablet,297,336,tablet,500mg,10.0,strip,113.71,False
2827,Arthopan 500mg Tablet,1240,336,tablet,500mg,10.0,strip,113.71,False
2828,Arthopan 500mg Tablet,1520,336,tablet,500mg,10.0,strip,113.71,False
2829,Atrovin Nasal Drops,347,374,drops,,10.0,bottle,19.45,False
2830,Arifine 10mg Tablet,91,95,tablet,10mg,10.0,strip,110.0,False
2831,Aminogen Eye Drop,38,202,drops,1%,5.0,ml,241.31,False
2832,Acent Plus Tablet,16,375,tablet,100mg,10.0,strip,74.52,False
2833,Acent Plus Tablet,23,375,tablet,100mg,10.0,strip,74.52,False
2834,Atocare 10mg Tablet,33,376,tablet,10mg,10.0,strip,60.45,False
2835,Atocare 10mg Tablet,1502,376,tablet,10mg,10.0,strip,60.45,False
2836,Atocare 10mg Tablet,1755,376,tablet,10mg,10.0,strip,60.45,False
2837,Ascoril Plus Tablet,30,3,tablet,100mg,15.0,strip,48.75,False
2838,Ascoril Plus Tablet,86,3,tablet,100mg,15.0,strip,48.75,False
2839,Ascoril Plus Tablet,364,3,tablet,100mg,15.0,strip,48.75,False
2840,Amlocard 5 Tablet,20,377,tablet,5mg,10.0,strip,28.6,False
2841,Azulix 4 Tablet,41,11,tablet,4mg,10.0,strip,196.15,False
2842,AT Plus Artificial Tears,169,108,drops,,10.0,bottle,32.18,False
2845,Azirox 500mg Tablet,2,24,tablet,500mg,3.0,strip,59.28,False
2846,Albudac 20% Injection,105,8,injection,20%,100.0,ml,6500.0,False
2849,Anxiset 0.5mg/10mg Tablet,153,99,tablet,0.5mg,10.0,strip,65.0,False
2850,Anxiset 0.5mg/10mg Tablet,486,99,tablet,0.5mg,10.0,strip,65.0,False
2851,Alfagaba 100 Tablet,199,230,tablet,100mg,10.0,strip,118.0,False
2852,Alfagaba 100 Tablet,284,230,tablet,100mg,10.0,strip,118.0,False
2853,Alfagaba 100 Tablet,1122,230,tablet,100mg,10.0,strip,118.0,False
2854,Atarise 25mg Tablet,7,364,tablet,25mg,15.0,strip,70.0,False
2855,Ambroset-LS Syrup,3,379,syrup,30mg/5ml,100.0,bottle,95.0,False
2856,Ambroset-LS Syrup,49,379,syrup,30mg/5ml,100.0,bottle,95.0,False
2857,Ambroset-LS Syrup,73,379,syrup,30mg/5ml,100.0,bottle,95.0,False
2858,Ambroset-LS Syrup,743,379,syrup,30mg/5ml,100.0,bottle,95.0,False
2859,Amoxyplus-CV 625 LB Tablet,1,380,tablet,500mg,6.0,strip,154.0,False
2860,Alcarex KT Eye Drop,177,49,drops,,5.0,bottle,246.0,False
2861,Amitin 10mg Tablet,35,381,tablet,10mg,10.0,strip,16.5,False
2862,Amitin 10mg Tablet,136,381,tablet,10mg,10.0,strip,16.5,False
2864,Advent 150mg Injection,1,6,injection,125mg,,,55.66,False
2866,Actide 0.1mg Injection,349,20,injection,0.1mg,1.0,ml,536.8,False
2867,Azulix 3 Tablet,41,11,tablet,3mg,10.0,strip,142.85,False
2868,Aceron P Tablet,16,55,tablet,100mg,10.0,strip,53.51,False
2869,Aceron P Tablet,23,55,tablet,100mg,10.0,strip,53.51,False
2870,Alday Active 5mg Tablet,94,188,tablet,5mg,10.0,strip,64.13,False
2871,Allerblis 20mg Tablet,99,244,tablet,20mg,10.0,strip,108.9,False
2874,Amide 50mg Tablet,222,95,tablet,50mg,10.0,strip,95.0,False
2875,Actiglipt 20mg Tablet,198,384,tablet,20mg,10.0,strip,106.7,False
2876,Actiglipt 20mg Tablet,1171,384,tablet,20mg,10.0,strip,106.7,False
2877,Ark-TH4 Tablet,16,31,tablet,100mg,10.0,strip,184.1,False
2878,Ark-TH4 Tablet,23,31,tablet,100mg,10.0,strip,184.1,False
2880,Actamase Forte 2000mg/250mg Powder for Injection,295,66,injection,2000mg,,,850.0,False
2881,Asomex-AT 5 Tablet,85,46,tablet,5mg,15.0,strip,271.1,False
2882,Acemol 100 mg/500 mg Tablet,16,270,tablet,100mg,10.0,strip,35.93,False
2883,Acemol 100 mg/500 mg Tablet,23,270,tablet,100mg,10.0,strip,35.93,False
2884,Algest SR 300 Tablet,161,8,tablet,300mg,10.0,strip,540.9,False
2885,Avil NU 10mg Tablet,52,4,tablet,10mg,15.0,strip,27.66,False
2886,Altoran-CH 12.5 Tablet,146,2,tablet,40mg,10.0,strip,143.1,False
2887,Alonac SP Tablet,16,324,tablet,100mg,10.0,strip,61.5,False
2888,Alonac SP Tablet,23,324,tablet,100mg,10.0,strip,61.5,False
2889,Abendol Plus Syrup,113,52,syrup,1.5mg/5ml,10.0,bottle,30.0,False
2890,Amizep H 12.5 mg/5 mg Tablet,35,385,tablet,12.5mg,10.0,strip,21.75,False
2891,Amizep H 12.5 mg/5 mg Tablet,136,385,tablet,12.5mg,10.0,strip,21.75,False
2892,Akilos 200mg Tablet CR,16,86,tablet,200mg,10.0,strip,26.3,False
2893,Akilos 200mg Tablet CR,23,86,tablet,200mg,10.0,strip,26.3,False
2894,AC MR 100 mg/4 mg Tablet,16,333,tablet,100mg,10.0,strip,200.0,False
2895,AC MR 100 mg/4 mg Tablet,23,333,tablet,100mg,10.0,strip,200.0,False
2896,Arorab 40mg Tablet,289,171,tablet,40mg,10.0,strip,149.0,False
2897,Ambcet Syrup,52,246,syrup,5mg/5ml,60.0,bottle,69.0,False
2900,Aquadol 75mg Injection,247,120,injection,75mg,1.0,ml,23.5,False
2901,Aquadol 75mg Injection,759,120,injection,75mg,1.0,ml,23.5,False
2902,Azilac 500mg Tablet,2,57,tablet,500mg,3.0,strip,74.28,False
2903,Adlumab 40mg Injection,237,16,injection,40mg,8.0,ml,25000.0,False
2905,Anxozap 30 Tablet,270,13,tablet,30mg,10.0,strip,253.0,False
2906,Amitop 25 Tablet,35,71,tablet,25mg,10.0,strip,27.39,False
2907,Amitop 25 Tablet,136,71,tablet,25mg,10.0,strip,27.39,False
2908,Altacef 1.5gm Injection,147,3,injection,1.5gm,,,476.0,False
2909,Addclav 625 Tablet,1,388,tablet,500mg,10.0,strip,106.0,False
2915,Alparazole 0.5mg Tablet,15,118,tablet,0.5mg,10.0,strip,1.9,False
2916,Alparazole 0.5mg Tablet,150,118,tablet,0.5mg,10.0,strip,1.9,False
2917,Alparazole 0.5mg Tablet,1561,118,tablet,0.5mg,10.0,strip,1.9,False
2918,Alparazole 0.5mg Tablet,1624,118,tablet,0.5mg,10.0,strip,1.9,False
2919,Amvasc 5mg Tablet,20,390,tablet,5mg,10.0,strip,10.4,False
2920,Avonza Tablet,351,121,tablet,300mg,30.0,units,2165.0,False
2921,Anafast TH 4mg/100mg/325mg Tablet,65,89,tablet,4mg,10.0,strip,207.0,False
2922,Anafast TH 4mg/100mg/325mg Tablet,818,89,tablet,4mg,10.0,strip,207.0,False
2924,Abel-CT 40mg/12.5mg Tablet,146,19,tablet,40mg,10.0,strip,155.9,False
2925,Acenac-MR 8mg/100mg/325mg Tablet,65,29,tablet,8mg,10.0,strip,351.5,False
2926,Acenac-MR 8mg/100mg/325mg Tablet,818,29,tablet,8mg,10.0,strip,351.5,False
2927,Actacrez 2.25g Injection,352,190,injection,2gm,,,874.0,False
2928,Azerva 20 Tablet,33,25,tablet,20mg,10.0,strip,165.2,False
2929,Azerva 20 Tablet,1502,25,tablet,20mg,10.0,strip,165.2,False
2930,Azerva 20 Tablet,1755,25,tablet,20mg,10.0,strip,165.2,False
2931,Akostol Tablet,50,21,tablet,100mg,10.0,strip,86.9,False
2932,Acosat 300mg Tablet SR,50,153,tablet,300mg,10.0,strip,299.0,False
2933,Axifur 500mg Tablet,147,45,tablet,500mg,10.0,strip,338.7,False
2934,Aztor 40 Tablet,33,13,tablet,40mg,90.0,units,1299.53,False
2935,Aztor 40 Tablet,1502,13,tablet,40mg,90.0,units,1299.53,False
2936,Aztor 40 Tablet,1755,13,tablet,40mg,90.0,units,1299.53,False
2937,Azunate 120mg Injection,263,33,injection,120mg,,,215.39,False
2938,Alfuzosin Tablet,24,39,tablet,10mg,10.0,strip,165.0,False
2939,Allercet-M Kid Tablet DT,94,24,tablet,2.5mg,10.0,strip,70.5,False
2944,Azukon-M  Tablet,246,11,tablet,80mg,10.0,strip,139.55,False
2945,Azukon-M  Tablet,353,11,tablet,80mg,10.0,strip,139.55,False
2947,Astagon Syrup,3,391,syrup,15mg,100.0,bottle,58.7,False
2948,Astagon Syrup,49,391,syrup,15mg,100.0,bottle,58.7,False
2949,Astagon Syrup,73,391,syrup,15mg,100.0,bottle,58.7,False
2950,Astagon Syrup,743,391,syrup,15mg,100.0,bottle,58.7,False
2951,Alatro Tablet,354,19,tablet,80mg,10.0,strip,279.0,False
2952,Anxiset-E Tablet,355,99,tablet,10mg,10.0,strip,79.17,False
2953,Amenor 5mg Tablet,356,373,tablet,5mg,10.0,strip,53.76,False
2957,Amplus LB 250mg/250mg Capsule,1,18,capsule,250mg,10.0,strip,109.72,False
2962,Axegliptin M 500mg/20mg Tablet SR,144,49,tablet,500mg,10.0,strip,107.7,False
2964,Avas Asp 10mg/75mg Capsule,33,24,capsule,10mg,15.0,strip,44.5,False
2965,Avas Asp 10mg/75mg Capsule,1502,24,capsule,10mg,15.0,strip,44.5,False
2966,Avas Asp 10mg/75mg Capsule,1755,24,capsule,10mg,15.0,strip,44.5,False
2967,Adiza Tablet,357,5,tablet,10mg,10.0,strip,139.08,False
2968,Amisant 100 Tablet,222,14,tablet,100mg,10.0,strip,175.31,False
2969,Aclopride P 100 mg/500 mg Tablet,16,394,tablet,100mg,10.0,strip,59.83,False
2970,Aclopride P 100 mg/500 mg Tablet,23,394,tablet,100mg,10.0,strip,59.83,False
2971,Altonil Tablet MD,93,53,tablet,3mg,15.0,strip,82.04,False
2972,Ampanel 6 Tablet,214,13,tablet,6mg,10.0,strip,197.0,False
2975,Act Syrup,52,250,syrup,5mg,60.0,bottle,56.8,False
2976,Acnac-SP Tablet,16,396,tablet,100mg,10.0,strip,75.0,False
2977,Acnac-SP Tablet,23,396,tablet,100mg,10.0,strip,75.0,False
2983,Amloz TS Tablet,83,166,tablet,40mg,10.0,strip,159.0,False
2984,Amnuring 25 Tablet SR,35,111,tablet,25mg,10.0,strip,181.17,False
2985,Amnuring 25 Tablet SR,136,111,tablet,25mg,10.0,strip,181.17,False
2986,Azuvas 20 Tablet,166,257,tablet,20mg,10.0,strip,129.9,False
2987,Ampilox 250mg/250mg Captab,53,35,tablet,250mg,8.0,strip,55.34,False
2988,Acutrol 400 Tablet,219,25,tablet,400mg,15.0,strip,306.0,False
2989,Albert 6mg/400mg Tablet,113,398,tablet,6mg,1.0,strip,29.9,False
2992,Acimol 500mg Tablet,60,399,tablet,500mg,10.0,strip,6.0,False
2993,Acimol 500mg Tablet,764,399,tablet,500mg,10.0,strip,6.0,False
2994,Adesure 400mg Tablet,359,400,tablet,400mg,10.0,strip,456.0,False
2995,Avas 5 Tablet,33,24,tablet,5mg,30.0,strip,184.0,False
2996,Avas 5 Tablet,1502,24,tablet,5mg,30.0,strip,184.0,False
2997,Avas 5 Tablet,1755,24,tablet,5mg,30.0,strip,184.0,False
2998,Arvast-CF Capsule DR,236,25,capsule,135mg,10.0,strip,177.0,False
2999,Arvast-CF Capsule DR,1318,25,capsule,135mg,10.0,strip,177.0,False
3000,Alergard-M Tablet,6,401,tablet,10mg,10.0,strip,147.62,False
3001,Alergard-M Tablet,521,401,tablet,10mg,10.0,strip,147.62,False
3002,Acid 20 Capsule,360,179,capsule,20mg,15.0,strip,33.0,False
3003,Amitop Plus Tablet,35,71,tablet,25mg,10.0,strip,43.67,False
3004,Amitop Plus Tablet,136,71,tablet,25mg,10.0,strip,43.67,False
3007,Axim 200mg Tablet,183,403,tablet,200mg,10.0,strip,97.0,False
3009,Aculip H 12.5mg/5mg Tablet,35,65,tablet,12.5mg,10.0,strip,24.66,False
3010,Aculip H 12.5mg/5mg Tablet,136,65,tablet,12.5mg,10.0,strip,24.66,False
3011,Anxi FM Tablet,153,404,tablet,0.5mg,10.0,strip,72.0,False
3012,Anxi FM Tablet,486,404,tablet,0.5mg,10.0,strip,72.0,False
3015,Alpro 20mg Tablet,15,406,tablet,20mg,10.0,strip,29.0,False
3016,Alpro 20mg Tablet,150,406,tablet,20mg,10.0,strip,29.0,False
3017,Alpro 20mg Tablet,1561,406,tablet,20mg,10.0,strip,29.0,False
3018,Alpro 20mg Tablet,1624,406,tablet,20mg,10.0,strip,29.0,False
3019,Augpen 80mg/11.4mg Drop,1,57,drops,80mg,10.0,ml,105.7,False
3030,Alten 10 Tablet,33,53,tablet,10mg,15.0,strip,102.31,False
3031,Alten 10 Tablet,1502,53,tablet,10mg,15.0,strip,102.31,False
3032,Alten 10 Tablet,1755,53,tablet,10mg,15.0,strip,102.31,False
3033,Amphotret 50mg Injection,262,28,injection,50mg,,,309.03,False
3034,Alzero D Tablet,94,112,tablet,2.5mg,10.0,strip,88.0,False
3038,Alendate 70 Tablet,114,39,tablet,70mg,4.0,strip,165.0,False
3039,Azileb 250mg Tablet,2,173,tablet,250mg,6.0,strip,68.73,False
3040,Alkof 100 mg/2 mg/10 mg Tablet,30,15,tablet,100mg,10.0,strip,40.0,False
3041,Alkof 100 mg/2 mg/10 mg Tablet,86,15,tablet,100mg,10.0,strip,40.0,False
3042,Alkof 100 mg/2 mg/10 mg Tablet,364,15,tablet,100mg,10.0,strip,40.0,False
3043,Akostol-OD Tablet SR,50,21,tablet,300mg,10.0,strip,250.0,False
3044,Abvida-M 50mg/1000mg Eazy Glide Tablet,144,5,tablet,50mg,15.0,strip,254.04,False
3046,Acolate LP 2.5mg/10mg Tablet,94,96,tablet,2.5mg,10.0,strip,44.0,False
3048,Attentrol 25mg Capsule,244,13,capsule,25mg,10.0,strip,220.0,False
3049,Ariday 2.5 Tablet,91,245,tablet,2.5mg,10.0,strip,41.0,False
3051,Amlozaar-H Tablet,145,24,tablet,50mg,15.0,strip,234.0,False
3052,Avas Gold 75mg/10mg/75mg Capsule,132,24,capsule,75mg,10.0,strip,46.0,False
3053,Avas Gold 75mg/10mg/75mg Capsule,1166,24,capsule,75mg,10.0,strip,46.0,False
3054,Avas Gold 75mg/10mg/75mg Capsule,1537,24,capsule,75mg,10.0,strip,46.0,False
3055,Avas Gold 75mg/10mg/75mg Capsule,1670,24,capsule,75mg,10.0,strip,46.0,False
3056,Atecard 50 Tablet,79,2,tablet,50mg,14.0,strip,31.04,False
3060,Axepta 40mg Tablet,244,25,tablet,40mg,10.0,strip,312.0,False
3061,Acepep SP Tablet,16,410,tablet,100mg,10.0,strip,75.0,False
3062,Acepep SP Tablet,23,410,tablet,100mg,10.0,strip,75.0,False
3064,Alpicno 5mg/5ml Syrup,365,15,syrup,5mg/5ml,100.0,bottle,100.0,False
3065,Azole 20mg Capsule,360,260,capsule,20mg,10.0,strip,40.43,False
3070,Allerde M Tablet,256,324,tablet,5mg,10.0,strip,163.9,False
3071,Accutaz PS 250mg/31.25mg Injection,241,33,injection,250mg,,,55.0,False
3072,Asomex 1.25mg Tablet,20,46,tablet,1.25mg,15.0,strip,57.2,False
3073,Angizaar 25 Tablet,145,24,tablet,25mg,10.0,strip,39.0,False
3074,Artether L 80 mg/480 mg Tablet,366,29,tablet,80mg,6.0,strip,150.0,False
3076,Azilin 500mg Tablet,2,174,tablet,500mg,3.0,strip,64.34,False
3077,Aprecap 150mg Injection,140,3,injection,150mg,,,2079.0,False
3078,Abamune Tablet,367,6,tablet,300mg,30.0,strip,1550.64,False
3079,Anti CC Tablet,106,411,tablet,30mg,10.0,strip,33.3,False
3080,Anti CC Tablet,267,411,tablet,30mg,10.0,strip,33.3,False
3081,Anti CC Tablet,323,411,tablet,30mg,10.0,strip,33.3,False
3082,Aldaz 400mg Tablet,13,137,tablet,400mg,1.0,strip,12.0,False
3083,Amnac Opthalmic Suspension,164,21,drops,,5.0,ml,175.8,False
3084,Azikind 250mg Tablet,2,12,tablet,250mg,6.0,strip,71.37,False
3085,Arden 650mg Tablet,60,273,tablet,650mg,10.0,strip,28.06,False
3086,Arden 650mg Tablet,764,273,tablet,650mg,10.0,strip,28.06,False
3088,Amlosafe 10 Tablet,20,10,tablet,10mg,10.0,strip,63.06,False
3089,Amol 500mg Tablet,60,11,tablet,500mg,10.0,strip,3.56,False
3090,Amol 500mg Tablet,764,11,tablet,500mg,10.0,strip,3.56,False
3092,Ateros 10mg Tablet,166,95,tablet,10mg,10.0,strip,148.0,False
3094,Altraflam-P Tablet,16,13,tablet,100mg,10.0,strip,51.0,False
3095,Altraflam-P Tablet,23,13,tablet,100mg,10.0,strip,51.0,False
3096,Azel 40mg Capsule,318,7,capsule,40mg,28.0,strip,8700.0,False
3100,Acemol-SP Tablet,16,270,tablet,100mg,10.0,strip,70.0,False
3101,Acemol-SP Tablet,23,270,tablet,100mg,10.0,strip,70.0,False
3102,Amazeo 200 Tablet,222,11,tablet,200mg,10.0,strip,297.9,False
3103,Aclozen 100mg/500mg Tablet,16,413,tablet,100mg,10.0,strip,30.0,False
3104,Aclozen 100mg/500mg Tablet,23,413,tablet,100mg,10.0,strip,30.0,False
3105,Acklogal-SP Tablet,16,262,tablet,100mg,10.0,strip,113.13,False
3106,Acklogal-SP Tablet,23,262,tablet,100mg,10.0,strip,113.13,False
3107,Arvast Gold 10 Capsule,132,25,capsule,75mg,10.0,strip,149.0,False
3108,Arvast Gold 10 Capsule,1166,25,capsule,75mg,10.0,strip,149.0,False
3109,Arvast Gold 10 Capsule,1537,25,capsule,75mg,10.0,strip,149.0,False
3110,Arvast Gold 10 Capsule,1670,25,capsule,75mg,10.0,strip,149.0,False
3111,Amlong Tablet,20,24,tablet,5mg,30.0,strip,97.1,False
3112,Alocet XL Tablet,94,359,tablet,5mg,10.0,strip,60.0,False
3113,Angiwell 6.4mg Tablet,43,73,tablet,6.4mg,30.0,strip,212.95,False
3114,Acegaba 300 Capsule,199,46,capsule,300mg,10.0,strip,192.3,False
3115,Acegaba 300 Capsule,284,46,capsule,300mg,10.0,strip,192.3,False
3116,Acegaba 300 Capsule,1122,46,capsule,300mg,10.0,strip,192.3,False
3117,Acidart 75mg/20mg Capsule,288,414,capsule,75mg,10.0,strip,237.0,False
3118,Acidart 75mg/20mg Capsule,641,414,capsule,75mg,10.0,strip,237.0,False
3119,Ampilox C Dry Syrup,53,35,syrup,125mg,30.0,bottle,41.35,False
3124,Amigold 200 Tablet,222,19,tablet,200mg,10.0,strip,315.5,False
3129,Abmetop 50 XL Tablet,280,5,tablet,47.5mg,10.0,strip,58.18,False
3130,Abmetop 50 XL Tablet,826,5,tablet,47.5mg,10.0,strip,58.18,False
3131,Abiratas 500mg Tablet,231,25,tablet,500mg,60.0,units,30193.0,False
3132,Alerdain M Tablet,99,77,tablet,20mg,10.0,strip,155.0,False
3133,Acolate M Tablet,52,96,tablet,5mg,10.0,strip,79.0,False
3135,Amoxyclav 875mg/125mg Tablet,1,5,tablet,875mg,10.0,strip,658.84,False
3136,Alrista 50mg Tablet,155,33,tablet,50mg,10.0,strip,96.8,False
3139,Ariprazole 10mg Tablet,91,130,tablet,10mg,10.0,strip,10.0,False
3141,Angel S Syrup,245,416,syrup,400mg/5ml,100.0,bottle,52.0,False
3142,Amiodar 100 Tablet,266,24,tablet,100mg,10.0,strip,71.12,False
3145,Aishmox 500mg Capsule,1,417,capsule,500mg,10.0,strip,65.6,False
3150,Almox 250 Capsule,1,15,capsule,250mg,15.0,strip,37.08,False
3151,Aclonac Tablet,16,322,tablet,100mg,10.0,strip,7.36,False
3152,Aclonac Tablet,23,322,tablet,100mg,10.0,strip,7.36,False
3153,Akilos TH 100mg/4mg Tablet,16,86,tablet,100mg,10.0,strip,135.0,False
3154,Akilos TH 100mg/4mg Tablet,23,86,tablet,100mg,10.0,strip,135.0,False
3155,Anxit Fort 0.5 mg/25 mg Tablet,15,24,tablet,0.5mg,10.0,strip,107.0,False
3156,Anxit Fort 0.5 mg/25 mg Tablet,150,24,tablet,0.5mg,10.0,strip,107.0,False
3157,Anxit Fort 0.5 mg/25 mg Tablet,1561,24,tablet,0.5mg,10.0,strip,107.0,False
3158,Anxit Fort 0.5 mg/25 mg Tablet,1624,24,tablet,0.5mg,10.0,strip,107.0,False
3159,Aquaray Gel,95,233,drops,,10.0,bottle,180.29,False
3161,Adacel Vaccine,371,4,injection,,5.0,ml,1160.0,False
3162,Atorsave Gold 20 Capsule,132,38,capsule,75mg,10.0,strip,82.82,False
3163,Atorsave Gold 20 Capsule,1166,38,capsule,75mg,10.0,strip,82.82,False
3164,Atorsave Gold 20 Capsule,1537,38,capsule,75mg,10.0,strip,82.82,False
3165,Atorsave Gold 20 Capsule,1670,38,capsule,75mg,10.0,strip,82.82,False
3168,Atenex 50 Tablet,79,21,tablet,50mg,14.0,strip,27.9,False
3170,Acolate M Kid Syrup Orange,94,96,syrup,2.5mg/5ml,30.0,bottle,35.0,False
3172,Azenam 500mg Injection,205,10,injection,500mg,10.0,ml,495.0,False
3173,Ascodex Junior LS Oral Drops,45,3,drops,0.25mg/ml,15.0,bottle,65.5,False
3174,Ascodex Junior LS Oral Drops,176,3,drops,0.25mg/ml,15.0,bottle,65.5,False
3175,Aceron MR 100 mg/4 mg Tablet,16,55,tablet,100mg,10.0,strip,240.1,False
3176,Aceron MR 100 mg/4 mg Tablet,23,55,tablet,100mg,10.0,strip,240.1,False
3177,Advog M 0.3 Plus Tablet,144,38,tablet,500mg,10.0,strip,125.51,False
3178,Acefile TH Forte Tablet,65,49,tablet,4mg,10.0,strip,208.0,False
3179,Acefile TH Forte Tablet,818,49,tablet,4mg,10.0,strip,208.0,False
3180,Apexitra SB 65 Capsule,156,31,capsule,65mg,10.0,strip,140.0,False
3181,Acenal SP Tablet,16,421,tablet,100mg,10.0,strip,85.0,False
3182,Acenal SP Tablet,23,421,tablet,100mg,10.0,strip,85.0,False
3185,Ampitrust 1.5gm Injection,53,190,injection,1000mg,,,419.0,False
3186,Andol 5mg Tablet,373,360,tablet,5mg,10.0,strip,38.41,False
3189,Abendol 400mg Tablet,13,52,tablet,400mg,1.0,strip,10.18,False
3191,Allercet Paed 5mg Tablet,52,24,tablet,5mg,10.0,strip,32.5,False
3192,Azito 500mg Tablet,2,119,tablet,500mg,3.0,strip,208.53,False
3198,Arip MT 15 Tablet,91,11,tablet,15mg,15.0,strip,299.5,False
3199,ATryp Plus Tablet,35,424,tablet,12.5mg,10.0,strip,108.0,False
3200,ATryp Plus Tablet,136,424,tablet,12.5mg,10.0,strip,108.0,False
3202,Amaryl MP 1mg Tablet ER,41,4,tablet,1mg,20.0,strip,300.86,False
3204,Alzero Tablet,94,112,tablet,5mg,10.0,strip,95.0,False
3205,Azjoy Plus 0.5mg/10mg Tablet,175,257,tablet,0.5mg,10.0,strip,92.0,False
3206,Azjoy Plus 0.5mg/10mg Tablet,179,257,tablet,0.5mg,10.0,strip,92.0,False
3208,Alltop 0.25mg Tablet,15,61,tablet,0.25mg,10.0,strip,1.76,False
3209,Alltop 0.25mg Tablet,150,61,tablet,0.25mg,10.0,strip,1.76,False
3210,Alltop 0.25mg Tablet,1561,61,tablet,0.25mg,10.0,strip,1.76,False
3211,Alltop 0.25mg Tablet,1624,61,tablet,0.25mg,10.0,strip,1.76,False
3212,Azeliren 16mg Tablet,196,109,tablet,16mg,10.0,strip,154.0,False
3213,Asta-4 Syrup,3,428,syrup,15mg/5ml,100.0,bottle,97.19,False
3214,Asta-4 Syrup,49,428,syrup,15mg/5ml,100.0,bottle,97.19,False
3215,Asta-4 Syrup,73,428,syrup,15mg/5ml,100.0,bottle,97.19,False
3216,Asta-4 Syrup,743,428,syrup,15mg/5ml,100.0,bottle,97.19,False
3219,Alviroz 10 Tablet,166,119,tablet,10mg,10.0,strip,140.0,False
3220,Aceflex Plus 100 mg/500 mg Tablet,16,6,tablet,100mg,10.0,strip,56.0,False
3221,Aceflex Plus 100 mg/500 mg Tablet,23,6,tablet,100mg,10.0,strip,56.0,False
3222,Algesia SP 100 mg/500 mg/15 mg Tablet,16,33,tablet,100mg,10.0,strip,81.0,False
3223,Algesia SP 100 mg/500 mg/15 mg Tablet,23,33,tablet,100mg,10.0,strip,81.0,False
3224,Ansuper-Plus Capsule SR,288,149,capsule,75mg,10.0,strip,242.0,False
3225,Ansuper-Plus Capsule SR,641,149,capsule,75mg,10.0,strip,242.0,False
3226,Advacan 0.5mg Tablet,376,219,tablet,0.5mg,10.0,strip,1595.7,False
3230,Atorastin 40 Tablet,33,130,tablet,40mg,10.0,strip,18.0,False
3231,Atorastin 40 Tablet,1502,130,tablet,40mg,10.0,strip,18.0,False
3232,Atorastin 40 Tablet,1755,130,tablet,40mg,10.0,strip,18.0,False
3233,Alora 0.25mg Tablet,15,65,tablet,0.25mg,10.0,strip,10.8,False
3234,Alora 0.25mg Tablet,150,65,tablet,0.25mg,10.0,strip,10.8,False
3235,Alora 0.25mg Tablet,1561,65,tablet,0.25mg,10.0,strip,10.8,False
3236,Alora 0.25mg Tablet,1624,65,tablet,0.25mg,10.0,strip,10.8,False
3237,Azilup 250mg Tablet,2,19,tablet,250mg,6.0,strip,57.0,False
3239,Alfatam-D Tablet MR,377,21,tablet,0.4mg,10.0,strip,235.5,False
3242,Acebro 100mg Tablet,28,432,tablet,100mg,10.0,strip,100.0,False
3243,Acebro 100mg Tablet,1297,432,tablet,100mg,10.0,strip,100.0,False
3244,Acebro 100mg Tablet,1553,432,tablet,100mg,10.0,strip,100.0,False
3246,Amolife 50mg Tablet,378,385,tablet,50mg,10.0,strip,58.85,False
3247,Acnezac 20mg Capsule,129,344,capsule,20mg,10.0,strip,149.0,False
3253,Aceclogesic SP 100mg/325mg/15mg Tablet,16,433,tablet,100mg,10.0,strip,51.0,False
3254,Aceclogesic SP 100mg/325mg/15mg Tablet,23,433,tablet,100mg,10.0,strip,51.0,False
3255,Adenocor 6mg Injection,158,4,injection,6mg,2.0,ml,309.55,False
3256,Acceclomax SP Tablet,16,345,tablet,100mg,10.0,strip,70.0,False
3257,Acceclomax SP Tablet,23,345,tablet,100mg,10.0,strip,70.0,False
3259,Acefen P 100 mg/500 mg Tablet,16,119,tablet,100mg,10.0,strip,38.0,False
3260,Acefen P 100 mg/500 mg Tablet,23,119,tablet,100mg,10.0,strip,38.0,False
3261,A Mol 650mg Tablet,60,434,tablet,650mg,10.0,strip,9.0,False
3262,A Mol 650mg Tablet,764,434,tablet,650mg,10.0,strip,9.0,False
3263,Altiva 180mg Tablet,4,13,tablet,180mg,10.0,strip,130.7,False
3267,Arophyll-SR 200 Tablet,28,171,tablet,200mg,10.0,strip,189.9,False
3268,Arophyll-SR 200 Tablet,1297,171,tablet,200mg,10.0,strip,189.9,False
3269,Arophyll-SR 200 Tablet,1553,171,tablet,200mg,10.0,strip,189.9,False
3270,AD 10mg Tablet DT,224,143,tablet,10mg,10.0,strip,40.0,False
3271,Actinac P 100mg/325mg Tablet,16,49,tablet,100mg,10.0,strip,72.0,False
3272,Actinac P 100mg/325mg Tablet,23,49,tablet,100mg,10.0,strip,72.0,False
3273,Axonrich Tablet,380,436,tablet,100mg,10.0,strip,185.9,False
3274,Apnicid 40mg Tablet,281,49,tablet,40mg,10.0,strip,85.0,False
3275,Apnicid 40mg Tablet,1077,49,tablet,40mg,10.0,strip,85.0,False
3276,Acuzith 500mg Tablet,2,437,tablet,500mg,3.0,strip,67.0,False
3277,ANAZOL 1 MG TABLET,115,267,tablet,1mg,10.0,strip,576.0,False
3278,Alcid Tablet,101,15,tablet,300mg,9.0,strip,12.0,False
3279,Alernyl B Plus Syrup,3,158,syrup,30mg,60.0,bottle,64.35,False
3280,Alernyl B Plus Syrup,49,158,syrup,30mg,60.0,bottle,64.35,False
3281,Alernyl B Plus Syrup,73,158,syrup,30mg,60.0,bottle,64.35,False
3282,Alernyl B Plus Syrup,743,158,syrup,30mg,60.0,bottle,64.35,False
3283,Acetal SP 100 mg/500 mg/15 mg Tablet,16,355,tablet,100mg,10.0,strip,54.68,False
3284,Acetal SP 100 mg/500 mg/15 mg Tablet,23,355,tablet,100mg,10.0,strip,54.68,False
3285,Apriglim-M1 Tablet PR,41,254,tablet,1mg,15.0,strip,122.89,False
3290,Azim 500mg Tablet,2,440,tablet,500mg,3.0,strip,74.88,False
3291,Aqsusten  25 Solution for Injection,161,13,injection,25mg,119.0,ml,114.0,False
3292,Ark 75mg Tablet SR,247,31,tablet,75mg,10.0,strip,45.0,False
3293,Ark 75mg Tablet SR,759,31,tablet,75mg,10.0,strip,45.0,False
3294,Aroclav-LB Tablet,1,171,tablet,500mg,6.0,strip,149.4,False
3295,Amcard-LP Tablet,145,23,tablet,50mg,10.0,strip,50.0,False
3296,Azitex 500mg Tablet,2,441,tablet,500mg,6.0,strip,146.25,False
3297,Ariday 5 Tablet,91,245,tablet,5mg,10.0,strip,63.5,False
3298,Ambrolite D Sugar Free Syrup,8,34,syrup,5mg/5ml,100.0,bottle,114.0,False
3299,Ambrolite D Sugar Free Syrup,10,34,syrup,5mg/5ml,100.0,bottle,114.0,False
3300,Ambrolite D Sugar Free Syrup,301,34,syrup,5mg/5ml,100.0,bottle,114.0,False
3301,Ambrolite D Sugar Free Syrup,1251,34,syrup,5mg/5ml,100.0,bottle,114.0,False
3302,Ambrolite D Sugar Free Syrup,1508,34,syrup,5mg/5ml,100.0,bottle,114.0,False
3303,Aptivin Syrup,48,442,syrup,,100.0,bottle,72.0,False
3304,Anglocet Tablet,52,209,tablet,,10.0,strip,1.98,False
3307,Azelast Eye Drop,194,13,drops,,5.0,bottle,85.0,False
3308,ATV 10mg Tablet,33,287,tablet,10mg,10.0,strip,65.0,False
3309,ATV 10mg Tablet,1502,287,tablet,10mg,10.0,strip,65.0,False
3310,ATV 10mg Tablet,1755,287,tablet,10mg,10.0,strip,65.0,False
3313,Actiglipt M 500mg/20mg Tablet,144,384,tablet,500mg,10.0,strip,122.0,False
3314,Arpizol 30 Tablet,91,13,tablet,30mg,10.0,strip,316.0,False
3315,Apivas 2.5 Tablet,98,24,tablet,2.5mg,10.0,strip,240.0,False
3316,Aplev 5mg Tablet,94,49,tablet,5mg,10.0,strip,19.88,False
3318,Aztel Trio 40mg/5mg/12.5mg Tablet,83,257,tablet,40mg,10.0,strip,72.0,False
3319,Alertac 10mg Tablet,52,300,tablet,10mg,10.0,strip,9.7,False
3320,Augpen LB 1G Bid Tablet,1,57,tablet,875mg,10.0,strip,536.4,False
3327,Axl 250mg Tablet,1,40,tablet,250mg,10.0,strip,49.5,False
3335,Acartex 50 Tablet,385,130,tablet,50mg,10.0,strip,60.0,False
3336,Acartex 50 Tablet,721,130,tablet,50mg,10.0,strip,60.0,False
3339,Aten-H 25 Tablet,79,21,tablet,50mg,10.0,strip,102.2,False
3342,Anxipose 2mg Tablet,17,154,tablet,2mg,10.0,strip,21.0,False
3343,Acecloran SP 100mg/325mg/10mg Tablet,16,449,tablet,100mg,10.0,strip,95.0,False
3344,Acecloran SP 100mg/325mg/10mg Tablet,23,449,tablet,100mg,10.0,strip,95.0,False
3345,Aus-Q Tablet,68,227,tablet,8mg,10.0,strip,30.0,False
3346,Aus-Q Tablet,386,227,tablet,8mg,10.0,strip,30.0,False
3347,Aus-Q Tablet,592,227,tablet,8mg,10.0,strip,30.0,False
3348,Aus-Q Tablet,830,227,tablet,8mg,10.0,strip,30.0,False
3349,Acegaba ME 100mg/500mcg Tablet,199,46,tablet,100mg,10.0,strip,105.55,False
3350,Acegaba ME 100mg/500mcg Tablet,284,46,tablet,100mg,10.0,strip,105.55,False
3351,Acegaba ME 100mg/500mcg Tablet,1122,46,tablet,100mg,10.0,strip,105.55,False
3352,Alprazone 0.5mg Tablet,15,450,tablet,0.5mg,10.0,strip,26.32,False
3353,Alprazone 0.5mg Tablet,150,450,tablet,0.5mg,10.0,strip,26.32,False
3354,Alprazone 0.5mg Tablet,1561,450,tablet,0.5mg,10.0,strip,26.32,False
3355,Alprazone 0.5mg Tablet,1624,450,tablet,0.5mg,10.0,strip,26.32,False
3358,Auxisoda-EC 1000mg Tablet,173,113,tablet,1000mg,10.0,strip,75.0,False
3360,Azylaj 500mg Tablet,2,153,tablet,500mg,3.0,strip,71.33,False
3361,Admol 650 Tablet DT,60,340,tablet,650mg,10.0,strip,22.85,False
3362,Admol 650 Tablet DT,764,340,tablet,650mg,10.0,strip,22.85,False
3365,Asthagrip DM Tablet,28,366,tablet,200mg,10.0,strip,299.0,False
3366,Asthagrip DM Tablet,1297,366,tablet,200mg,10.0,strip,299.0,False
3367,Asthagrip DM Tablet,1553,366,tablet,200mg,10.0,strip,299.0,False
3368,Asrugen Eye Drop,95,453,drops,,10.0,ml,83.03,False
3371,Azimax 500mg Injection,2,6,injection,500mg,10.0,ml,185.74,False
3372,Azeldip 8mg Tablet,196,3,tablet,8mg,10.0,strip,100.5,False
3373,Alnacet M 5mg/10mg Tablet,94,454,tablet,5mg,10.0,strip,95.0,False
3374,Amitor 10mg Tablet,35,11,tablet,10mg,10.0,strip,12.5,False
3375,Amitor 10mg Tablet,136,11,tablet,10mg,10.0,strip,12.5,False
3376,Acrimol SP Tablet,16,455,tablet,100mg,10.0,strip,85.0,False
3377,Acrimol SP Tablet,23,455,tablet,100mg,10.0,strip,85.0,False
3378,Ambrosol LS Syrup,3,77,syrup,15mg,100.0,bottle,98.62,False
3379,Ambrosol LS Syrup,49,77,syrup,15mg,100.0,bottle,98.62,False
3380,Ambrosol LS Syrup,73,77,syrup,15mg,100.0,bottle,98.62,False
3381,Ambrosol LS Syrup,743,77,syrup,15mg,100.0,bottle,98.62,False
3384,Advog 0.3 Tablet,387,38,tablet,0.3mg,10.0,strip,131.89,False
3385,Advog 0.3 Tablet,948,38,tablet,0.3mg,10.0,strip,131.89,False
3386,Azento 250mg Tablet,2,15,tablet,250mg,6.0,strip,71.06,False
3387,Alcet M 5mg/10mg Tablet,94,456,tablet,5mg,10.0,strip,83.0,False
3388,Auxtil 500 Tablet,147,304,tablet,500mg,10.0,strip,480.0,False
3389,Aten 100 Tablet,79,21,tablet,100mg,14.0,strip,60.57,False
3390,Alfman 10mg Tablet,24,143,tablet,10mg,10.0,strip,122.0,False
3393,Acip-Plus Tablet,16,457,tablet,100mg,10.0,strip,60.0,False
3394,Acip-Plus Tablet,23,457,tablet,100mg,10.0,strip,60.0,False
3395,Alenix-M Tablet,256,191,tablet,5mg,10.0,strip,114.0,False
3396,Arvast 40 Tablet,166,25,tablet,40mg,10.0,strip,588.0,False
3398,Aphexine 200mg Tablet,183,49,tablet,200mg,10.0,strip,100.9,False
3401,Adrim 50mg Injection,233,132,injection,50mg,25.0,ml,874.39,False
3402,Apeton Plus Syrup,48,344,syrup,2mg/5ml,200.0,bottle,56.25,False
3407,Allercet-L Syrup,94,24,syrup,2.5mg,60.0,bottle,95.0,False
3408,Atorsave D 20 Tablet,33,38,tablet,20mg,15.0,strip,271.01,False
3409,Atorsave D 20 Tablet,1502,38,tablet,20mg,15.0,strip,271.01,False
3410,Atorsave D 20 Tablet,1755,38,tablet,20mg,15.0,strip,271.01,False
3412,Actinac SP 100mg/325mg/10mg Tablet,16,49,tablet,100mg,10.0,strip,85.0,False
3413,Actinac SP 100mg/325mg/10mg Tablet,23,49,tablet,100mg,10.0,strip,85.0,False
3415,Alwiz 40 Tablet,146,48,tablet,40mg,10.0,strip,95.5,False
3420,Amdepin-AT Tablet,20,8,tablet,5mg,14.0,strip,101.0,False
3421,Atorva Asp 150 Capsule,33,21,capsule,10mg,10.0,strip,45.35,False
3422,Atorva Asp 150 Capsule,1502,21,capsule,10mg,10.0,strip,45.35,False
3423,Atorva Asp 150 Capsule,1755,21,capsule,10mg,10.0,strip,45.35,False
3424,Avomira 50mg Tablet ER,330,24,tablet,50mg,10.0,strip,350.0,False
3425,Adcef 300mg Capsule,282,11,capsule,300mg,10.0,strip,313.0,False
3426,Amitone 75mg Tablet,35,25,tablet,75mg,10.0,strip,42.64,False
3427,Amitone 75mg Tablet,136,25,tablet,75mg,10.0,strip,42.64,False
3428,Acolate Oral Drops Mango,27,96,drops,1mg,15.0,ml,52.0,False
3430,Azirin 250mg Tablet,2,184,tablet,250mg,6.0,strip,59.54,False
3431,Amitax 100mg Injection,38,15,injection,100mg,,,17.5,False
3432,Accurate 10 mg/150 mg Tablet,18,461,tablet,10mg,20.0,strip,18.71,False
3433,Accurate 10 mg/150 mg Tablet,302,461,tablet,10mg,20.0,strip,18.71,False
3434,Accurate 10 mg/150 mg Tablet,558,461,tablet,10mg,20.0,strip,18.71,False
3436,Arorab LS Capsule,288,171,capsule,75mg,10.0,strip,189.0,False
3437,Arorab LS Capsule,641,171,capsule,75mg,10.0,strip,189.0,False
3438,Amitop Plus H Tablet,35,71,tablet,12.5mg,10.0,strip,27.5,False
3439,Amitop Plus H Tablet,136,71,tablet,12.5mg,10.0,strip,27.5,False
3440,Augpen I.V. 1.2g Injection,1,57,injection,1000mg,,,152.65,False
3441,Appet Syrup,48,463,syrup,2mg,200.0,bottle,45.5,False
3442,Aptiwell Syrup,48,464,syrup,2mg,200.0,bottle,110.0,False
3445,Alocet 5mg Tablet,94,359,tablet,5mg,10.0,strip,31.0,False
3447,Aloderm-N Ointment,308,465,ointment,,10.0,tube,42.0,False
3449,Alzero M Tablet,94,112,tablet,5mg,15.0,strip,228.0,False
3450,Aceton-SP Tablet,16,263,tablet,100mg,10.0,strip,100.0,False
3451,Aceton-SP Tablet,23,263,tablet,100mg,10.0,strip,100.0,False
3454,Ampoxin LB Capsule,53,11,capsule,125mg,10.0,strip,37.9,False
3456,Amifru-S Tablet,54,11,tablet,20mg,10.0,strip,27.0,False
3457,Aaram Tablet,15,308,tablet,0.25mg,15.0,strip,22.0,False
3458,Aaram Tablet,150,308,tablet,0.25mg,15.0,strip,22.0,False
3459,Aaram Tablet,1561,308,tablet,0.25mg,15.0,strip,22.0,False
3460,Aaram Tablet,1624,308,tablet,0.25mg,15.0,strip,22.0,False
3461,Amazeo OD 400 Tablet,222,11,tablet,400mg,10.0,strip,511.65,False
3462,Aphyren 200 SR Tablet,28,109,tablet,200mg,10.0,strip,196.0,False
3463,Aphyren 200 SR Tablet,1297,109,tablet,200mg,10.0,strip,196.0,False
3464,Aphyren 200 SR Tablet,1553,109,tablet,200mg,10.0,strip,196.0,False
3466,Anxil 0.25mg Tablet,15,31,tablet,0.25mg,10.0,strip,8.5,False
3467,Anxil 0.25mg Tablet,150,31,tablet,0.25mg,10.0,strip,8.5,False
3468,Anxil 0.25mg Tablet,1561,31,tablet,0.25mg,10.0,strip,8.5,False
3469,Anxil 0.25mg Tablet,1624,31,tablet,0.25mg,10.0,strip,8.5,False
3470,Aceforce-SP New Tablet,16,468,tablet,100mg,10.0,strip,90.75,False
3471,Aceforce-SP New Tablet,23,468,tablet,100mg,10.0,strip,90.75,False
3472,Afenak Plus S 100mg/325mg/10mg Tablet,16,13,tablet,100mg,10.0,strip,130.0,False
3473,Afenak Plus S 100mg/325mg/10mg Tablet,23,13,tablet,100mg,10.0,strip,130.0,False
3474,Amide 100 Tablet,222,95,tablet,100mg,10.0,strip,148.0,False
3475,Actiliv Syrup,48,469,syrup,2mg/5ml,200.0,bottle,85.0,False
3476,Atorvatin AP 10/75 Capsule,33,470,capsule,10mg,10.0,strip,25.0,False
3477,Atorvatin AP 10/75 Capsule,1502,470,capsule,10mg,10.0,strip,25.0,False
3478,Atorvatin AP 10/75 Capsule,1755,470,capsule,10mg,10.0,strip,25.0,False
3482,Alporate D 500mg Tablet ER,391,53,tablet,500mg,15.0,strip,157.3,False
3483,Anin 250 Injection,258,61,injection,250mg,1.0,ml,202.0,False
3487,Acilex SP Tablet,16,474,tablet,100mg,10.0,strip,89.0,False
3488,Acilex SP Tablet,23,474,tablet,100mg,10.0,strip,89.0,False
3489,Altonil Plus 5 Tablet,93,53,tablet,5mg,15.0,strip,155.73,False
3490,Alkatech Syrup,22,475,syrup,1.53gm,100.0,bottle,80.0,False
3492,Apetizer Syrup,48,477,syrup,2mg,200.0,bottle,86.0,False
3493,Avical Softgel Capsule,393,478,capsule,,,,182.7,False
3496,Afzeta 30mg Tablet,394,13,tablet,30mg,30.0,units,4433.0,False
3497,Alevo 250 Tablet,159,15,tablet,250mg,10.0,strip,49.47,False
3498,Alevo 250 Tablet,451,15,tablet,250mg,10.0,strip,49.47,False
3501,Alphadol-C Soft Gelatin Capsule,120,67,capsule,,,,123.6,False
3502,Arropan 40mg Tablet,281,480,tablet,40mg,10.0,strip,74.0,False
3503,Arropan 40mg Tablet,1077,480,tablet,40mg,10.0,strip,74.0,False
3504,Arava 20mg Tablet,314,4,tablet,20mg,30.0,units,571.1,False
3507,Alsita-M 50 Forte IR Tablet,87,15,tablet,50mg,10.0,strip,92.0,False
3508,Acupenem 1000mg Injection,396,33,injection,1000mg,,,2500.0,False
3509,Aplaz 0.5mg Tablet,175,336,tablet,0.5mg,10.0,strip,30.46,False
3510,Aplaz 0.5mg Tablet,179,336,tablet,0.5mg,10.0,strip,30.46,False
3511,Aziford 500 Tablet,2,52,tablet,500mg,5.0,strip,119.5,False
3512,Alto 100mg Tablet,16,481,tablet,100mg,10.0,strip,25.0,False
3513,Alto 100mg Tablet,23,481,tablet,100mg,10.0,strip,25.0,False
3516,Atorsave D 40 Tablet,33,38,tablet,40mg,15.0,strip,248.82,False
3517,Atorsave D 40 Tablet,1502,38,tablet,40mg,15.0,strip,248.82,False
3518,Atorsave D 40 Tablet,1755,38,tablet,40mg,15.0,strip,248.82,False
3521,Alto P 100mg/500mg Tablet,16,481,tablet,100mg,10.0,strip,30.0,False
3522,Alto P 100mg/500mg Tablet,23,481,tablet,100mg,10.0,strip,30.0,False
3524,Asprito 20 Tablet,91,25,tablet,20mg,10.0,strip,259.0,False
3525,Accutaz HS 500mg/62.5mg Injection,241,33,injection,500mg,,,99.0,False
3527,Astoclav 625 Tablet,1,482,tablet,500mg,6.0,strip,150.0,False
3529,Ablife 100 Capsule,28,483,capsule,100mg,10.0,strip,110.0,False
3530,Ablife 100 Capsule,1297,483,capsule,100mg,10.0,strip,110.0,False
3531,Ablife 100 Capsule,1553,483,capsule,100mg,10.0,strip,110.0,False
3532,Acutus Syrup,3,484,syrup,15mg/5ml,100.0,bottle,80.0,False
3533,Acutus Syrup,49,484,syrup,15mg/5ml,100.0,bottle,80.0,False
3534,Acutus Syrup,73,484,syrup,15mg/5ml,100.0,bottle,80.0,False
3535,Acutus Syrup,743,484,syrup,15mg/5ml,100.0,bottle,80.0,False
3536,Augocare 625 Duo Tablet,1,39,tablet,500mg,6.0,strip,120.3,False
3537,Alten F 10/80 Tablet,33,53,tablet,10mg,15.0,strip,187.5,False
3538,Alten F 10/80 Tablet,1502,53,tablet,10mg,15.0,strip,187.5,False
3539,Alten F 10/80 Tablet,1755,53,tablet,10mg,15.0,strip,187.5,False
3540,Acenil 100mg/325mg Tablet,16,485,tablet,100mg,10.0,strip,38.0,False
3541,Acenil 100mg/325mg Tablet,23,485,tablet,100mg,10.0,strip,38.0,False
3550,Asonac Plus 100mg/500mg/15mg Tablet SR,16,287,tablet,100mg,10.0,strip,59.0,False
3551,Asonac Plus 100mg/500mg/15mg Tablet SR,23,287,tablet,100mg,10.0,strip,59.0,False
3552,AB Day 200mg Capsule SR,28,197,capsule,200mg,10.0,strip,136.0,False
3553,AB Day 200mg Capsule SR,1297,197,capsule,200mg,10.0,strip,136.0,False
3554,AB Day 200mg Capsule SR,1553,197,capsule,200mg,10.0,strip,136.0,False
3555,Althrocin Kid 125mg Tablet,29,2,tablet,125mg,10.0,strip,40.1,False
3556,Atozet 10 mg/10 mg Tablet,33,488,tablet,10mg,10.0,strip,83.9,False
3557,Atozet 10 mg/10 mg Tablet,1502,488,tablet,10mg,10.0,strip,83.9,False
3558,Atozet 10 mg/10 mg Tablet,1755,488,tablet,10mg,10.0,strip,83.9,False
3560,Accufine 20mg Softgel Capsule,129,364,capsule,20mg,10.0,strip,250.0,False
3561,Azeliren 8mg Tablet,196,109,tablet,8mg,10.0,strip,108.0,False
3562,Atro Eye Drop,75,25,drops,,5.0,ml,16.64,False
3563,Atro Eye Drop,1190,25,drops,,5.0,ml,16.64,False
3564,Atorec CV 20 Capsule,33,46,capsule,20mg,10.0,strip,126.05,False
3565,Atorec CV 20 Capsule,1502,46,capsule,20mg,10.0,strip,126.05,False
3566,Atorec CV 20 Capsule,1755,46,capsule,20mg,10.0,strip,126.05,False
3567,Anglocet Plus Tablet,60,209,tablet,,10.0,strip,9.87,False
3568,Anglocet Plus Tablet,764,209,tablet,,10.0,strip,9.87,False
3569,Alerfri Syrup,27,125,syrup,2mg,60.0,bottle,55.5,False
3570,Atheart 10 Tablet,33,92,tablet,10mg,10.0,strip,63.9,False
3571,Atheart 10 Tablet,1502,92,tablet,10mg,10.0,strip,63.9,False
3572,Atheart 10 Tablet,1755,92,tablet,10mg,10.0,strip,63.9,False
3573,Alben 400mg Tablet,13,489,tablet,400mg,10.0,strip,86.5,False
3574,A-3 Kit,63,490,tablet,150mg,4.0,strip,94.6,False
3575,A-3 Kit,369,490,tablet,150mg,4.0,strip,94.6,False
3576,A-3 Kit,1308,490,tablet,150mg,4.0,strip,94.6,False
3577,Amoline 5mg Tablet,20,130,tablet,5mg,10.0,strip,4.5,False
3578,Alp 0.25mg Tablet,15,237,tablet,0.25mg,10.0,strip,11.31,False
3579,Alp 0.25mg Tablet,150,237,tablet,0.25mg,10.0,strip,11.31,False
3580,Alp 0.25mg Tablet,1561,237,tablet,0.25mg,10.0,strip,11.31,False
3581,Alp 0.25mg Tablet,1624,237,tablet,0.25mg,10.0,strip,11.31,False
3582,Aceclomac Plus 100 mg/500 mg Tablet,16,93,tablet,100mg,10.0,strip,9.25,False
3583,Aceclomac Plus 100 mg/500 mg Tablet,23,93,tablet,100mg,10.0,strip,9.25,False
3584,Alba 400mg Tablet,13,491,tablet,400mg,1.0,strip,13.54,False
3586,Acutus-D Syrup,8,484,syrup,5mg/5ml,100.0,bottle,95.0,False
3587,Acutus-D Syrup,10,484,syrup,5mg/5ml,100.0,bottle,95.0,False
3588,Acutus-D Syrup,301,484,syrup,5mg/5ml,100.0,bottle,95.0,False
3589,Acutus-D Syrup,1251,484,syrup,5mg/5ml,100.0,bottle,95.0,False
3590,Acutus-D Syrup,1508,484,syrup,5mg/5ml,100.0,bottle,95.0,False
3591,Azinol 500mg Tablet,2,297,tablet,500mg,3.0,strip,68.7,False
3592,Aceclofast Tablet,16,493,tablet,100mg,10.0,strip,13.76,False
3593,Aceclofast Tablet,23,493,tablet,100mg,10.0,strip,13.76,False
3594,Aramol AM 10mg/120mg/200mg Tablet SR,6,494,tablet,10mg,10.0,strip,189.0,False
3595,Aramol AM 10mg/120mg/200mg Tablet SR,521,494,tablet,10mg,10.0,strip,189.0,False
3599,Apriglim-M 0.5 Tablet SR,41,254,tablet,0.5mg,15.0,strip,101.93,False
3600,Antadict 250mg Tablet,197,25,tablet,250mg,10.0,strip,6.88,False
3601,Angizem DP 90 Capsule MR,195,13,capsule,90mg,10.0,strip,136.85,False
3605,Azitreat 250mg Tablet,2,259,tablet,250mg,3.0,strip,35.0,False
3606,Advent 875mg/125mg Tablet,1,6,tablet,875mg,4.0,strip,169.0,False
3607,Abamune L 600 mg/300 mg Tablet,367,6,tablet,600mg,30.0,strip,2996.04,False
3609,Acebrofon 100 Capsule,28,297,capsule,100mg,10.0,strip,101.0,False
3610,Acebrofon 100 Capsule,1297,297,capsule,100mg,10.0,strip,101.0,False
3611,Acebrofon 100 Capsule,1553,297,capsule,100mg,10.0,strip,101.0,False
3612,Antrenyl 5mg Tablet,400,84,tablet,5mg,10.0,strip,29.05,False
3614,Acesoft-SP Tablet,16,496,tablet,100mg,10.0,strip,75.0,False
3615,Acesoft-SP Tablet,23,496,tablet,100mg,10.0,strip,75.0,False
3617,Anxiset 1 Tablet,153,99,tablet,1mg,10.0,strip,78.65,False
3618,Anxiset 1 Tablet,486,99,tablet,1mg,10.0,strip,78.65,False
3619,Adglim M 2mg/500mg Tablet PR,41,497,tablet,2mg,10.0,strip,53.9,False
3620,Amlong-A Tablet,20,24,tablet,5mg,10.0,strip,88.65,False
3621,Activa 50mg Tablet,247,142,tablet,50mg,10.0,strip,68.2,False
3622,Activa 50mg Tablet,759,142,tablet,50mg,10.0,strip,68.2,False
3626,ALKAFRESH SYRUP,22,259,syrup,,100.0,bottle,60.0,False
3627,Atrovast 40mg Tablet,33,417,tablet,40mg,10.0,strip,202.0,False
3628,Atrovast 40mg Tablet,1502,417,tablet,40mg,10.0,strip,202.0,False
3629,Atrovast 40mg Tablet,1755,417,tablet,40mg,10.0,strip,202.0,False
3631,Angizem 30 Tablet MR,195,13,tablet,30mg,10.0,strip,29.75,False
3632,Alikast L 5mg/10mg Tablet,94,499,tablet,5mg,10.0,strip,60.0,False
3633,Alocet-XL 2.5mg/5ml/30mg/5ml Syrup,52,359,syrup,2.5mg/5ml,100.0,bottle,40.0,False
3635,Avillin 25mg Injection,268,374,injection,25mg,,,32.2,False
3636,Atorastin 10mg Tablet,33,130,tablet,10mg,10.0,strip,6.0,False
3637,Atorastin 10mg Tablet,1502,130,tablet,10mg,10.0,strip,6.0,False
3638,Atorastin 10mg Tablet,1755,130,tablet,10mg,10.0,strip,6.0,False
3643,Allermin 4mg Tablet,27,502,tablet,4mg,10.0,strip,38.5,False
3644,Alcort 6mg Tablet,312,503,tablet,6mg,10.0,strip,85.0,False
3646,Afineday Tablet,6,112,tablet,10mg,10.0,strip,213.0,False
3647,Afineday Tablet,521,112,tablet,10mg,10.0,strip,213.0,False
3648,Alnase SP Tablet,16,454,tablet,100mg,10.0,strip,76.0,False
3649,Alnase SP Tablet,23,454,tablet,100mg,10.0,strip,76.0,False
3652,Aloja-M Forte Tablet,185,40,tablet,12.5mg,60.0,units,637.7,False
3653,Aloja-M Forte Tablet,287,40,tablet,12.5mg,60.0,units,637.7,False
3656,AKT-FD Tablet,36,19,tablet,100mg,3.0,strip,25.5,False
3657,Anoliv 300mg Tablet,109,505,tablet,300mg,10.0,strip,299.0,False
3658,Atorec EZ Tablet,33,46,tablet,10mg,10.0,strip,237.45,False
3659,Atorec EZ Tablet,1502,46,tablet,10mg,10.0,strip,237.45,False
3660,Atorec EZ Tablet,1755,46,tablet,10mg,10.0,strip,237.45,False
3661,Avva 250mg Tablet SR,254,25,tablet,250mg,10.0,strip,87.5,False
3662,Allerdest 5mg Tablet,94,5,tablet,5mg,10.0,strip,23.23,False
3665,Asprito 15 Tablet,91,25,tablet,15mg,10.0,strip,218.0,False
3666,Afenak 100mg Tablet,16,13,tablet,100mg,10.0,strip,23.0,False
3667,Afenak 100mg Tablet,23,13,tablet,100mg,10.0,strip,23.0,False
3668,Amtas HT Tablet,20,25,tablet,5mg,10.0,strip,58.5,False
3669,Ator 10mg Tablet,33,45,tablet,10mg,10.0,strip,57.75,False
3670,Ator 10mg Tablet,1502,45,tablet,10mg,10.0,strip,57.75,False
3671,Ator 10mg Tablet,1755,45,tablet,10mg,10.0,strip,57.75,False
3672,Aclofen Plus Tablet,16,61,tablet,100mg,10.0,strip,11.0,False
3673,Aclofen Plus Tablet,23,61,tablet,100mg,10.0,strip,11.0,False
3674,Atpark 50 Tablet,79,14,tablet,50mg,14.0,strip,30.35,False
3675,Atorin F Tablet,33,29,tablet,10mg,10.0,strip,185.0,False
3676,Atorin F Tablet,1502,29,tablet,10mg,10.0,strip,185.0,False
3677,Atorin F Tablet,1755,29,tablet,10mg,10.0,strip,185.0,False
3678,Afitra 200 Capsule,156,506,capsule,200mg,4.0,strip,79.8,False
3679,Amis 50mg Tablet,222,360,tablet,50mg,10.0,strip,50.6,False
3680,Alexcet 10mg Tablet,52,3,tablet,10mg,10.0,strip,18.53,False
3686,Atrosun Eye Drop,75,108,drops,,3.0,ml,15.2,False
3687,Atrosun Eye Drop,1190,108,drops,,3.0,ml,15.2,False
3689,Amitone Syrup,35,158,syrup,,200.0,bottle,70.0,False
3690,Amitone Syrup,136,158,syrup,,200.0,bottle,70.0,False
3697,Angidil 500mg Tablet SR,403,71,tablet,500mg,15.0,strip,180.0,False
3700,Azitop 500mg Tablet,2,154,tablet,500mg,3.0,strip,59.92,False
3701,Azildac 80 Tablet,146,21,tablet,80mg,10.0,strip,180.25,False
3702,Afderm 100 Capsule,156,209,capsule,100mg,4.0,strip,53.24,False
3705,Aerotrop 18mcg Rotacap,340,33,capsule,,,,173.2,False
3706,Aceford P 100 mg/500 mg Tablet,16,456,tablet,100mg,10.0,strip,36.2,False
3707,Aceford P 100 mg/500 mg Tablet,23,456,tablet,100mg,10.0,strip,36.2,False
3708,Aldigesic Injection,16,15,injection,,1.0,ml,21.0,False
3709,Aldigesic Injection,23,15,injection,,1.0,ml,21.0,False
3711,Advance 250mg/125mg Tablet,1,512,tablet,250mg,6.0,strip,106.0,False
3712,Arrow 500 Tablet,2,513,tablet,500mg,3.0,strip,118.5,False
3715,Acceclowoc SP 100 mg/500 mg/15 mg Tablet,16,97,tablet,100mg,10.0,strip,91.91,False
3716,Acceclowoc SP 100 mg/500 mg/15 mg Tablet,23,97,tablet,100mg,10.0,strip,91.91,False
3721,Acloboot Plus 100mg/325mg Tablet,16,515,tablet,100mg,10.0,strip,65.0,False
3722,Acloboot Plus 100mg/325mg Tablet,23,515,tablet,100mg,10.0,strip,65.0,False
3723,Angicam 2.5mg Tablet,20,62,tablet,2.5mg,15.0,strip,16.0,False
3724,Azuvas 10- F Tablet,236,257,tablet,160mg,10.0,strip,129.9,False
3725,Azuvas 10- F Tablet,1318,257,tablet,160mg,10.0,strip,129.9,False
3726,Appiliv Syrup,48,516,syrup,2mg,200.0,bottle,95.0,False
3727,Avigan 200mg Tablet,404,7,tablet,200mg,122.0,units,12078.0,False
3728,Alday AG  Syrup,3,188,syrup,30mg/5ml,60.0,bottle,80.0,False
3729,Alday AG  Syrup,49,188,syrup,30mg/5ml,60.0,bottle,80.0,False
3730,Alday AG  Syrup,73,188,syrup,30mg/5ml,60.0,bottle,80.0,False
3731,Alday AG  Syrup,743,188,syrup,30mg/5ml,60.0,bottle,80.0,False
3732,Acepar S 100mg/15mg Tablet,16,134,tablet,100mg,10.0,strip,56.0,False
3733,Acepar S 100mg/15mg Tablet,23,134,tablet,100mg,10.0,strip,56.0,False
3736,Actipar Syrup,405,93,syrup,,30.0,bottle,12.25,False
3737,Acewok P 100mg/325mg Tablet,16,302,tablet,100mg,10.0,strip,45.0,False
3738,Acewok P 100mg/325mg Tablet,23,302,tablet,100mg,10.0,strip,45.0,False
3740,Avas 5 Tablet,33,24,tablet,5mg,10.0,strip,56.3,False
3741,Avas 5 Tablet,1502,24,tablet,5mg,10.0,strip,56.3,False
3742,Avas 5 Tablet,1755,24,tablet,5mg,10.0,strip,56.3,False
3743,Acnac-P 100mg/500mg Tablet,16,396,tablet,100mg,10.0,strip,40.0,False
3744,Acnac-P 100mg/500mg Tablet,23,396,tablet,100mg,10.0,strip,40.0,False
3748,Ambulax ETM Tablet,149,43,tablet,0.25mg,15.0,strip,67.5,False
3749,Ambulax ETM Tablet,689,43,tablet,0.25mg,15.0,strip,67.5,False
3750,Avacard 5mg Tablet,20,13,tablet,5mg,10.0,strip,29.23,False
3753,Aten-H 12.5 Tablet,79,21,tablet,50mg,10.0,strip,97.22,False
3755,Amenova 5mg Tablet,356,213,tablet,5mg,10.0,strip,56.8,False
3756,Acklofen Plus 100mg/325mg Tablet,16,262,tablet,100mg,10.0,strip,62.92,False
3757,Acklofen Plus 100mg/325mg Tablet,23,262,tablet,100mg,10.0,strip,62.92,False
3761,Atorsave CV 20 Capsule,33,38,capsule,20mg,10.0,strip,157.86,False
3762,Atorsave CV 20 Capsule,1502,38,capsule,20mg,10.0,strip,157.86,False
3763,Atorsave CV 20 Capsule,1755,38,capsule,20mg,10.0,strip,157.86,False
3764,Antex 450mg/300mg Tablet,123,96,tablet,450mg,10.0,strip,72.16,False
3765,Alwin Syrup,13,523,syrup,200mg/5ml,10.0,bottle,16.0,False
3766,Abvent 100mg/600mg Tablet,28,136,tablet,100mg,10.0,strip,185.0,False
3767,Abvent 100mg/600mg Tablet,1297,136,tablet,100mg,10.0,strip,185.0,False
3768,Abvent 100mg/600mg Tablet,1553,136,tablet,100mg,10.0,strip,185.0,False
3769,Acnetoin Capsule,90,52,capsule,300mg,10.0,strip,232.7,False
3771,Ano-SP Tablet,16,524,tablet,100mg,10.0,strip,99.0,False
3772,Ano-SP Tablet,23,524,tablet,100mg,10.0,strip,99.0,False
3773,Atorvakind F 10mg/160mg Tablet,33,12,tablet,10mg,10.0,strip,141.0,False
3774,Atorvakind F 10mg/160mg Tablet,1502,12,tablet,10mg,10.0,strip,141.0,False
3775,Atorvakind F 10mg/160mg Tablet,1755,12,tablet,10mg,10.0,strip,141.0,False
3777,Albudac 20% Injection,105,8,injection,20%,10.0,ml,165.0,False
3778,Admine 400 Tablet,408,368,tablet,400mg,10.0,strip,800.0,False
3781,Avva Capsule SR,254,25,capsule,250mg,10.0,strip,87.5,False
3782,Actorise 200 Injection,283,6,injection,,4.0,ml,12402.5,False
3783,Acicon 40mg Tablet,409,2,tablet,40mg,14.0,strip,5.11,False
3785,Acecloflam P Tablet,16,297,tablet,100mg,10.0,strip,31.13,False
3786,Acecloflam P Tablet,23,297,tablet,100mg,10.0,strip,31.13,False
3787,Amore 20mg Tablet,410,527,tablet,20mg,2.0,strip,62.0,False
3790,Actigaba 100mg Tablet,199,171,tablet,100mg,15.0,strip,95.9,False
3791,Actigaba 100mg Tablet,284,171,tablet,100mg,15.0,strip,95.9,False
3792,Actigaba 100mg Tablet,1122,171,tablet,100mg,15.0,strip,95.9,False
3793,Amoxybest 500mg Capsule,1,428,capsule,500mg,10.0,strip,59.85,False
3796,Azicure 500mg Tablet,2,528,tablet,500mg,6.0,strip,62.01,False
3800,Amtas LP Tablet,20,25,tablet,5mg,10.0,strip,99.0,False
3801,Arzu 15 Tablet,91,19,tablet,15mg,10.0,strip,243.37,False
3803,Audotic Ear Drop,31,531,drops,,5.0,ml,60.5,False
3804,Audotic Ear Drop,174,531,drops,,5.0,ml,60.5,False
3807,Amipride 200mg Tablet,222,159,tablet,200mg,10.0,strip,255.0,False
3808,Apristar 125 mg/80 mg Capsule,140,19,capsule,125mg,3.0,strip,1300.0,False
3809,Amdepin 2.5 Tablet,20,8,tablet,2.5mg,15.0,strip,30.8,False
3810,Airmont-L Tablet,94,375,tablet,5mg,10.0,strip,90.0,False
3811,Acenomac 1 Tablet,42,33,tablet,1mg,10.0,strip,59.4,False
3812,Alciflox 250mg Tablet,118,15,tablet,250mg,10.0,strip,23.28,False
3814,Albekem Plus  6mg/400mg Tablet,113,15,tablet,6mg,10.0,strip,17.93,False
3816,Aristogyl-F Tablet,350,10,tablet,100mg,10.0,strip,14.8,False
3817,Alzolam 1mg Tablet,15,13,tablet,1mg,10.0,strip,47.0,False
3818,Alzolam 1mg Tablet,150,13,tablet,1mg,10.0,strip,47.0,False
3819,Alzolam 1mg Tablet,1561,13,tablet,1mg,10.0,strip,47.0,False
3820,Alzolam 1mg Tablet,1624,13,tablet,1mg,10.0,strip,47.0,False
3821,Atorbest 20 Tablet,33,8,tablet,20mg,10.0,strip,165.0,False
3822,Atorbest 20 Tablet,1502,8,tablet,20mg,10.0,strip,165.0,False
3823,Atorbest 20 Tablet,1755,8,tablet,20mg,10.0,strip,165.0,False
3824,Arsenox 10mg Injection,411,25,injection,10mg,10.0,ml,818.0,False
3825,Aziken 500mg Tablet,2,533,tablet,500mg,10.0,strip,239.0,False
3829,Aldex 6mg Tablet SR,412,287,tablet,6mg,10.0,strip,32.13,False
3830,Anofer S 100mg Injection,413,13,injection,100mg,5.0,ml,317.83,False
3831,Aclozest-P 100mg/325mg Tablet,16,373,tablet,100mg,10.0,strip,38.9,False
3832,Aclozest-P 100mg/325mg Tablet,23,373,tablet,100mg,10.0,strip,38.9,False
3833,Alprax Z 0.25 mg/3 mg Tablet,15,11,tablet,0.25mg,10.0,strip,19.72,False
3834,Alprax Z 0.25 mg/3 mg Tablet,150,11,tablet,0.25mg,10.0,strip,19.72,False
3835,Alprax Z 0.25 mg/3 mg Tablet,1561,11,tablet,0.25mg,10.0,strip,19.72,False
3836,Alprax Z 0.25 mg/3 mg Tablet,1624,11,tablet,0.25mg,10.0,strip,19.72,False
3837,Augxetil 250mg Tablet,147,153,tablet,250mg,10.0,strip,228.0,False
3838,Alp 0.5mg Tablet,15,237,tablet,0.5mg,10.0,strip,22.68,False
3839,Alp 0.5mg Tablet,150,237,tablet,0.5mg,10.0,strip,22.68,False
3840,Alp 0.5mg Tablet,1561,237,tablet,0.5mg,10.0,strip,22.68,False
3841,Alp 0.5mg Tablet,1624,237,tablet,0.5mg,10.0,strip,22.68,False
3842,Acesun Forte Tablet,16,410,tablet,100mg,10.0,strip,55.0,False
3843,Acesun Forte Tablet,23,410,tablet,100mg,10.0,strip,55.0,False
3844,Ampitrust 750 Tablet,398,190,tablet,750mg,10.0,strip,899.0,False
3845,Axclopain-SP Tablet,16,39,tablet,100mg,10.0,strip,80.0,False
3846,Axclopain-SP Tablet,23,39,tablet,100mg,10.0,strip,80.0,False
3847,Amicobal PG 10mg/75mg Tablet,35,63,tablet,10mg,10.0,strip,207.0,False
3848,Amicobal PG 10mg/75mg Tablet,136,63,tablet,10mg,10.0,strip,207.0,False
3849,Amlobet Tablet,20,13,tablet,5mg,14.0,strip,93.0,False
3850,Alfakim 500mg Injection,38,13,injection,500mg,2.0,ml,138.0,False
3851,Amiva 500mg Injection,38,45,injection,500mg,,,115.0,False
3852,Acemed 100 Tablet,16,536,tablet,100mg,10.0,strip,31.0,False
3853,Acemed 100 Tablet,23,536,tablet,100mg,10.0,strip,31.0,False
3854,Akilos 100mg Tablet,16,86,tablet,100mg,10.0,strip,16.4,False
3855,Akilos 100mg Tablet,23,86,tablet,100mg,10.0,strip,16.4,False
3857,Adp 5mg Tablet,20,250,tablet,5mg,15.0,strip,43.61,False
3863,Alpus Syrup,8,539,syrup,5mg/5ml,100.0,bottle,75.0,False
3864,Alpus Syrup,10,539,syrup,5mg/5ml,100.0,bottle,75.0,False
3865,Alpus Syrup,301,539,syrup,5mg/5ml,100.0,bottle,75.0,False
3866,Alpus Syrup,1251,539,syrup,5mg/5ml,100.0,bottle,75.0,False
3867,Alpus Syrup,1508,539,syrup,5mg/5ml,100.0,bottle,75.0,False
3868,Arbitel-80 H Tablet,83,24,tablet,80mg,10.0,strip,227.0,False
3869,Azenam 2gm Injection,205,10,injection,2gm,,,871.95,False
3871,Andulfa 100mg Injection,415,25,injection,100mg,,,9700.0,False
3872,Axone 1000mg Injection,241,8,injection,1000mg,,,30.0,False
3873,Aptsure Syrup,48,541,syrup,2mg,200.0,bottle,86.0,False
3874,Analar Eye Drop,223,542,drops,,10.0,ml,75.0,False
3875,Analar Eye Drop,613,542,drops,,10.0,ml,75.0,False
3876,Acnetoin Soft Gelatin Capsule,129,52,capsule,20mg,,,180.0,False
3877,Afix 200mg Tablet,183,194,tablet,200mg,10.0,strip,129.5,False
3878,Azildac CT Tablet,146,21,tablet,40mg,10.0,strip,143.95,False
3879,Alz Plus  Tablet,94,543,tablet,5mg,10.0,strip,145.0,False
3880,Actorab-D Capsule SR,18,544,capsule,30mg,10.0,strip,70.0,False
3881,Actorab-D Capsule SR,302,544,capsule,30mg,10.0,strip,70.0,False
3882,Actorab-D Capsule SR,558,544,capsule,30mg,10.0,strip,70.0,False
3883,Alde 5mg Tablet,256,545,tablet,5mg,10.0,strip,59.75,False
3884,Aceprime-SP Tablet,16,546,tablet,100mg,10.0,strip,59.0,False
3885,Aceprime-SP Tablet,23,546,tablet,100mg,10.0,strip,59.0,False
3886,Azrolid 250mg Tablet,2,52,tablet,250mg,6.0,strip,33.75,False
3887,Afinitor 5mg Tablet,376,84,tablet,5mg,10.0,strip,60146.43,False
3895,Allermin Tablet,94,281,tablet,2.5mg,10.0,strip,38.5,False
3896,Agemax-P Capsule,88,308,capsule,,10.0,strip,120.0,False
3897,AGA Tablet,417,550,tablet,1mg,10.0,strip,40.0,False
3898,Alphadol 1mcg Soft Gelatin Capsule,120,67,capsule,,,,317.0,False
3900,Aroximat CR 12.5 Tablet,418,551,tablet,12.5mg,10.0,strip,110.0,False
3901,Atack 200mg Tablet DT,346,344,tablet,200mg,10.0,strip,189.0,False
3902,Atack 200mg Tablet DT,593,344,tablet,200mg,10.0,strip,189.0,False
3909,Alkacit Syrup,22,236,syrup,,100.0,bottle,49.5,False
3910,Anurab DSR Capsule,18,552,capsule,30mg,10.0,strip,80.0,False
3911,Anurab DSR Capsule,302,552,capsule,30mg,10.0,strip,80.0,False
3912,Anurab DSR Capsule,558,552,capsule,30mg,10.0,strip,80.0,False
3913,Aziom 500mg Tablet,2,553,tablet,500mg,3.0,strip,78.0,False
3914,Ashycloflam SP 100mg/325mg/15mg Tablet,16,417,tablet,100mg,10.0,strip,85.0,False
3915,Ashycloflam SP 100mg/325mg/15mg Tablet,23,417,tablet,100mg,10.0,strip,85.0,False
3918,Atorec Gold 20 Capsule,132,46,capsule,75mg,10.0,strip,64.8,False
3919,Atorec Gold 20 Capsule,1166,46,capsule,75mg,10.0,strip,64.8,False
3920,Atorec Gold 20 Capsule,1537,46,capsule,75mg,10.0,strip,64.8,False
3921,Atorec Gold 20 Capsule,1670,46,capsule,75mg,10.0,strip,64.8,False
3922,Amixide 5 Tablet,35,13,tablet,25mg,10.0,strip,34.0,False
3923,Amixide 5 Tablet,136,13,tablet,25mg,10.0,strip,34.0,False
3928,AB Liv 300mg Tablet,109,556,tablet,300mg,10.0,strip,390.0,False
3930,Amypres 25mg Tablet,35,557,tablet,25mg,10.0,strip,15.16,False
3931,Amypres 25mg Tablet,136,557,tablet,25mg,10.0,strip,15.16,False
3933,Amitar 10mg Tablet,35,376,tablet,10mg,10.0,strip,19.05,False
3934,Amitar 10mg Tablet,136,376,tablet,10mg,10.0,strip,19.05,False
3935,Apetone Syrup,419,240,syrup,,200.0,bottle,84.68,False
3936,Atocor Gold 75mg/10mg/10mg Capsule,132,7,capsule,75mg,10.0,strip,45.58,False
3937,Atocor Gold 75mg/10mg/10mg Capsule,1166,7,capsule,75mg,10.0,strip,45.58,False
3938,Atocor Gold 75mg/10mg/10mg Capsule,1537,7,capsule,75mg,10.0,strip,45.58,False
3939,Atocor Gold 75mg/10mg/10mg Capsule,1670,7,capsule,75mg,10.0,strip,45.58,False
3940,Amoxycillin 125mg Tablet,1,559,tablet,125mg,10.0,strip,12.1,False
3941,Alpred 4mg Tablet,420,134,tablet,4mg,10.0,strip,52.0,False
3942,Acuflam SP 100 mg/500 mg/15 mg Tablet,16,15,tablet,100mg,10.0,strip,6.18,False
3943,Acuflam SP 100 mg/500 mg/15 mg Tablet,23,15,tablet,100mg,10.0,strip,6.18,False
3946,Axl 500mg Tablet,1,40,tablet,500mg,6.0,strip,70.78,False
3947,Aptiz Syrup,48,561,syrup,2mg/5ml,200.0,bottle,86.0,False
3948,Activert 16mg Tablet,421,562,tablet,16mg,10.0,strip,75.0,False
3949,Azimax XL 200mg/5ml Dry Syrup,2,6,syrup,200mg/5ml,30.0,bottle,103.44,False
3950,Arbitel-CT 80 Tablet,83,24,tablet,80mg,10.0,strip,201.0,False
3951,Atoxim 200mg Tablet,183,563,tablet,200mg,10.0,strip,140.0,False
3952,Amset 5mg Tablet,20,116,tablet,5mg,10.0,strip,19.0,False
3953,Apexitra 100 Capsule,156,31,capsule,100mg,10.0,strip,131.9,False
3954,Alevo 750 Tablet,159,15,tablet,750mg,10.0,strip,135.83,False
3955,Alevo 750 Tablet,451,15,tablet,750mg,10.0,strip,135.83,False
3956,Aclovin-SP Tablet,16,564,tablet,100mg,10.0,strip,65.0,False
3957,Aclovin-SP Tablet,23,564,tablet,100mg,10.0,strip,65.0,False
3958,Apigrow Syrup,48,565,syrup,2mg,200.0,bottle,70.0,False
3959,Amypress 10mg Tablet,35,557,tablet,10mg,10.0,strip,18.0,False
3960,Amypress 10mg Tablet,136,557,tablet,10mg,10.0,strip,18.0,False
3961,Austomentin 625 Tablet,1,227,tablet,500mg,6.0,strip,160.0,False
3963,Asterab DSR Capsule,18,567,capsule,30mg,10.0,strip,63.9,False
3964,Asterab DSR Capsule,302,567,capsule,30mg,10.0,strip,63.9,False
3965,Asterab DSR Capsule,558,567,capsule,30mg,10.0,strip,63.9,False
3967,Azith 500mg Tablet,2,287,tablet,500mg,10.0,strip,228.93,False
3973,Alzex 0.25mg Tablet,15,154,tablet,0.25mg,10.0,strip,24.5,False
3974,Alzex 0.25mg Tablet,150,154,tablet,0.25mg,10.0,strip,24.5,False
3975,Alzex 0.25mg Tablet,1561,154,tablet,0.25mg,10.0,strip,24.5,False
3976,Alzex 0.25mg Tablet,1624,154,tablet,0.25mg,10.0,strip,24.5,False
3979,Apetiz Plus Syrup,48,349,syrup,2mg/5ml,200.0,bottle,120.0,False
3980,Augmin 625 Tablet,1,410,tablet,500mg,6.0,strip,113.3,False
3981,Abnex Forte 10mg/120mg/200mg Tablet,6,574,tablet,10mg,10.0,strip,230.0,False
3982,Abnex Forte 10mg/120mg/200mg Tablet,521,574,tablet,10mg,10.0,strip,230.0,False
3987,Atornet F 10mg/145mg Tablet,33,384,tablet,10mg,10.0,strip,108.0,False
3988,Atornet F 10mg/145mg Tablet,1502,384,tablet,10mg,10.0,strip,108.0,False
3989,Atornet F 10mg/145mg Tablet,1755,384,tablet,10mg,10.0,strip,108.0,False
3990,Amlod L 5 mg/5 mg Tablet,20,312,tablet,5mg,10.0,strip,37.88,False
3994,Acetate P 100mg/325mg Tablet,16,577,tablet,100mg,10.0,strip,380.0,False
3995,Acetate P 100mg/325mg Tablet,23,577,tablet,100mg,10.0,strip,380.0,False
3996,Atenex 25mg Tablet,79,21,tablet,25mg,14.0,strip,27.9,False
3997,Alerfri P Syrup,27,125,syrup,2mg,60.0,bottle,55.5,False
3998,Andol Injection,268,360,injection,50mg,1.0,ml,6.05,False
3999,Alertac-A Tablet,52,300,tablet,5mg,10.0,strip,29.0,False
4000,Azita 500mg Tablet,2,578,tablet,500mg,6.0,strip,104.74,False
4002,Amlox 250 Tablet DT,1,52,tablet,250mg,10.0,strip,31.0,False
4003,Abolish M Tablet,94,580,tablet,5mg,10.0,strip,105.0,False
4005,Ablife M 200mg/10mg Tablet,28,483,tablet,200mg,10.0,strip,150.0,False
4006,Ablife M 200mg/10mg Tablet,1297,483,tablet,200mg,10.0,strip,150.0,False
4007,Ablife M 200mg/10mg Tablet,1553,483,tablet,200mg,10.0,strip,150.0,False
4008,Actihair 5mg/5mg Tablet,424,52,tablet,5mg,10.0,strip,65.0,False
4009,Alkof Junior Syrup,8,15,syrup,5mg/5ml,60.0,bottle,61.0,False
4010,Alkof Junior Syrup,10,15,syrup,5mg/5ml,60.0,bottle,61.0,False
4011,Alkof Junior Syrup,301,15,syrup,5mg/5ml,60.0,bottle,61.0,False
4012,Alkof Junior Syrup,1251,15,syrup,5mg/5ml,60.0,bottle,61.0,False
4013,Alkof Junior Syrup,1508,15,syrup,5mg/5ml,60.0,bottle,61.0,False
4015,Aceros SP 100mg/325mg/15mg Tablet,16,583,tablet,100mg,10.0,strip,75.0,False
4016,Aceros SP 100mg/325mg/15mg Tablet,23,583,tablet,100mg,10.0,strip,75.0,False
4017,Azidac 500mg Tablet,2,584,tablet,500mg,10.0,strip,150.0,False
4018,Artiflo 2 Tablet,42,57,tablet,2mg,10.0,strip,125.45,False
4020,Acetamol P 100mg/325mg Tablet,16,585,tablet,100mg,10.0,strip,43.0,False
4021,Acetamol P 100mg/325mg Tablet,23,585,tablet,100mg,10.0,strip,43.0,False
4023,Amchek-Z Tablet,145,40,tablet,50mg,10.0,strip,121.0,False
4024,Atorfit 40 Tablet,33,49,tablet,40mg,15.0,strip,266.33,False
4025,Atorfit 40 Tablet,1502,49,tablet,40mg,15.0,strip,266.33,False
4026,Atorfit 40 Tablet,1755,49,tablet,40mg,15.0,strip,266.33,False
4027,Arirazo 5mg Tablet MD,91,156,tablet,5mg,10.0,strip,74.66,False
4028,Artacil 100mg/ml Injection,239,104,injection,100mg/ml,10.0,ml,487.95,False
4029,Aldase-D 50mg/10mg Tablet,247,174,tablet,50mg,10.0,strip,86.9,False
4030,Aldase-D 50mg/10mg Tablet,759,174,tablet,50mg,10.0,strip,86.9,False
4031,Aztreo 1gm Injection,205,21,injection,1gm,,,535.78,False
4032,Albid 400mg Tablet,13,65,tablet,400mg,1.0,strip,8.3,False
4033,Afen SP Tablet,16,586,tablet,100mg,10.0,strip,73.0,False
4034,Afen SP Tablet,23,586,tablet,100mg,10.0,strip,73.0,False
4035,ASP 100mg/325mg/15mg Tablet,16,587,tablet,100mg,10.0,strip,79.0,False
4036,ASP 100mg/325mg/15mg Tablet,23,587,tablet,100mg,10.0,strip,79.0,False
4038,Amipace 100 Tablet,266,19,tablet,100mg,10.0,strip,63.57,False
4039,Allerzine 10mg Tablet,52,242,tablet,10mg,10.0,strip,98.0,False
4041,Atecard 25 Tablet,79,2,tablet,25mg,14.0,strip,47.9,False
4042,Amleod 5mg Tablet,20,297,tablet,5mg,10.0,strip,24.46,False
4043,Add App 4mg Tablet,48,8,tablet,4mg,10.0,strip,11.45,False
4045,Ampilin 1gm Injection,53,143,injection,1gm,,,20.65,False
4046,Aurinorm 5 mg/2.5 mg Tablet,321,251,tablet,5mg,10.0,strip,36.8,False
4047,Azex 500mg Tablet,2,589,tablet,500mg,3.0,strip,63.0,False
4049,Abhope 50mg Injection,271,5,injection,50mg,,,4501.0,False
4051,Albekem 400mg Tablet,13,15,tablet,400mg,1.0,strip,10.52,False
4054,Alnacort 6mg Tablet,312,454,tablet,6mg,10.0,strip,105.0,False
4055,Astin CV 20 Capsule,33,24,capsule,20mg,10.0,strip,148.0,False
4056,Astin CV 20 Capsule,1502,24,capsule,20mg,10.0,strip,148.0,False
4057,Astin CV 20 Capsule,1755,24,capsule,20mg,10.0,strip,148.0,False
4058,Althrocin Forte 250mg Syrup,29,2,syrup,250mg,60.0,bottle,31.5,False
4063,Apgesic Tablet,16,377,tablet,100mg,10.0,strip,46.4,False
4064,Apgesic Tablet,23,377,tablet,100mg,10.0,strip,46.4,False
4066,Azcor 500mg Tablet,2,494,tablet,500mg,3.0,strip,64.95,False
4067,Azimax 100mg Tablet DT,2,6,tablet,100mg,3.0,strip,22.99,False
4068,Amtas Prp Tablet,20,25,tablet,5mg,10.0,strip,171.5,False
4069,Amloz 2.5 Tablet,20,166,tablet,2.5mg,30.0,units,61.82,False
4070,Aneket 50mg Injection,337,104,injection,50mg,5.0,ml,60.0,False
4073,Arophyll-M Tablet SR,28,171,tablet,200mg,10.0,strip,207.0,False
4074,Arophyll-M Tablet SR,1297,171,tablet,200mg,10.0,strip,207.0,False
4075,Arophyll-M Tablet SR,1553,171,tablet,200mg,10.0,strip,207.0,False
4077,Adilan 10 Tablet,260,74,tablet,10mg,10.0,strip,25.99,False
4078,Azure 500mg Tablet,2,593,tablet,500mg,3.0,strip,51.17,False
4080,Alidil M 5 mg/10 mg Tablet,94,154,tablet,5mg,10.0,strip,72.5,False
4082,Acemax P Tablet,16,209,tablet,,10.0,strip,8.93,False
4083,Acemax P Tablet,23,209,tablet,,10.0,strip,8.93,False
4086,Amipox-H Tablet,35,596,tablet,12.5mg,10.0,strip,38.5,False
4087,Amipox-H Tablet,136,596,tablet,12.5mg,10.0,strip,38.5,False
4088,Acegaba ME 300mg/500mcg Tablet,199,46,tablet,300mg,10.0,strip,180.75,False
4089,Acegaba ME 300mg/500mcg Tablet,284,46,tablet,300mg,10.0,strip,180.75,False
4090,Acegaba ME 300mg/500mcg Tablet,1122,46,tablet,300mg,10.0,strip,180.75,False
4091,Aclomet-XL 25 Tablet,280,49,tablet,23.75mg,10.0,strip,43.23,False
4092,Aclomet-XL 25 Tablet,826,49,tablet,23.75mg,10.0,strip,43.23,False
4093,Amitril Plus 12.5 mg/5 mg Tablet,35,198,tablet,12.5mg,10.0,strip,25.1,False
4094,Amitril Plus 12.5 mg/5 mg Tablet,136,198,tablet,12.5mg,10.0,strip,25.1,False
4095,Antigrain Tablet,106,373,tablet,100mg,10.0,strip,64.5,False
4096,Antigrain Tablet,267,373,tablet,100mg,10.0,strip,64.5,False
4097,Antigrain Tablet,323,373,tablet,100mg,10.0,strip,64.5,False
4105,Ambulax-ET Tablet,149,43,tablet,0.5mg,15.0,strip,108.5,False
4106,Ambulax-ET Tablet,689,43,tablet,0.5mg,15.0,strip,108.5,False
4109,Azobat 500mg Tablet,2,302,tablet,500mg,3.0,strip,59.58,False
4110,Alfuflo 10mg Tablet ER,24,597,tablet,10mg,10.0,strip,139.0,False
4111,Aclodoc PMR 100mg/325mg/250mg Tablet,16,50,tablet,100mg,10.0,strip,80.0,False
4112,Aclodoc PMR 100mg/325mg/250mg Tablet,23,50,tablet,100mg,10.0,strip,80.0,False
4113,Alerid-D Syrup,427,6,syrup,,100.0,bottle,26.0,False
4114,Alerid-D Syrup,931,6,syrup,,100.0,bottle,26.0,False
4115,Alphadopa L Tablet,428,97,tablet,100mg,10.0,strip,154.0,False
4116,Afitra 100 Capsule,156,506,capsule,100mg,4.0,strip,49.0,False
4118,Azital-LB 500 Tablet,2,599,tablet,500mg,3.0,strip,85.0,False
4119,Amicet Syrup,94,52,syrup,2.5mg/5ml,30.0,bottle,65.0,False
4120,Amitril 25mg Tablet,35,198,tablet,25mg,10.0,strip,16.8,False
4121,Amitril 25mg Tablet,136,198,tablet,25mg,10.0,strip,16.8,False
4122,Algaba M 750mcg/75mg Tablet,88,347,tablet,,10.0,strip,149.0,False
4123,Atorem 20mg Tablet,33,248,tablet,20mg,10.0,strip,93.23,False
4124,Atorem 20mg Tablet,1502,248,tablet,20mg,10.0,strip,93.23,False
4125,Atorem 20mg Tablet,1755,248,tablet,20mg,10.0,strip,93.23,False
4126,Azpar-SP Tablet,16,600,tablet,100mg,10.0,strip,85.0,False
4127,Azpar-SP Tablet,23,600,tablet,100mg,10.0,strip,85.0,False
4128,Amitax 250mg Injection,38,15,injection,250mg,,,33.5,False
4129,Alkof Syrup,52,15,syrup,2mg,450.0,bottle,27.73,False
4130,Aliclair 250mg Tablet,397,52,tablet,250mg,4.0,strip,122.7,False
4131,Amikamac 100mg Injection,38,33,injection,100mg,2.0,ml,23.0,False
4134,Ambulex M Tablet,15,281,tablet,0.25mg,15.0,strip,60.9,False
4135,Ambulex M Tablet,150,281,tablet,0.25mg,15.0,strip,60.9,False
4136,Ambulex M Tablet,1561,281,tablet,0.25mg,15.0,strip,60.9,False
4137,Ambulex M Tablet,1624,281,tablet,0.25mg,15.0,strip,60.9,False
4140,Azolet 50mg Tablet,40,373,tablet,50mg,10.0,strip,99.96,False
4141,Axn 500mg Tablet,1,603,tablet,500mg,10.0,strip,86.5,False
4142,Amoclave  DS  Syrup,1,604,syrup,400mg/5ml,30.0,bottle,66.0,False
4143,Atrovin Nasal Drops,347,374,drops,,10.0,bottle,28.1,False
4144,Augpen 300mg Injection,1,57,injection,250mg,5.0,ml,103.45,False
4145,Acecloder SP 100mg/325mg/15mg Tablet,16,605,tablet,100mg,10.0,strip,75.0,False
4146,Acecloder SP 100mg/325mg/15mg Tablet,23,605,tablet,100mg,10.0,strip,75.0,False
4147,Azid 250mg Tablet,2,606,tablet,250mg,6.0,strip,66.08,False
4148,Avert 16 Tablet,421,607,tablet,16mg,10.0,strip,125.59,False
4151,Ablu 50mg Tablet,429,104,tablet,50mg,10.0,strip,197.64,False
4154,Altonil LS 5 Tablet,93,53,tablet,5mg,10.0,strip,75.0,False
4155,Aim7 30mg/15mg/500mg Tablet XR,246,38,tablet,30mg,15.0,strip,129.23,False
4156,Aim7 30mg/15mg/500mg Tablet XR,353,38,tablet,30mg,15.0,strip,129.23,False
4157,Amucoe 200 SR Tablet,28,153,tablet,200mg,10.0,strip,171.0,False
4158,Amucoe 200 SR Tablet,1297,153,tablet,200mg,10.0,strip,171.0,False
4159,Amucoe 200 SR Tablet,1553,153,tablet,200mg,10.0,strip,171.0,False
4160,Alzam 0.5mg Tablet,15,609,tablet,0.5mg,10.0,strip,21.0,False
4161,Alzam 0.5mg Tablet,150,609,tablet,0.5mg,10.0,strip,21.0,False
4162,Alzam 0.5mg Tablet,1561,609,tablet,0.5mg,10.0,strip,21.0,False
4163,Alzam 0.5mg Tablet,1624,609,tablet,0.5mg,10.0,strip,21.0,False
4164,Afasma-SR Tablet,28,71,tablet,200mg,10.0,strip,119.0,False
4165,Afasma-SR Tablet,1297,71,tablet,200mg,10.0,strip,119.0,False
4166,Afasma-SR Tablet,1553,71,tablet,200mg,10.0,strip,119.0,False
4167,Axonorm Capsule,88,610,capsule,,10.0,strip,149.0,False
4172,Atrox 150mg Tablet,431,578,tablet,150mg,10.0,strip,65.0,False
4173,Atorsave Gold 75mg/10mg/75mg Capsule,132,38,capsule,75mg,10.0,strip,58.6,False
4174,Atorsave Gold 75mg/10mg/75mg Capsule,1166,38,capsule,75mg,10.0,strip,58.6,False
4175,Atorsave Gold 75mg/10mg/75mg Capsule,1537,38,capsule,75mg,10.0,strip,58.6,False
4176,Atorsave Gold 75mg/10mg/75mg Capsule,1670,38,capsule,75mg,10.0,strip,58.6,False
4177,Amul 50mg Tablet,222,612,tablet,50mg,10.0,strip,66.0,False
4178,Acenac S 100 mg/15 mg Tablet,16,29,tablet,100mg,10.0,strip,52.0,False
4179,Acenac S 100 mg/15 mg Tablet,23,29,tablet,100mg,10.0,strip,52.0,False
4183,Albutas 20% Injection,105,25,injection,20%,100.0,ml,4650.0,False
4185,Actibile 450 SR Tablet,109,21,tablet,450mg,10.0,strip,316.0,False
4188,Anshicet M 5mg/10mg Tablet,94,616,tablet,5mg,10.0,strip,108.5,False
4189,Allermed-M 5mg/10mg Tablet,94,617,tablet,5mg,10.0,strip,75.0,False
4193,Aquadol Spas Tablet,178,120,tablet,20mg,10.0,strip,27.0,False
4194,Aquadol Spas Tablet,291,120,tablet,20mg,10.0,strip,27.0,False
4195,Aquadol Spas Tablet,310,120,tablet,20mg,10.0,strip,27.0,False
4198,Azfex M 120mg/10mg Tablet,6,257,tablet,120mg,10.0,strip,119.9,False
4199,Azfex M 120mg/10mg Tablet,521,257,tablet,120mg,10.0,strip,119.9,False
4200,Aziwin 250 Tablet,2,213,tablet,250mg,6.0,strip,70.0,False
4201,Atorstin 10mg Tablet,33,49,tablet,10mg,10.0,strip,55.77,False
4202,Atorstin 10mg Tablet,1502,49,tablet,10mg,10.0,strip,55.77,False
4203,Atorstin 10mg Tablet,1755,49,tablet,10mg,10.0,strip,55.77,False
4204,Acynac P 100mg/500mg Tablet,16,619,tablet,100mg,10.0,strip,32.0,False
4205,Acynac P 100mg/500mg Tablet,23,619,tablet,100mg,10.0,strip,32.0,False
4206,Acetamol-SP Tablet,16,585,tablet,100mg,10.0,strip,78.0,False
4207,Acetamol-SP Tablet,23,585,tablet,100mg,10.0,strip,78.0,False
4208,Aspirose 10mg/75mg Capsule,166,478,capsule,10mg,10.0,strip,60.0,False
4209,Afinitor 10mg Tablet,376,84,tablet,10mg,10.0,strip,19882.43,False
4210,Alerta Injection,432,15,injection,1gm,5.0,ml,3200.0,False
4216,Altipod 200mg Tablet,346,11,tablet,200mg,10.0,strip,166.6,False
4217,Altipod 200mg Tablet,593,11,tablet,200mg,10.0,strip,166.6,False
4219,Adcyclo Tablet,433,368,tablet,50mg,10.0,strip,38.0,False
4220,Azilet 500mg Tablet,2,250,tablet,500mg,3.0,strip,62.55,False
4226,Amlong CT Tablet,20,24,tablet,5mg,10.0,strip,65.0,False
4227,Acipsor 10mg Capsule,127,237,capsule,10mg,10.0,strip,291.0,False
4229,Acloboot 100mg Tablet,16,515,tablet,100mg,10.0,strip,40.0,False
4230,Acloboot 100mg Tablet,23,515,tablet,100mg,10.0,strip,40.0,False
4232,Aztor Asp 150 Capsule,33,13,capsule,10mg,10.0,strip,26.98,False
4233,Aztor Asp 150 Capsule,1502,13,capsule,10mg,10.0,strip,26.98,False
4234,Aztor Asp 150 Capsule,1755,13,capsule,10mg,10.0,strip,26.98,False
4235,Aclofen MR Tablet,16,61,tablet,100mg,10.0,strip,18.06,False
4236,Aclofen MR Tablet,23,61,tablet,100mg,10.0,strip,18.06,False
4240,Atenopress AT 5mg/50mg Tablet,20,35,tablet,5mg,14.0,strip,74.5,False
4241,Azimax XL 100mg/5ml Dry Syrup,2,6,syrup,100mg/5ml,30.0,bottle,69.57,False
4242,Acebloc P 100 mg/500 mg Tablet,16,35,tablet,100mg,10.0,strip,29.0,False
4243,Acebloc P 100 mg/500 mg Tablet,23,35,tablet,100mg,10.0,strip,29.0,False
4244,ATM XL 200mg/5ml Syrup,2,40,syrup,200mg/5ml,30.0,bottle,114.91,False
4247,Acegaba 400mg Tablet,199,156,tablet,400mg,10.0,strip,220.5,False
4248,Acegaba 400mg Tablet,284,156,tablet,400mg,10.0,strip,220.5,False
4249,Acegaba 400mg Tablet,1122,156,tablet,400mg,10.0,strip,220.5,False
4250,Amlovas S 2.5mg Tablet,85,33,tablet,2.5mg,10.0,strip,22.5,False
4251,Ambril Syrup,3,158,syrup,30mg/5ml,100.0,bottle,34.3,False
4252,Ambril Syrup,49,158,syrup,30mg/5ml,100.0,bottle,34.3,False
4253,Ambril Syrup,73,158,syrup,30mg/5ml,100.0,bottle,34.3,False
4254,Ambril Syrup,743,158,syrup,30mg/5ml,100.0,bottle,34.3,False
4258,Alerfri CC 2 mg/500 mg/10 mg Tablet,27,125,tablet,2mg,10.0,strip,46.5,False
4259,Almetfor 500mg Tablet,144,15,tablet,500mg,20.0,strip,26.84,False
4260,Alfence Tablet,437,13,tablet,10mg,10.0,strip,450.0,False
4261,Asozyme Syrup,370,623,syrup,0.55gm,200.0,bottle,47.5,False
4262,Amoxy Bill-LB 625 Tablet,1,624,tablet,500mg,10.0,strip,261.7,False
4266,Asprito 10 Tablet,91,25,tablet,10mg,15.0,strip,234.0,False
4267,Acijen-SP Tablet,16,626,tablet,100mg,10.0,strip,120.0,False
4268,Acijen-SP Tablet,23,626,tablet,100mg,10.0,strip,120.0,False
4273,Aldol Tablet,247,628,tablet,50mg,10.0,strip,14.0,False
4274,Aldol Tablet,759,628,tablet,50mg,10.0,strip,14.0,False
4275,Acemol SP 100mg/325mg/15mg Tablet,16,629,tablet,100mg,10.0,strip,93.0,False
4276,Acemol SP 100mg/325mg/15mg Tablet,23,629,tablet,100mg,10.0,strip,93.0,False
4277,Alervo M 5mg/10mg Tablet,94,505,tablet,5mg,10.0,strip,79.9,False
4278,Ampilox CV DDS Syrup,1,35,syrup,400mg/5ml,30.0,bottle,138.35,False
4279,Accetiz 100 mg/2 mg Tablet,16,275,tablet,100mg,10.0,strip,40.0,False
4280,Accetiz 100 mg/2 mg Tablet,23,275,tablet,100mg,10.0,strip,40.0,False
4286,Ampilox-LB Capsule,53,35,capsule,250mg,15.0,strip,153.65,False
4290,Afanat 20 Tablet,394,56,tablet,20mg,28.0,units,3100.0,False
4295,ALCON Oral Drops,27,635,drops,,15.0,ml,72.35,False
4296,Acip-MR Tablet,16,457,tablet,100mg,10.0,strip,72.0,False
4297,Acip-MR Tablet,23,457,tablet,100mg,10.0,strip,72.0,False
4298,Advastat 20 Tablet,166,190,tablet,20mg,10.0,strip,252.0,False
4300,Aphexine O 200mg/200mg Tablet,183,49,tablet,200mg,10.0,strip,110.4,False
4301,Aceked-SP Tablet,16,637,tablet,100mg,10.0,strip,85.0,False
4302,Aceked-SP Tablet,23,637,tablet,100mg,10.0,strip,85.0,False
4305,Atorsave EZ 10 Tablet,33,38,tablet,10mg,10.0,strip,161.05,False
4306,Atorsave EZ 10 Tablet,1502,38,tablet,10mg,10.0,strip,161.05,False
4307,Atorsave EZ 10 Tablet,1755,38,tablet,10mg,10.0,strip,161.05,False
4308,Afenak Plus MR Tablet,16,13,tablet,,10.0,strip,20.0,False
4309,Afenak Plus MR Tablet,23,13,tablet,,10.0,strip,20.0,False
4311,Acidcure Syrup,245,638,syrup,480mg,170.0,bottle,60.0,False
4314,Algat Eye Drop,384,15,drops,400mg,10.0,ml,10.62,False
4315,Algat Eye Drop,515,15,drops,400mg,10.0,ml,10.62,False
4321,Azolam 0.5mg Tablet,15,338,tablet,0.5mg,10.0,strip,20.6,False
4322,Azolam 0.5mg Tablet,150,338,tablet,0.5mg,10.0,strip,20.6,False
4323,Azolam 0.5mg Tablet,1561,338,tablet,0.5mg,10.0,strip,20.6,False
4324,Azolam 0.5mg Tablet,1624,338,tablet,0.5mg,10.0,strip,20.6,False
4326,Almocef 200mg Tablet,183,96,tablet,200mg,10.0,strip,106.0,False
4327,Amlopen 5mg Tablet,20,50,tablet,5mg,10.0,strip,15.0,False
4328,Algesia 200mg Tablet SR,16,33,tablet,200mg,10.0,strip,36.0,False
4329,Algesia 200mg Tablet SR,23,33,tablet,200mg,10.0,strip,36.0,False
4330,Acedol Plus 100mg/325mg Tablet,16,641,tablet,100mg,10.0,strip,54.0,False
4331,Acedol Plus 100mg/325mg Tablet,23,641,tablet,100mg,10.0,strip,54.0,False
4332,Azilura 40 Tablet,146,248,tablet,40mg,10.0,strip,79.27,False
4340,Azibact 500mg Tablet,2,48,tablet,500mg,6.0,strip,116.7,False
4341,Asomex-OH Tablet,439,46,tablet,20mg,10.0,strip,172.05,False
4342,Asomex-OH Tablet,696,46,tablet,20mg,10.0,strip,172.05,False
4343,Aztrone 1gm Injection,205,104,injection,1gm,,,717.0,False
4344,Alfagaba NT 300 mg/10 mg Tablet,199,230,tablet,300mg,10.0,strip,186.0,False
4345,Alfagaba NT 300 mg/10 mg Tablet,284,230,tablet,300mg,10.0,strip,186.0,False
4346,Alfagaba NT 300 mg/10 mg Tablet,1122,230,tablet,300mg,10.0,strip,186.0,False
4347,Apipro Syrup,48,490,syrup,2mg,100.0,bottle,36.0,False
4348,Amitreat 10mg Tablet,35,645,tablet,10mg,10.0,strip,22.4,False
4349,Amitreat 10mg Tablet,136,645,tablet,10mg,10.0,strip,22.4,False
4350,Avocort 6mg Tablet,312,646,tablet,6mg,10.0,strip,89.0,False
4351,Alenost 70mg Tablet,114,33,tablet,70mg,4.0,strip,100.83,False
4353,Arifix 200mg Tablet DT,183,648,tablet,200mg,10.0,strip,99.0,False
4359,Amidep 25mg Tablet,35,652,tablet,25mg,10.0,strip,8.5,False
4360,Amidep 25mg Tablet,136,652,tablet,25mg,10.0,strip,8.5,False
4361,Acer P 100mg/325mg Tablet,16,653,tablet,100mg,10.0,strip,35.0,False
4362,Acer P 100mg/325mg Tablet,23,653,tablet,100mg,10.0,strip,35.0,False
4364,Aldo 2.5mg Tablet,20,65,tablet,2.5mg,10.0,strip,19.85,False
4365,Aquamide 20 mg/50 mg Tablet,54,13,tablet,20mg,10.0,strip,26.82,False
4368,Acenac Plus 100mg/325mg Tablet,16,584,tablet,100mg,10.0,strip,50.0,False
4369,Acenac Plus 100mg/325mg Tablet,23,584,tablet,100mg,10.0,strip,50.0,False
4379,Almocef O 200 mg/200 mg Tablet,183,96,tablet,200mg,10.0,strip,155.0,False
4383,Allercet 5mg/5ml Syrup,52,24,syrup,5mg/5ml,60.0,bottle,43.68,False
4384,Atrmin 250mg Capsule,299,657,capsule,250mg,10.0,strip,157.5,False
4385,Acetal 100mg Tablet,16,658,tablet,100mg,10.0,strip,12.0,False
4386,Acetal 100mg Tablet,23,658,tablet,100mg,10.0,strip,12.0,False
4387,Agufast-CV 625 Tablet,1,659,tablet,500mg,6.0,strip,125.0,False
4388,Apriglim-MV 203 Tablet SR,41,254,tablet,2mg,10.0,strip,142.44,False
4390,Aclog-SP Tablet,16,660,tablet,100mg,10.0,strip,79.0,False
4391,Aclog-SP Tablet,23,660,tablet,100mg,10.0,strip,79.0,False
4394,Aziforce 500mg Tablet,2,207,tablet,500mg,3.0,strip,61.15,False
4395,Activa Plus Tablet,247,21,tablet,,10.0,strip,29.56,False
4396,Activa Plus Tablet,759,21,tablet,,10.0,strip,29.56,False
4398,Alercet L 5mg Tablet,94,663,tablet,5mg,10.0,strip,56.0,False
4403,Ambcet 5 mg/60 mg Tablet,52,246,tablet,5mg,10.0,strip,59.0,False
4405,Amtiva AT 5mg/50mg Tablet,20,667,tablet,5mg,10.0,strip,37.0,False
4408,Amitrip 10mg Tablet,35,324,tablet,10mg,10.0,strip,24.08,False
4409,Amitrip 10mg Tablet,136,324,tablet,10mg,10.0,strip,24.08,False
4410,Alwax Ear Drop,31,134,drops,,10.0,ml,48.0,False
4411,Alwax Ear Drop,174,134,drops,,10.0,ml,48.0,False
4412,Acceclowoc MR 100 mg/500 mg/250 mg Tablet,16,97,tablet,100mg,10.0,strip,49.25,False
4413,Acceclowoc MR 100 mg/500 mg/250 mg Tablet,23,97,tablet,100mg,10.0,strip,49.25,False
4417,Azam 500mg Tablet,2,670,tablet,500mg,3.0,strip,67.0,False
4418,Artagen 250mg Tablet,297,13,tablet,250mg,10.0,strip,34.5,False
4419,Artagen 250mg Tablet,1240,13,tablet,250mg,10.0,strip,34.5,False
4420,Artagen 250mg Tablet,1520,13,tablet,250mg,10.0,strip,34.5,False
4423,Anxifly Tablet,175,671,tablet,0.5mg,10.0,strip,96.0,False
4424,Anxifly Tablet,179,671,tablet,0.5mg,10.0,strip,96.0,False
4426,Alock E TH 60mg/4mg Tablet,441,672,tablet,60mg,10.0,strip,204.0,False
4427,Alock E TH 60mg/4mg Tablet,506,672,tablet,60mg,10.0,strip,204.0,False
4428,Angiflam SP 100mg/325mg/15mg Tablet,16,673,tablet,100mg,10.0,strip,75.4,False
4429,Angiflam SP 100mg/325mg/15mg Tablet,23,673,tablet,100mg,10.0,strip,75.4,False
4430,Ambulax-HD Tablet,15,43,tablet,0.125mg,15.0,strip,81.0,False
4431,Ambulax-HD Tablet,150,43,tablet,0.125mg,15.0,strip,81.0,False
4432,Ambulax-HD Tablet,1561,43,tablet,0.125mg,15.0,strip,81.0,False
4433,Ambulax-HD Tablet,1624,43,tablet,0.125mg,15.0,strip,81.0,False
4435,Ark 100mg Tablet SR,247,31,tablet,100mg,10.0,strip,62.6,False
4436,Ark 100mg Tablet SR,759,31,tablet,100mg,10.0,strip,62.6,False
4442,Artacil 50mg Injection,239,104,injection,50mg,5.0,ml,130.0,False
4443,Aclonac-SP Tablet,16,677,tablet,100mg,10.0,strip,78.0,False
4444,Aclonac-SP Tablet,23,677,tablet,100mg,10.0,strip,78.0,False
4446,Asvs Injection,442,28,injection,10ml,10.0,ml,588.67,False
4448,Axicef 500mg Tablet,147,678,tablet,500mg,6.0,strip,472.27,False
4449,Anace-SP Tablet,16,679,tablet,,10.0,strip,95.0,False
4450,Anace-SP Tablet,23,679,tablet,,10.0,strip,95.0,False
4451,Ampine 5mg Tablet,20,680,tablet,5mg,10.0,strip,15.56,False
4455,Alphacin 500mg Tablet,147,367,tablet,500mg,6.0,strip,300.0,False
4456,Aceclan Plus 100mg/500mg Tablet,16,603,tablet,100mg,10.0,strip,42.25,False
4457,Aceclan Plus 100mg/500mg Tablet,23,603,tablet,100mg,10.0,strip,42.25,False
4458,Asarab-DSR Capsule,18,682,capsule,30mg,10.0,strip,87.0,False
4459,Asarab-DSR Capsule,302,682,capsule,30mg,10.0,strip,87.0,False
4460,Asarab-DSR Capsule,558,682,capsule,30mg,10.0,strip,87.0,False
4462,Acemiz Fast 100mg/4mg Tablet,16,19,tablet,100mg,10.0,strip,105.7,False
4463,Acemiz Fast 100mg/4mg Tablet,23,19,tablet,100mg,10.0,strip,105.7,False
4464,Anzipan-DSR Capsule,18,683,capsule,30mg,10.0,strip,69.0,False
4465,Anzipan-DSR Capsule,302,683,capsule,30mg,10.0,strip,69.0,False
4466,Anzipan-DSR Capsule,558,683,capsule,30mg,10.0,strip,69.0,False
4467,Asonac 100mg Tablet,16,287,tablet,100mg,10.0,strip,25.0,False
4468,Asonac 100mg Tablet,23,287,tablet,100mg,10.0,strip,25.0,False
4469,Acytine Tablet,438,360,tablet,600mg,10.0,strip,159.0,False
4470,Amcold Syrup,52,6,syrup,5mg/5ml,100.0,bottle,48.0,False
4471,Actorise 100 Injection,283,6,injection,,5.0,ml,6655.0,False
4472,Amlodac-H Tablet,20,21,tablet,5mg,10.0,strip,63.4,False
4473,Aritomycin 500mg Tablet,29,8,tablet,500mg,10.0,strip,51.75,False
4474,Acegesic 100 mg/325 mg Tablet,16,11,tablet,100mg,10.0,strip,38.0,False
4475,Acegesic 100 mg/325 mg Tablet,23,11,tablet,100mg,10.0,strip,38.0,False
4476,Akurit Z Kid  Tablet,36,19,tablet,60mg,6.0,strip,10.8,False
4479,Acarcip 50 Tablet,385,6,tablet,50mg,10.0,strip,85.0,False
4480,Acarcip 50 Tablet,721,6,tablet,50mg,10.0,strip,85.0,False
4482,Alt-FM Tablet,6,40,tablet,10mg,10.0,strip,169.4,False
4483,Alt-FM Tablet,521,40,tablet,10mg,10.0,strip,169.4,False
4484,Acarcip 25 Tablet,385,6,tablet,25mg,10.0,strip,55.0,False
4485,Acarcip 25 Tablet,721,6,tablet,25mg,10.0,strip,55.0,False
4486,Agical-SG Softgel Capsule,393,61,capsule,,,,204.3,False
4487,Askof-LS Syrup,3,686,syrup,30mg/5ml,100.0,bottle,75.0,False
4488,Askof-LS Syrup,49,686,syrup,30mg/5ml,100.0,bottle,75.0,False
4489,Askof-LS Syrup,73,686,syrup,30mg/5ml,100.0,bottle,75.0,False
4490,Askof-LS Syrup,743,686,syrup,30mg/5ml,100.0,bottle,75.0,False
4491,Androz 25mg Tablet,77,11,tablet,25mg,10.0,strip,121.0,False
4495,Aziclass 100mg Syrup,2,31,syrup,100mg,30.0,bottle,63.18,False
4496,Acecloflam 100 mg/325 mg/250 mg Tablet,16,297,tablet,100mg,10.0,strip,75.0,False
4497,Acecloflam 100 mg/325 mg/250 mg Tablet,23,297,tablet,100mg,10.0,strip,75.0,False
4498,Amlod 5mg Tablet,20,312,tablet,5mg,10.0,strip,12.31,False
4499,Avanep Eye Drop,164,2,drops,,5.0,ml,163.4,False
4500,Acdof 40mg Injection,281,15,injection,40mg,,,41.23,False
4501,Acdof 40mg Injection,1077,15,injection,40mg,,,41.23,False
4504,Aceclowal MR 100mg/325mg/250mg Tablet,16,105,tablet,100mg,10.0,strip,75.0,False
4505,Aceclowal MR 100mg/325mg/250mg Tablet,23,105,tablet,100mg,10.0,strip,75.0,False
4506,Afogatran 75mg Capsule,251,11,capsule,75mg,10.0,strip,265.3,False
4509,Ahabir Tablet,231,143,tablet,250mg,120.0,units,30000.0,False
4510,Aricof-D Syrup,8,648,syrup,5mg,100.0,bottle,60.0,False
4511,Aricof-D Syrup,10,648,syrup,5mg,100.0,bottle,60.0,False
4512,Aricof-D Syrup,301,648,syrup,5mg,100.0,bottle,60.0,False
4513,Aricof-D Syrup,1251,648,syrup,5mg,100.0,bottle,60.0,False
4514,Aricof-D Syrup,1508,648,syrup,5mg,100.0,bottle,60.0,False
4516,Acmacal 333mg Tablet,100,557,tablet,333mg,10.0,strip,99.21,False
4520,Acrimol Tablet,16,455,tablet,100mg,10.0,strip,32.0,False
4521,Acrimol Tablet,23,455,tablet,100mg,10.0,strip,32.0,False
4522,Azicof Syrup,8,692,syrup,5mg/5ml,100.0,bottle,85.0,False
4523,Azicof Syrup,10,692,syrup,5mg/5ml,100.0,bottle,85.0,False
4524,Azicof Syrup,301,692,syrup,5mg/5ml,100.0,bottle,85.0,False
4525,Azicof Syrup,1251,692,syrup,5mg/5ml,100.0,bottle,85.0,False
4526,Azicof Syrup,1508,692,syrup,5mg/5ml,100.0,bottle,85.0,False
4527,Alceff 500mg Capsule,443,15,capsule,500mg,10.0,strip,32.5,False
4528,Amlokem AT 5 mg/50 mg Tablet,20,15,tablet,5mg,14.0,strip,84.0,False
4529,Acezit-P Tablet,16,693,tablet,100mg,10.0,strip,35.0,False
4530,Acezit-P Tablet,23,693,tablet,100mg,10.0,strip,35.0,False
4531,Alprax 1.5mg Tablet SR,15,11,tablet,1.5mg,10.0,strip,51.1,False
4532,Alprax 1.5mg Tablet SR,150,11,tablet,1.5mg,10.0,strip,51.1,False
4533,Alprax 1.5mg Tablet SR,1561,11,tablet,1.5mg,10.0,strip,51.1,False
4534,Alprax 1.5mg Tablet SR,1624,11,tablet,1.5mg,10.0,strip,51.1,False
4535,Alcinac-PG Forte Tablet SR,16,52,tablet,200mg,10.0,strip,195.0,False
4536,Alcinac-PG Forte Tablet SR,23,52,tablet,200mg,10.0,strip,195.0,False
4537,Arigaba 300 Tablet,199,156,tablet,300mg,10.0,strip,215.21,False
4538,Arigaba 300 Tablet,284,156,tablet,300mg,10.0,strip,215.21,False
4539,Arigaba 300 Tablet,1122,156,tablet,300mg,10.0,strip,215.21,False
4540,Abituss DX Syrup,8,694,syrup,5mg,100.0,bottle,60.0,False
4541,Abituss DX Syrup,10,694,syrup,5mg,100.0,bottle,60.0,False
4542,Abituss DX Syrup,301,694,syrup,5mg,100.0,bottle,60.0,False
4543,Abituss DX Syrup,1251,694,syrup,5mg,100.0,bottle,60.0,False
4544,Abituss DX Syrup,1508,694,syrup,5mg,100.0,bottle,60.0,False
4545,Atcor 20mg Tablet,33,1,tablet,20mg,10.0,strip,81.93,False
4546,Atcor 20mg Tablet,1502,1,tablet,20mg,10.0,strip,81.93,False
4547,Atcor 20mg Tablet,1755,1,tablet,20mg,10.0,strip,81.93,False
4548,Aroside D Tablet,235,505,tablet,48mg,10.0,strip,239.0,False
4549,AP-Fast Syrup,48,377,syrup,2mg,200.0,bottle,86.4,False
4550,Aroff Plus Tablet,16,11,tablet,100mg,10.0,strip,49.4,False
4551,Aroff Plus Tablet,23,11,tablet,100mg,10.0,strip,49.4,False
4552,Azivista 250mg Tablet,2,8,tablet,250mg,6.0,strip,71.07,False
4559,Albocef 250 Tablet,147,637,tablet,250mg,10.0,strip,250.0,False
4560,Azijet 500 Tablet,2,227,tablet,500mg,3.0,strip,65.0,False
4561,Acidip S Syrup,245,697,syrup,480mg,200.0,bottle,85.0,False
4562,Alora 0.5mg Tablet,15,65,tablet,0.5mg,10.0,strip,22.65,False
4563,Alora 0.5mg Tablet,150,65,tablet,0.5mg,10.0,strip,22.65,False
4564,Alora 0.5mg Tablet,1561,65,tablet,0.5mg,10.0,strip,22.65,False
4565,Alora 0.5mg Tablet,1624,65,tablet,0.5mg,10.0,strip,22.65,False
4566,Atorica 10 Tablet,33,254,tablet,10mg,10.0,strip,57.17,False
4567,Atorica 10 Tablet,1502,254,tablet,10mg,10.0,strip,57.17,False
4568,Atorica 10 Tablet,1755,254,tablet,10mg,10.0,strip,57.17,False
4569,Atril 10mg Tablet,355,513,tablet,10mg,10.0,strip,79.0,False
4570,Azarid 50mg Tablet,40,324,tablet,50mg,10.0,strip,111.32,False
4574,Acsent Forte Tablet,16,698,tablet,100mg,10.0,strip,75.0,False
4575,Acsent Forte Tablet,23,698,tablet,100mg,10.0,strip,75.0,False
4580,Ambrolite S-SF Syrup Sugar Free,3,34,syrup,30mg/5ml,100.0,bottle,107.5,False
4581,Ambrolite S-SF Syrup Sugar Free,49,34,syrup,30mg/5ml,100.0,bottle,107.5,False
4582,Ambrolite S-SF Syrup Sugar Free,73,34,syrup,30mg/5ml,100.0,bottle,107.5,False
4583,Ambrolite S-SF Syrup Sugar Free,743,34,syrup,30mg/5ml,100.0,bottle,107.5,False
4584,Arthocare 250mg/200mg Capsule,315,700,capsule,250mg,10.0,strip,90.0,False
4585,Aclotil 75mg Tablet,444,213,tablet,75mg,10.0,strip,37.95,False
4587,Azincure 500 Tablet,2,702,tablet,500mg,3.0,strip,65.0,False
4588,Anafranil 10mg Tablet,300,84,tablet,10mg,10.0,strip,16.6,False
4589,Atacurium 50mg Injection,239,120,injection,50mg,5.0,ml,266.34,False
4590,Aldecef 200mg Tablet,346,478,tablet,200mg,10.0,strip,159.3,False
4591,Aldecef 200mg Tablet,593,478,tablet,200mg,10.0,strip,159.3,False
4594,Abura 500 Tablet,231,248,tablet,500mg,60.0,units,17000.0,False
4597,Aztric CT 12.5 Tablet,146,25,tablet,40mg,10.0,strip,155.0,False
4598,Amlopen AT 5 mg/50 mg Tablet,20,50,tablet,5mg,10.0,strip,77.75,False
4599,Alocet 5mg/5ml Syrup,52,359,syrup,5mg/5ml,60.0,bottle,39.0,False
4600,Arimip 25mg Tablet,300,156,tablet,25mg,10.0,strip,62.26,False
4603,Alinfec 500mg Injection,38,5,injection,500mg,2.0,ml,58.0,False
4607,Actizer Syrup,48,544,syrup,2mg/5ml,200.0,bottle,75.0,False
4610,Altime CF Jr Syrup,285,188,syrup,0.75mg/5ml,60.0,bottle,71.5,False
4611,Aclopride SP 100 mg/500 mg/15 mg Tablet,16,394,tablet,100mg,10.0,strip,66.21,False
4612,Aclopride SP 100 mg/500 mg/15 mg Tablet,23,394,tablet,100mg,10.0,strip,66.21,False
4613,Atorica 80mg Tablet,33,254,tablet,80mg,10.0,strip,232.0,False
4614,Atorica 80mg Tablet,1502,254,tablet,80mg,10.0,strip,232.0,False
4615,Atorica 80mg Tablet,1755,254,tablet,80mg,10.0,strip,232.0,False
4616,Acifact SP Tablet,16,707,tablet,100mg,10.0,strip,130.0,False
4617,Acifact SP Tablet,23,707,tablet,100mg,10.0,strip,130.0,False
4618,Azysafe 100mg/5ml Syrup,2,89,syrup,100mg/5ml,15.0,bottle,26.9,False
4620,Astodol-SP Tablet,16,708,tablet,100mg,10.0,strip,78.0,False
4621,Astodol-SP Tablet,23,708,tablet,100mg,10.0,strip,78.0,False
4622,Atarise 10mg Tablet,7,364,tablet,10mg,15.0,strip,40.0,False
4623,Alnex NT 75mg/10mg Tablet,151,2,tablet,75mg,10.0,strip,186.9,False
4624,Advacan 0.25mg Tablet,376,219,tablet,0.25mg,10.0,strip,531.0,False
4625,Alerfri Oral Drops,27,125,drops,2.5mg,15.0,ml,57.0,False
4628,Alphaday Tablet,142,302,tablet,,10.0,strip,399.0,False
4629,Ameto-G2 Tablet PR,41,347,tablet,2mg,15.0,strip,144.0,False
4630,Aceclobest Plus 100mg/325mg Tablet,16,428,tablet,100mg,10.0,strip,60.23,False
4631,Aceclobest Plus 100mg/325mg Tablet,23,428,tablet,100mg,10.0,strip,60.23,False
4633,Atpark 25 Tablet,79,14,tablet,25mg,14.0,strip,41.0,False
4634,Acugesic 50mg Injection,445,710,injection,50mg,2.0,ml,24.68,False
4635,Acugesic 50mg Injection,447,710,injection,50mg,2.0,ml,24.68,False
4636,Audisol Ear Drop,446,108,drops,,10.0,ml,46.5,False
4640,Ambrovin LS Syrup,3,713,syrup,30mg/5ml,100.0,bottle,91.0,False
4641,Ambrovin LS Syrup,49,713,syrup,30mg/5ml,100.0,bottle,91.0,False
4642,Ambrovin LS Syrup,73,713,syrup,30mg/5ml,100.0,bottle,91.0,False
4643,Ambrovin LS Syrup,743,713,syrup,30mg/5ml,100.0,bottle,91.0,False
4644,Azilta 8 Tablet,196,16,tablet,8mg,10.0,strip,90.0,False
4647,Advin Tablet,445,715,tablet,37.5mg,10.0,strip,80.0,False
4648,Advin Tablet,447,715,tablet,37.5mg,10.0,strip,80.0,False
4649,Akroz Tablet,166,384,tablet,5mg,10.0,strip,82.0,False
4650,Alpra 0.5mg Tablet,15,716,tablet,0.5mg,10.0,strip,18.9,False
4651,Alpra 0.5mg Tablet,150,716,tablet,0.5mg,10.0,strip,18.9,False
4652,Alpra 0.5mg Tablet,1561,716,tablet,0.5mg,10.0,strip,18.9,False
4653,Alpra 0.5mg Tablet,1624,716,tablet,0.5mg,10.0,strip,18.9,False
4658,Azicare 250mg Tablet,2,344,tablet,250mg,6.0,strip,79.68,False
4660,Admoxy CV 625 Tablet,1,617,tablet,500mg,10.0,strip,183.0,False
4662,Aliclair 500mg Tablet,397,52,tablet,500mg,4.0,strip,207.5,False
4666,Admol 250 DT Tablet,60,340,tablet,250mg,10.0,strip,25.0,False
4667,Admol 250 DT Tablet,764,340,tablet,250mg,10.0,strip,25.0,False
4669,Acefen 100 mg/125 mg Tablet,259,119,tablet,100mg,10.0,strip,29.0,False
4670,Acefen 100 mg/125 mg Tablet,362,119,tablet,100mg,10.0,strip,29.0,False
4672,Alcipro 250mg Tablet,118,15,tablet,250mg,10.0,strip,23.28,False
4674,Altime LS Syrup,3,188,syrup,15mg/5ml,100.0,bottle,85.0,False
4675,Altime LS Syrup,49,188,syrup,15mg/5ml,100.0,bottle,85.0,False
4676,Altime LS Syrup,73,188,syrup,15mg/5ml,100.0,bottle,85.0,False
4677,Altime LS Syrup,743,188,syrup,15mg/5ml,100.0,bottle,85.0,False
4678,Alercid M Tablet,94,721,tablet,5mg,10.0,strip,108.0,False
4679,Alkepin Odt 200 Tablet,273,15,tablet,200mg,10.0,strip,230.0,False
4682,Alka C Syrup,22,722,syrup,1.38gm,100.0,bottle,61.0,False
4683,Arkocet 5 Tablet,94,723,tablet,5mg,10.0,strip,36.0,False
4687,Azispan 500mg Tablet,2,462,tablet,500mg,3.0,strip,64.5,False
4689,Azibact L 500 mg/500 mg Tablet,159,48,tablet,500mg,5.0,strip,119.03,False
4690,Azibact L 500 mg/500 mg Tablet,451,48,tablet,500mg,5.0,strip,119.03,False
4691,Axocilin CV 625 Tablet,1,727,tablet,500mg,6.0,strip,156.0,False
4692,Abicet-M Tablet,94,194,tablet,5mg,10.0,strip,110.0,False
4693,Atorastin 20mg Tablet,33,130,tablet,20mg,10.0,strip,9.0,False
4694,Atorastin 20mg Tablet,1502,130,tablet,20mg,10.0,strip,9.0,False
4695,Atorastin 20mg Tablet,1755,130,tablet,20mg,10.0,strip,9.0,False
4697,Adglim M 1mg/500mg Tablet,41,497,tablet,1mg,10.0,strip,48.95,False
4698,Amoline-AT Tablet,20,130,tablet,5mg,10.0,strip,8.0,False
4699,Albicet M 5mg/10mg Tablet,94,728,tablet,5mg,10.0,strip,85.0,False
4701,Amokav Duo Dry Syrup,1,340,syrup,400mg/5ml,30.0,bottle,120.0,False
4702,Atoder 10mg Tablet,33,26,tablet,10mg,10.0,strip,45.0,False
4703,Atoder 10mg Tablet,1502,26,tablet,10mg,10.0,strip,45.0,False
4704,Atoder 10mg Tablet,1755,26,tablet,10mg,10.0,strip,45.0,False
4705,Amcet 5mg Tablet,94,730,tablet,5mg,10.0,strip,35.0,False
4709,Actiheal Tablet,249,33,tablet,90mg,15.0,strip,338.0,False
4710,Actiheal Tablet,803,33,tablet,90mg,15.0,strip,338.0,False
4711,Alphacept 4 Tablet,216,19,tablet,4mg,15.0,strip,244.5,False
4713,AC Sera 100 mg/325 mg/15 mg Tablet,16,333,tablet,100mg,10.0,strip,82.0,False
4714,AC Sera 100 mg/325 mg/15 mg Tablet,23,333,tablet,100mg,10.0,strip,82.0,False
4715,Apriglim-M1 Tablet PR,41,254,tablet,1mg,10.0,strip,62.7,False
4716,Apel G 2 mg/275 mg Syrup,48,732,syrup,2mg,200.0,bottle,59.98,False
4719,Anleo-D Tablet,18,149,tablet,10mg,10.0,strip,90.01,False
4720,Anleo-D Tablet,302,149,tablet,10mg,10.0,strip,90.01,False
4721,Anleo-D Tablet,558,149,tablet,10mg,10.0,strip,90.01,False
4722,Azukon Tablet,246,11,tablet,80mg,10.0,strip,85.9,False
4723,Azukon Tablet,353,11,tablet,80mg,10.0,strip,85.9,False
4724,Amlode 5 Tablet,20,734,tablet,5mg,10.0,strip,25.53,False
4725,Amlong-H Tablet,20,24,tablet,5mg,10.0,strip,76.65,False
4726,Arvast-A 150 Capsule,166,25,capsule,10mg,10.0,strip,70.5,False
4727,Aminophylin Injection,191,21,injection,,1.0,ml,16.4,False
4728,Azitec 500mg Tablet,2,267,tablet,500mg,3.0,strip,58.0,False
4729,Aclizac 75mg Tablet,444,49,tablet,75mg,10.0,strip,70.63,False
4730,Artisun 150mg Injection,452,13,injection,150mg,2.0,ml,68.25,False
4733,Anxifree-P Tablet CR,418,99,tablet,12.5mg,10.0,strip,141.9,False
4735,Aboros 20mg Tablet,166,109,tablet,20mg,10.0,strip,275.0,False
4737,Anafast SP 100mg/500mg/15mg Tablet,16,89,tablet,100mg,10.0,strip,55.92,False
4738,Anafast SP 100mg/500mg/15mg Tablet,23,89,tablet,100mg,10.0,strip,55.92,False
4739,Amopress 5mg Tablet,20,583,tablet,5mg,10.0,strip,28.0,False
4740,Azicef-LB Tablet,183,737,tablet,200mg,10.0,strip,259.0,False
4741,Axl 500 Capsule,1,40,capsule,500mg,10.0,strip,72.13,False
4742,Atovas 20mg Tablet,33,738,tablet,20mg,10.0,strip,125.0,False
4743,Atovas 20mg Tablet,1502,738,tablet,20mg,10.0,strip,125.0,False
4744,Atovas 20mg Tablet,1755,738,tablet,20mg,10.0,strip,125.0,False
4745,Axonorm P 750mcg/75mg Capsule,88,610,capsule,,10.0,strip,149.0,False
4747,Abituss-LS Syrup,3,694,syrup,30mg,100.0,bottle,74.0,False
4748,Abituss-LS Syrup,49,694,syrup,30mg,100.0,bottle,74.0,False
4749,Abituss-LS Syrup,73,694,syrup,30mg,100.0,bottle,74.0,False
4750,Abituss-LS Syrup,743,694,syrup,30mg,100.0,bottle,74.0,False
4751,Azusa 16 Tablet,196,49,tablet,16mg,15.0,strip,214.0,False
4752,Acenomac 3mg Tablet,42,33,tablet,3mg,10.0,strip,112.0,False
4753,Atorfit 5mg Tablet,33,49,tablet,5mg,15.0,strip,44.87,False
4754,Atorfit 5mg Tablet,1502,49,tablet,5mg,15.0,strip,44.87,False
4755,Atorfit 5mg Tablet,1755,49,tablet,5mg,15.0,strip,44.87,False
4756,Apriglim-M 2 Tablet PR,41,254,tablet,2mg,15.0,strip,150.93,False
4757,Alpaz 0.5mg Tablet,15,740,tablet,0.5mg,10.0,strip,12.18,False
4758,Alpaz 0.5mg Tablet,150,740,tablet,0.5mg,10.0,strip,12.18,False
4759,Alpaz 0.5mg Tablet,1561,740,tablet,0.5mg,10.0,strip,12.18,False
4760,Alpaz 0.5mg Tablet,1624,740,tablet,0.5mg,10.0,strip,12.18,False
4761,Albendol 400mg Tablet,13,24,tablet,400mg,1.0,strip,13.65,False
4762,Aester-SP Tablet,16,274,tablet,100mg,10.0,strip,85.0,False
4763,Aester-SP Tablet,23,274,tablet,100mg,10.0,strip,85.0,False
4764,Arocort 6mg Tablet,312,741,tablet,6mg,10.0,strip,79.0,False
4767,Asprox-SP Tablet,16,743,tablet,100mg,10.0,strip,75.0,False
4768,Asprox-SP Tablet,23,743,tablet,100mg,10.0,strip,75.0,False
4769,Astawin 10mg Tablet,355,744,tablet,10mg,10.0,strip,88.0,False
4770,And 25mg Injection,268,745,injection,25mg,1.0,ml,70.0,False
4772,Augpen LB 375 mg Tablet,1,57,tablet,250mg,10.0,strip,364.5,False
4773,Azobat 3 Kit,63,302,tablet,150mg,4.0,units,96.0,False
4774,Azobat 3 Kit,369,302,tablet,150mg,4.0,units,96.0,False
4775,Azobat 3 Kit,1308,302,tablet,150mg,4.0,units,96.0,False
4778,Arip MT 20 Tablet,91,11,tablet,20mg,15.0,strip,370.0,False
4781,Allermet 120mg Tablet,4,749,tablet,120mg,10.0,strip,99.0,False
4785,A Rex 25mg Tablet,7,751,tablet,25mg,10.0,strip,45.0,False
4789,Aprazol 0.5mg Tablet,454,753,tablet,0.5mg,10.0,strip,16.25,False
4793,Atorem 10mg Tablet,33,248,tablet,10mg,10.0,strip,51.06,False
4794,Atorem 10mg Tablet,1502,248,tablet,10mg,10.0,strip,51.06,False
4795,Atorem 10mg Tablet,1755,248,tablet,10mg,10.0,strip,51.06,False
4796,Artrodar 50mg Capsule,455,26,capsule,50mg,10.0,strip,101.62,False
4797,Artrodar 50mg Capsule,1563,26,capsule,50mg,10.0,strip,101.62,False
4798,Acemed P 100mg/325mg Tablet,16,536,tablet,100mg,10.0,strip,50.0,False
4799,Acemed P 100mg/325mg Tablet,23,536,tablet,100mg,10.0,strip,50.0,False
4800,Askoff D Syrup,27,755,syrup,4mg,100.0,bottle,55.0,False
4801,Alphadopa 500 Tablet,215,97,tablet,500mg,10.0,strip,46.83,False
4802,Azam 250mg Tablet,2,670,tablet,250mg,6.0,strip,68.0,False
4803,Abixim CV 200mg/125mg Tablet,183,5,tablet,200mg,10.0,strip,248.53,False
4808,Abmetop 25 XL Tablet,280,5,tablet,23.75mg,10.0,strip,35.63,False
4809,Abmetop 25 XL Tablet,826,5,tablet,23.75mg,10.0,strip,35.63,False
4811,Azilta 16 Tablet,196,16,tablet,16mg,10.0,strip,140.0,False
4813,Aziter 500mg Tablet,2,96,tablet,500mg,3.0,strip,71.26,False
4814,Anidulan Injection,415,121,injection,100mg,,,9500.0,False
4815,Amalzol-DSR Capsule,18,759,capsule,30mg,10.0,strip,87.0,False
4816,Amalzol-DSR Capsule,302,759,capsule,30mg,10.0,strip,87.0,False
4817,Amalzol-DSR Capsule,558,759,capsule,30mg,10.0,strip,87.0,False
4821,Amitrip 25mg Tablet,35,324,tablet,25mg,10.0,strip,23.94,False
4822,Amitrip 25mg Tablet,136,324,tablet,25mg,10.0,strip,23.94,False
4823,Aceliv-Plus Tablet,16,761,tablet,100mg,10.0,strip,70.0,False
4824,Aceliv-Plus Tablet,23,761,tablet,100mg,10.0,strip,70.0,False
4825,Actamid 250mg Tablet,254,202,tablet,250mg,10.0,strip,38.44,False
4826,Arvast F 5 Tablet,236,25,tablet,67mg,10.0,strip,188.0,False
4827,Arvast F 5 Tablet,1318,25,tablet,67mg,10.0,strip,188.0,False
4828,Asmaril Syrup,68,762,syrup,2mg/5ml,100.0,bottle,67.31,False
4829,Asmaril Syrup,386,762,syrup,2mg/5ml,100.0,bottle,67.31,False
4830,Asmaril Syrup,592,762,syrup,2mg/5ml,100.0,bottle,67.31,False
4831,Asmaril Syrup,830,762,syrup,2mg/5ml,100.0,bottle,67.31,False
4832,Albend 400mg Tablet,13,753,tablet,400mg,1.0,strip,8.65,False
4833,Azinix 250mg Tablet,2,129,tablet,250mg,10.0,strip,117.31,False
4834,Aprenext 30mg Tablet,81,178,tablet,30mg,10.0,strip,302.5,False
4835,Alastin AG Syrup,203,52,syrup,5mg/5ml,,,100.0,False
4836,Alastin AG Syrup,605,52,syrup,5mg/5ml,,,100.0,False
4837,Aldryl Soft Gelatin Capsule,457,15,capsule,25mg,,,11.12,False
4838,Anbid 500 Tablet,147,149,tablet,500mg,10.0,strip,737.0,False
4841,Amp-Taj 1000mg Injection,53,764,injection,1000mg,,,19.98,False
4842,Actowin 0.05% Nasal Drops,347,287,drops,,10.0,bottle,38.0,False
4844,Acronite 50 Tablet,209,766,tablet,50mg,10.0,strip,120.0,False
4845,Akukold Tablet,106,767,tablet,30mg,10.0,strip,52.5,False
4846,Akukold Tablet,267,767,tablet,30mg,10.0,strip,52.5,False
4847,Akukold Tablet,323,767,tablet,30mg,10.0,strip,52.5,False
4848,Apxaban 2.5 Tablet,98,39,tablet,2.5mg,10.0,strip,349.0,False
4855,Aztre 1gm Injection,205,217,injection,1gm,,,590.0,False
4856,Actlin 100mg Tablet,50,174,tablet,100mg,15.0,strip,229.9,False
4858,Alporate D 250mg Tablet,391,53,tablet,250mg,15.0,strip,92.57,False
4860,Azirox 250mg Tablet,2,24,tablet,250mg,6.0,strip,65.0,False
4864,Ambrotus C Syrup,52,770,syrup,5mg/5ml,100.0,bottle,52.0,False
4865,Anxicalm 0.5mg Tablet,15,19,tablet,0.5mg,10.0,strip,23.11,False
4866,Anxicalm 0.5mg Tablet,150,19,tablet,0.5mg,10.0,strip,23.11,False
4867,Anxicalm 0.5mg Tablet,1561,19,tablet,0.5mg,10.0,strip,23.11,False
4868,Anxicalm 0.5mg Tablet,1624,19,tablet,0.5mg,10.0,strip,23.11,False
4871,Alicon 150mg Tablet,63,368,tablet,150mg,1.0,strip,17.7,False
4872,Alicon 150mg Tablet,369,368,tablet,150mg,1.0,strip,17.7,False
4873,Alicon 150mg Tablet,1308,368,tablet,150mg,1.0,strip,17.7,False
4874,Azizoom 500mg Tablet,2,3,tablet,500mg,5.0,strip,119.5,False
4883,Alonac TC 100mg/4mg Tablet,16,324,tablet,100mg,10.0,strip,154.4,False
4884,Alonac TC 100mg/4mg Tablet,23,324,tablet,100mg,10.0,strip,154.4,False
4886,Apolar NT 75 Tablet,151,524,tablet,75mg,10.0,strip,157.0,False
4887,Aedi-Glim M2 Tablet SR,41,773,tablet,2mg,10.0,strip,85.0,False
4888,Aropax 12.5mg Tablet PR,418,774,tablet,12.5mg,10.0,strip,108.0,False
4889,Apxenta 10 Tablet,81,49,tablet,10mg,10.0,strip,164.0,False
4890,Arotex 25mg Tablet,7,775,tablet,25mg,10.0,strip,44.7,False
4893,Acilex-P 100mg/325mg Tablet,16,474,tablet,100mg,10.0,strip,47.0,False
4894,Acilex-P 100mg/325mg Tablet,23,474,tablet,100mg,10.0,strip,47.0,False
4895,Acnac-MR Tablet,16,396,tablet,100mg,10.0,strip,75.0,False
4896,Acnac-MR Tablet,23,396,tablet,100mg,10.0,strip,75.0,False
4897,Amazil 10mg Tablet,116,46,tablet,10mg,10.0,strip,120.0,False
4898,Autoclave LB 500mg/125mg Tablet,1,776,tablet,500mg,6.0,strip,140.0,False
4899,Apriglim-M 2 Tablet PR,41,254,tablet,2mg,10.0,strip,77.0,False
4903,Almazine 2.5mg Tablet,17,557,tablet,2.5mg,10.0,strip,29.35,False
4906,Alkem Plus Syrup,52,15,syrup,,100.0,bottle,28.47,False
4907,AZ 250mg Tablet,2,434,tablet,250mg,6.0,strip,72.0,False
4908,Amis 200mg Tablet,222,360,tablet,200mg,10.0,strip,176.0,False
4910,Alten A 10 Capsule,33,53,capsule,10mg,15.0,strip,67.5,False
4911,Alten A 10 Capsule,1502,53,capsule,10mg,15.0,strip,67.5,False
4912,Alten A 10 Capsule,1755,53,capsule,10mg,15.0,strip,67.5,False
4913,A Clo SP Tablet,16,780,tablet,100mg,10.0,strip,70.0,False
4914,A Clo SP Tablet,23,780,tablet,100mg,10.0,strip,70.0,False
4916,Amp 100mg Tablet,222,781,tablet,100mg,10.0,strip,103.0,False
4917,Anglopar 500mg Tablet,60,209,tablet,500mg,10.0,strip,2.86,False
4918,Anglopar 500mg Tablet,764,209,tablet,500mg,10.0,strip,2.86,False
4920,Aprovel 150mg Tablet,461,4,tablet,150mg,14.0,strip,246.15,False
4921,Aprovel 150mg Tablet,1040,4,tablet,150mg,14.0,strip,246.15,False
4922,Aprovel 150mg Tablet,1399,4,tablet,150mg,14.0,strip,246.15,False
4923,Acyclopure P Tablet,16,11,tablet,100mg,10.0,strip,47.35,False
4924,Acyclopure P Tablet,23,11,tablet,100mg,10.0,strip,47.35,False
4931,Abwal 400mg Tablet,13,105,tablet,400mg,1.0,strip,15.4,False
4933,Androz 50mg Tablet,77,11,tablet,50mg,10.0,strip,181.0,False
4938,Adrex Syrup,8,787,syrup,5mg/5ml,100.0,bottle,51.03,False
4939,Adrex Syrup,10,787,syrup,5mg/5ml,100.0,bottle,51.03,False
4940,Adrex Syrup,301,787,syrup,5mg/5ml,100.0,bottle,51.03,False
4941,Adrex Syrup,1251,787,syrup,5mg/5ml,100.0,bottle,51.03,False
4942,Adrex Syrup,1508,787,syrup,5mg/5ml,100.0,bottle,51.03,False
4943,Alcoxib 90mg Tablet,441,15,tablet,90mg,10.0,strip,120.0,False
4944,Alcoxib 90mg Tablet,506,15,tablet,90mg,10.0,strip,120.0,False
4946,Alto 3D Tablet,16,481,tablet,100mg,10.0,strip,68.0,False
4947,Alto 3D Tablet,23,481,tablet,100mg,10.0,strip,68.0,False
4950,Azuvas 10-Gold Capsule,132,257,capsule,75mg,10.0,strip,119.9,False
4951,Azuvas 10-Gold Capsule,1166,257,capsule,75mg,10.0,strip,119.9,False
4952,Azuvas 10-Gold Capsule,1537,257,capsule,75mg,10.0,strip,119.9,False
4953,Azuvas 10-Gold Capsule,1670,257,capsule,75mg,10.0,strip,119.9,False
4954,Amitar Plus Tablet,35,376,tablet,12.5mg,10.0,strip,23.93,False
4955,Amitar Plus Tablet,136,376,tablet,12.5mg,10.0,strip,23.93,False
4956,Ambtic Cough Syrup,3,790,syrup,15mg/5ml,100.0,bottle,62.0,False
4957,Ambtic Cough Syrup,49,790,syrup,15mg/5ml,100.0,bottle,62.0,False
4958,Ambtic Cough Syrup,73,790,syrup,15mg/5ml,100.0,bottle,62.0,False
4959,Ambtic Cough Syrup,743,790,syrup,15mg/5ml,100.0,bottle,62.0,False
4960,Averzine 25mg Syrup,7,191,syrup,25mg,100.0,bottle,68.0,False
4961,Azomarc 500mg Tablet,2,604,tablet,500mg,10.0,strip,229.0,False
4963,Anxicure 0.5mg Tablet,175,791,tablet,0.5mg,10.0,strip,30.0,False
4964,Anxicure 0.5mg Tablet,179,791,tablet,0.5mg,10.0,strip,30.0,False
4965,Azitheo 500 Tablet,2,269,tablet,500mg,3.0,strip,56.16,False
4966,Alvocet M 5mg/10mg Tablet,94,792,tablet,5mg,10.0,strip,96.5,False
4968,Arasid 100mg Injection,462,25,injection,100mg,,,117.9,False
4969,Atorlip 5 Tablet,33,6,tablet,5mg,15.0,strip,113.52,False
4970,Atorlip 5 Tablet,1502,6,tablet,5mg,15.0,strip,113.52,False
4971,Atorlip 5 Tablet,1755,6,tablet,5mg,15.0,strip,113.52,False
4976,Acarboz 50mg Tablet,385,297,tablet,50mg,10.0,strip,128.8,False
4977,Acarboz 50mg Tablet,721,297,tablet,50mg,10.0,strip,128.8,False
4978,Alercid Total 75mg/5mg/10mg Tablet,3,721,tablet,75mg,10.0,strip,120.0,False
4979,Alercid Total 75mg/5mg/10mg Tablet,49,721,tablet,75mg,10.0,strip,120.0,False
4980,Alercid Total 75mg/5mg/10mg Tablet,73,721,tablet,75mg,10.0,strip,120.0,False
4981,Alercid Total 75mg/5mg/10mg Tablet,743,721,tablet,75mg,10.0,strip,120.0,False
4982,Aceford Max Tablet,65,456,tablet,4mg,10.0,strip,165.17,False
4983,Aceford Max Tablet,818,456,tablet,4mg,10.0,strip,165.17,False
4984,Aps Super Plus Tablet,16,794,tablet,100mg,10.0,strip,75.0,False
4985,Aps Super Plus Tablet,23,794,tablet,100mg,10.0,strip,75.0,False
4986,Almax 0.25mg Tablet,15,603,tablet,0.25mg,10.0,strip,11.0,False
4987,Almax 0.25mg Tablet,150,603,tablet,0.25mg,10.0,strip,11.0,False
4988,Almax 0.25mg Tablet,1561,603,tablet,0.25mg,10.0,strip,11.0,False
4989,Almax 0.25mg Tablet,1624,603,tablet,0.25mg,10.0,strip,11.0,False
4990,Aerocast L 5mg/10mg Tablet,94,795,tablet,5mg,10.0,strip,98.0,False
4993,Azovas T 80 Tablet,83,22,tablet,80mg,10.0,strip,175.92,False
4994,Amoxinic-CV 625 Tablet,1,797,tablet,500mg,6.0,strip,130.0,False
4995,Aroxim 200mg Tablet,183,192,tablet,200mg,10.0,strip,18.0,False
4996,Avopact-S Tablet,16,646,tablet,100mg,10.0,strip,77.0,False
4997,Avopact-S Tablet,23,646,tablet,100mg,10.0,strip,77.0,False
4998,Alpus LS Syrup,45,539,syrup,1mg/5ml,60.0,bottle,80.0,False
4999,Alpus LS Syrup,176,539,syrup,1mg/5ml,60.0,bottle,80.0,False
5000,Acuclav Kid Tablet,1,33,tablet,200mg,10.0,strip,64.0,False
5004,Apicare Syrup,48,800,syrup,2mg,200.0,bottle,80.0,False
5005,Acronil 100mg Capsule,463,766,capsule,100mg,10.0,strip,90.0,False
5006,Acronil 100mg Capsule,465,766,capsule,100mg,10.0,strip,90.0,False
5007,Amlostar A Tablet,20,587,tablet,5mg,10.0,strip,27.5,False
5012,Aztinam 1gm Injection,205,700,injection,1gm,1.0,ml,595.23,False
5013,Alten 20mg Tablet,33,53,tablet,20mg,15.0,strip,227.94,False
5014,Alten 20mg Tablet,1502,53,tablet,20mg,15.0,strip,227.94,False
5015,Alten 20mg Tablet,1755,53,tablet,20mg,15.0,strip,227.94,False
5019,Alprawin 0.5mg Tablet,15,493,tablet,0.5mg,10.0,strip,23.2,False
5020,Alprawin 0.5mg Tablet,150,493,tablet,0.5mg,10.0,strip,23.2,False
5021,Alprawin 0.5mg Tablet,1561,493,tablet,0.5mg,10.0,strip,23.2,False
5022,Alprawin 0.5mg Tablet,1624,493,tablet,0.5mg,10.0,strip,23.2,False
5023,Anxit 1mg Tablet,15,24,tablet,1mg,10.0,strip,38.0,False
5024,Anxit 1mg Tablet,150,24,tablet,1mg,10.0,strip,38.0,False
5025,Anxit 1mg Tablet,1561,24,tablet,1mg,10.0,strip,38.0,False
5026,Anxit 1mg Tablet,1624,24,tablet,1mg,10.0,strip,38.0,False
5027,Acebrofact-M Tablet SR,28,21,tablet,200mg,10.0,strip,150.0,False
5028,Acebrofact-M Tablet SR,1297,21,tablet,200mg,10.0,strip,150.0,False
5029,Acebrofact-M Tablet SR,1553,21,tablet,200mg,10.0,strip,150.0,False
5030,Actopan D 30mg/40mg Capsule SR,18,673,capsule,30mg,10.0,strip,92.45,False
5031,Actopan D 30mg/40mg Capsule SR,302,673,capsule,30mg,10.0,strip,92.45,False
5032,Actopan D 30mg/40mg Capsule SR,558,673,capsule,30mg,10.0,strip,92.45,False
5033,AB-Rozu 10 Tablet,166,5,tablet,10mg,10.0,strip,135.62,False
5034,Abitol Syrup,48,174,syrup,2mg/5ml,200.0,bottle,65.8,False
5035,Amaday 10mg Tablet,20,49,tablet,10mg,10.0,strip,39.41,False
5036,Antab Tablet,464,803,tablet,5mg,10.0,strip,219.0,False
5037,Above 5 Tablet,289,14,tablet,20mg,7.0,strip,41.1,False
5038,Acepar Plus Tablet,16,134,tablet,100mg,10.0,strip,74.0,False
5039,Acepar Plus Tablet,23,134,tablet,100mg,10.0,strip,74.0,False
5040,Ampilin 250mg Tablet,53,143,tablet,250mg,10.0,strip,69.5,False
5041,Atorvafine TG 10mg/160mg Tablet,33,50,tablet,10mg,10.0,strip,143.0,False
5042,Atorvafine TG 10mg/160mg Tablet,1502,50,tablet,10mg,10.0,strip,143.0,False
5043,Atorvafine TG 10mg/160mg Tablet,1755,50,tablet,10mg,10.0,strip,143.0,False
5044,Arokast L 5mg/10mg Tablet,94,192,tablet,5mg,10.0,strip,103.0,False
5045,Acephar P 100mg/325mg Tablet,16,469,tablet,100mg,10.0,strip,60.0,False
5046,Acephar P 100mg/325mg Tablet,23,469,tablet,100mg,10.0,strip,60.0,False
5049,ARTHEAL 750MG/50MG/250MG TABLET,315,805,tablet,750mg,10.0,strip,152.0,False
5051,Aconex P 100mg/325mg Tablet,16,170,tablet,100mg,10.0,strip,65.0,False
5052,Aconex P 100mg/325mg Tablet,23,170,tablet,100mg,10.0,strip,65.0,False
5053,Acebot-SP Tablet,16,807,tablet,100mg,10.0,strip,77.0,False
5054,Acebot-SP Tablet,23,807,tablet,100mg,10.0,strip,77.0,False
5058,ACTAMIDE 250MG TABLET,254,24,tablet,250mg,10.0,strip,16.8,False
5059,Accufine 10mg Softgel Capsule,129,364,capsule,10mg,10.0,strip,135.0,False
5061,Aztric 80 Tablet,146,25,tablet,80mg,10.0,strip,254.0,False
5062,Acnex 10mg Capsule,129,11,capsule,10mg,10.0,strip,119.9,False
5065,Amul 100mg Tablet,222,612,tablet,100mg,10.0,strip,126.0,False
5069,Aconex SP 100mg/325mg/15mg Tablet,16,170,tablet,100mg,10.0,strip,90.0,False
5070,Aconex SP 100mg/325mg/15mg Tablet,23,170,tablet,100mg,10.0,strip,90.0,False
5072,Atortrue F 10mg/145mg Tablet,33,702,tablet,10mg,10.0,strip,115.0,False
5073,Atortrue F 10mg/145mg Tablet,1502,702,tablet,10mg,10.0,strip,115.0,False
5074,Atortrue F 10mg/145mg Tablet,1755,702,tablet,10mg,10.0,strip,115.0,False
5075,Actiblok IPR 50 Tablet PR,280,219,tablet,47.5mg,10.0,strip,58.26,False
5076,Actiblok IPR 50 Tablet PR,826,219,tablet,47.5mg,10.0,strip,58.26,False
5081,Acemol P 100mg/325mg Tablet,16,811,tablet,100mg,10.0,strip,78.0,False
5082,Acemol P 100mg/325mg Tablet,23,811,tablet,100mg,10.0,strip,78.0,False
5083,Arirazo 10mg Tablet,91,156,tablet,10mg,10.0,strip,128.84,False
5084,Alphapod CV 200mg/125mg Tablet,346,812,tablet,200mg,10.0,strip,195.0,False
5085,Alphapod CV 200mg/125mg Tablet,593,812,tablet,200mg,10.0,strip,195.0,False
5086,Axifur 250mg Tablet,147,45,tablet,250mg,10.0,strip,145.0,False
5089,Azotas 50mg Tablet,40,71,tablet,50mg,10.0,strip,99.0,False
5094,Asomex-M Tablet PR,85,46,tablet,2.5mg,10.0,strip,135.2,False
5095,Advog M 0.2 Tablet SR,144,38,tablet,500mg,10.0,strip,97.92,False
5097,Alock P 100 mg/325 mg Tablet,16,672,tablet,100mg,10.0,strip,53.9,False
5098,Alock P 100 mg/325 mg Tablet,23,672,tablet,100mg,10.0,strip,53.9,False
5102,Amipox H 12.5 mg/5 mg Tablet,35,106,tablet,12.5mg,10.0,strip,15.0,False
5103,Amipox H 12.5 mg/5 mg Tablet,136,106,tablet,12.5mg,10.0,strip,15.0,False
5105,Apnicid D 30mg/40mg Capsule SR,18,49,capsule,30mg,10.0,strip,98.0,False
5106,Apnicid D 30mg/40mg Capsule SR,302,49,capsule,30mg,10.0,strip,98.0,False
5107,Apnicid D 30mg/40mg Capsule SR,558,49,capsule,30mg,10.0,strip,98.0,False
5108,Acebran Plus 100mg/600mg Tablet,28,373,tablet,100mg,10.0,strip,165.0,False
5109,Acebran Plus 100mg/600mg Tablet,1297,373,tablet,100mg,10.0,strip,165.0,False
5110,Acebran Plus 100mg/600mg Tablet,1553,373,tablet,100mg,10.0,strip,165.0,False
5111,Amlovent AT 5mg/50mg Tablet,20,562,tablet,5mg,10.0,strip,32.5,False
5112,Avmont L 5mg/10mg Tablet,94,815,tablet,5mg,10.0,strip,95.0,False
5118,Atorvatin Gold 20/75/75 Capsule,132,470,capsule,75mg,10.0,strip,59.0,False
5119,Atorvatin Gold 20/75/75 Capsule,1166,470,capsule,75mg,10.0,strip,59.0,False
5120,Atorvatin Gold 20/75/75 Capsule,1537,470,capsule,75mg,10.0,strip,59.0,False
5121,Atorvatin Gold 20/75/75 Capsule,1670,470,capsule,75mg,10.0,strip,59.0,False
5122,Acevel 200mg Tablet SR,28,172,tablet,200mg,10.0,strip,100.0,False
5123,Acevel 200mg Tablet SR,1297,172,tablet,200mg,10.0,strip,100.0,False
5124,Acevel 200mg Tablet SR,1553,172,tablet,200mg,10.0,strip,100.0,False
5125,Apitane Syrup,48,818,syrup,2mg/5ml,200.0,bottle,84.0,False
5126,Ascodex Mintz Ctz Syrup,52,3,syrup,2.5mg/5ml,100.0,bottle,110.0,False
5127,Apyridine P 100mg/325mg Tablet,463,436,tablet,100mg,10.0,strip,108.0,False
5128,Apyridine P 100mg/325mg Tablet,465,436,tablet,100mg,10.0,strip,108.0,False
5129,Actigaba M 100mg/1500mcg Tablet,199,171,tablet,100mg,10.0,strip,85.0,False
5130,Actigaba M 100mg/1500mcg Tablet,284,171,tablet,100mg,10.0,strip,85.0,False
5131,Actigaba M 100mg/1500mcg Tablet,1122,171,tablet,100mg,10.0,strip,85.0,False
5132,Amtericin 50mg Injection,262,217,injection,50mg,,,275.0,False
5139,Acebull 100 Capsule,28,178,capsule,100mg,10.0,strip,107.69,False
5140,Acebull 100 Capsule,1297,178,capsule,100mg,10.0,strip,107.69,False
5141,Acebull 100 Capsule,1553,178,capsule,100mg,10.0,strip,107.69,False
5146,Actimol 50 mg/500 mg Tablet,247,140,tablet,50mg,10.0,strip,10.1,False
5147,Actimol 50 mg/500 mg Tablet,759,140,tablet,50mg,10.0,strip,10.1,False
5148,Allerkast Syrup,94,19,syrup,5mg,30.0,bottle,20.58,False
5149,Amlovas S 5mg Tablet,85,33,tablet,5mg,10.0,strip,38.3,False
5150,Acetop P 100mg/500mg Tablet,16,822,tablet,100mg,10.0,strip,31.0,False
5151,Acetop P 100mg/500mg Tablet,23,822,tablet,100mg,10.0,strip,31.0,False
5152,Aptocef 500 Tablet,147,311,tablet,500mg,10.0,strip,499.0,False
5156,Atpera 650 Tablet,60,823,tablet,650mg,10.0,strip,17.0,False
5157,Atpera 650 Tablet,764,823,tablet,650mg,10.0,strip,17.0,False
5158,AZ3 500 Tablet,2,74,tablet,500mg,3.0,strip,71.33,False
5159,Azigard 500mg Tablet,2,824,tablet,500mg,3.0,strip,74.75,False
5160,Aceclocef-P Tablet,16,825,tablet,100mg,10.0,strip,42.0,False
5161,Aceclocef-P Tablet,23,825,tablet,100mg,10.0,strip,42.0,False
5165,Alencuf DX Syrup,8,503,syrup,5mg/5ml,60.0,bottle,48.0,False
5166,Alencuf DX Syrup,10,503,syrup,5mg/5ml,60.0,bottle,48.0,False
5167,Alencuf DX Syrup,301,503,syrup,5mg/5ml,60.0,bottle,48.0,False
5168,Alencuf DX Syrup,1251,503,syrup,5mg/5ml,60.0,bottle,48.0,False
5169,Alencuf DX Syrup,1508,503,syrup,5mg/5ml,60.0,bottle,48.0,False
5170,Avosic 10mg/10mg/2.5mg Tablet,248,827,tablet,10mg,30.0,strip,209.5,False
5171,Aclance-SP Tablet,16,828,tablet,100mg,10.0,strip,85.0,False
5172,Aclance-SP Tablet,23,828,tablet,100mg,10.0,strip,85.0,False
5173,Ampoxid 250 mg/250 mg Capsule,53,11,capsule,250mg,10.0,strip,35.4,False
5174,Azithral Stat  100mg Tablet,2,2,tablet,100mg,10.0,strip,125.0,False
5175,Afasma 100mg Capsule,28,71,capsule,100mg,10.0,strip,82.8,False
5176,Afasma 100mg Capsule,1297,71,capsule,100mg,10.0,strip,82.8,False
5177,Afasma 100mg Capsule,1553,71,capsule,100mg,10.0,strip,82.8,False
5178,Augxetil CV 250 mg Tablet,147,153,tablet,250mg,10.0,strip,370.0,False
5179,Anatero Tablet,115,143,tablet,1mg,10.0,strip,470.0,False
5180,Atvas 10mg Tablet,33,15,tablet,10mg,10.0,strip,68.2,False
5181,Atvas 10mg Tablet,1502,15,tablet,10mg,10.0,strip,68.2,False
5182,Atvas 10mg Tablet,1755,15,tablet,10mg,10.0,strip,68.2,False
5185,Acolate SR Tablet,94,96,tablet,5mg,10.0,strip,46.0,False
5186,Azitis 500 Tablet,2,710,tablet,500mg,3.0,strip,57.07,False
5187,Alinol 0.25mg/20mg Tablet,15,237,tablet,0.25mg,10.0,strip,43.06,False
5188,Alinol 0.25mg/20mg Tablet,150,237,tablet,0.25mg,10.0,strip,43.06,False
5189,Alinol 0.25mg/20mg Tablet,1561,237,tablet,0.25mg,10.0,strip,43.06,False
5190,Alinol 0.25mg/20mg Tablet,1624,237,tablet,0.25mg,10.0,strip,43.06,False
5194,Auxen D 250mg/10mg Tablet,297,251,tablet,250mg,10.0,strip,50.0,False
5195,Auxen D 250mg/10mg Tablet,1240,251,tablet,250mg,10.0,strip,50.0,False
5196,Auxen D 250mg/10mg Tablet,1520,251,tablet,250mg,10.0,strip,50.0,False
5197,Adenoz 6mg Injection,158,314,injection,6mg,2.0,ml,173.5,False
5203,Acceclowoc 200mg Tablet SR,16,97,tablet,200mg,10.0,strip,20.0,False
5204,Acceclowoc 200mg Tablet SR,23,97,tablet,200mg,10.0,strip,20.0,False
5209,Azoflox 200mg Tablet,89,47,tablet,200mg,10.0,strip,49.5,False
5210,Azoflox 200mg Tablet,436,47,tablet,200mg,10.0,strip,49.5,False
5211,Adcef 125mg Tablet DT,282,11,tablet,125mg,10.0,strip,171.0,False
5212,Alnamet Myo 500mg/600mg Tablet,144,454,tablet,500mg,10.0,strip,176.0,False
5213,Amoxil Kid 250mg Tablet,1,21,tablet,250mg,10.0,strip,25.0,False
5214,Acephyl-FM Tablet,6,823,tablet,10mg,10.0,strip,215.0,False
5215,Acephyl-FM Tablet,521,823,tablet,10mg,10.0,strip,215.0,False
5217,Altracirol Syrup,22,25,syrup,,100.0,bottle,78.7,False
5219,Amdiclox Capsule,1,710,capsule,250mg,10.0,strip,75.0,False
5220,Acenex Plus Tablet,16,287,tablet,100mg,10.0,strip,33.0,False
5221,Acenex Plus Tablet,23,287,tablet,100mg,10.0,strip,33.0,False
5222,Almac 0.25mg Tablet DT,175,373,tablet,0.25mg,10.0,strip,19.5,False
5223,Almac 0.25mg Tablet DT,179,373,tablet,0.25mg,10.0,strip,19.5,False
5226,Adp AT 5mg/50mg Tablet,20,250,tablet,5mg,10.0,strip,66.53,False
5229,Av Force 100mg Tablet,77,505,tablet,100mg,4.0,strip,120.0,False
5230,Adhestop 25000IU Injection,466,833,injection,,5.0,ml,316.82,False
5231,Adhestop 25000IU Injection,1182,833,injection,,5.0,ml,316.82,False
5233,Angiflam P 100mg/325mg Tablet,16,673,tablet,100mg,10.0,strip,45.5,False
5234,Angiflam P 100mg/325mg Tablet,23,673,tablet,100mg,10.0,strip,45.5,False
5236,Ampikem 500mg Capsule,53,15,capsule,500mg,10.0,strip,55.0,False
5241,Alenfast 50mg Tablet,467,2,tablet,50mg,10.0,strip,90.58,False
5242,Alenfast 50mg Tablet,1540,2,tablet,50mg,10.0,strip,90.58,False
5243,Acerex SP Tablet,16,835,tablet,100mg,10.0,strip,55.0,False
5244,Acerex SP Tablet,23,835,tablet,100mg,10.0,strip,55.0,False
5246,Alprax Z 0.5 mg/3 mg Tablet,15,11,tablet,0.5mg,10.0,strip,45.33,False
5247,Alprax Z 0.5 mg/3 mg Tablet,150,11,tablet,0.5mg,10.0,strip,45.33,False
5248,Alprax Z 0.5 mg/3 mg Tablet,1561,11,tablet,0.5mg,10.0,strip,45.33,False
5249,Alprax Z 0.5 mg/3 mg Tablet,1624,11,tablet,0.5mg,10.0,strip,45.33,False
5250,Advog 0.2 Tablet,387,38,tablet,0.2mg,10.0,strip,90.97,False
5251,Advog 0.2 Tablet,948,38,tablet,0.2mg,10.0,strip,90.97,False
5252,Attera 18mg Tablet,244,95,tablet,18mg,10.0,strip,106.0,False
5253,Alifix CV 200mg/125mg Tablet,183,499,tablet,200mg,10.0,strip,260.0,False
5254,Acenate-SP Tablet,16,836,tablet,100mg,10.0,strip,77.0,False
5255,Acenate-SP Tablet,23,836,tablet,100mg,10.0,strip,77.0,False
5256,Amotus Syrup,468,475,syrup,60mg/5ml,100.0,bottle,85.0,False
5257,Amotus Syrup,494,475,syrup,60mg/5ml,100.0,bottle,85.0,False
5258,Axol Plus Syrup,3,545,syrup,15mg,100.0,bottle,58.03,False
5259,Axol Plus Syrup,49,545,syrup,15mg,100.0,bottle,58.03,False
5260,Axol Plus Syrup,73,545,syrup,15mg,100.0,bottle,58.03,False
5261,Axol Plus Syrup,743,545,syrup,15mg,100.0,bottle,58.03,False
5262,Arixtra 7.5mg Injection,290,1,injection,7.5mg,6.0,ml,1320.0,False
5263,ATR 40mg Tablet,33,297,tablet,40mg,10.0,strip,216.0,False
5264,ATR 40mg Tablet,1502,297,tablet,40mg,10.0,strip,216.0,False
5265,ATR 40mg Tablet,1755,297,tablet,40mg,10.0,strip,216.0,False
5266,Aztel 40mg Tablet,83,257,tablet,40mg,10.0,strip,79.0,False
5267,Altoran 80 Tablet,146,2,tablet,80mg,10.0,strip,183.85,False
5268,Apiz 5mg Tablet MD,91,678,tablet,5mg,10.0,strip,52.0,False
5269,Almet 10mg Tablet,469,15,tablet,10mg,10.0,strip,24.0,False
5270,Almet 10mg Tablet,1026,15,tablet,10mg,10.0,strip,24.0,False
5271,Amlokem 5mg Tablet,20,15,tablet,5mg,10.0,strip,60.0,False
5272,Almox 100mg Oral Drops,1,15,drops,100mg,10.0,bottle,40.0,False
5276,Avapar 25mg Injection,26,129,injection,25mg,2.0,ml,17.97,False
5277,Avapar 25mg Injection,160,129,injection,25mg,2.0,ml,17.97,False
5282,Amcef 200mg Tablet,183,838,tablet,200mg,10.0,strip,105.0,False
5283,Axol LS Syrup,3,839,syrup,30mg/5ml,100.0,bottle,72.0,False
5284,Axol LS Syrup,49,839,syrup,30mg/5ml,100.0,bottle,72.0,False
5285,Axol LS Syrup,73,839,syrup,30mg/5ml,100.0,bottle,72.0,False
5286,Axol LS Syrup,743,839,syrup,30mg/5ml,100.0,bottle,72.0,False
5288,Acetol 200mg Tablet,470,154,tablet,200mg,10.0,strip,12.12,False
5289,Albudac 20% Injection,105,8,injection,20%,50.0,ml,630.6,False
5292,Altonil LS 3 Tablet,93,53,tablet,3mg,10.0,strip,49.0,False
5293,Axant 50mg/400mg Tablet,247,198,tablet,50mg,10.0,strip,115.0,False
5294,Axant 50mg/400mg Tablet,759,198,tablet,50mg,10.0,strip,115.0,False
5295,Antipreg 200mg Tablet,80,25,tablet,200mg,1.0,strip,525.0,False
5301,Alpraz 0.5mg Tablet,15,843,tablet,0.5mg,10.0,strip,30.0,False
5302,Alpraz 0.5mg Tablet,150,843,tablet,0.5mg,10.0,strip,30.0,False
5303,Alpraz 0.5mg Tablet,1561,843,tablet,0.5mg,10.0,strip,30.0,False
5304,Alpraz 0.5mg Tablet,1624,843,tablet,0.5mg,10.0,strip,30.0,False
5308,Alco P 100 mg/500 mg Tablet,16,844,tablet,100mg,10.0,strip,38.0,False
5309,Alco P 100 mg/500 mg Tablet,23,844,tablet,100mg,10.0,strip,38.0,False
5310,Adblock AT 5 mg/50 mg Tablet,20,344,tablet,5mg,10.0,strip,24.76,False
5311,Acenova FH Tablet,16,54,tablet,,10.0,strip,72.6,False
5312,Acenova FH Tablet,23,54,tablet,,10.0,strip,72.6,False
5313,Ampoxin 250mg Injection,53,11,injection,125mg,5.0,ml,24.6,False
5314,Afitra-SB 100 Capsule,156,506,capsule,100mg,10.0,strip,250.0,False
5315,Ace Proxyvon Spas Tablet,119,7,tablet,,10.0,strip,112.0,False
5316,Ace Proxyvon Spas Tablet,220,7,tablet,,10.0,strip,112.0,False
5317,Ace Proxyvon Spas Tablet,1619,7,tablet,,10.0,strip,112.0,False
5318,Amizep 25 mg/10 mg Tablet,35,385,tablet,25mg,10.0,strip,31.35,False
5319,Amizep 25 mg/10 mg Tablet,136,385,tablet,25mg,10.0,strip,31.35,False
5321,Acelife Plus 500 mg/15 mg Tablet,60,845,tablet,500mg,10.0,strip,59.9,False
5322,Acelife Plus 500 mg/15 mg Tablet,764,845,tablet,500mg,10.0,strip,59.9,False
5323,Asclin P 100 mg/500 mg Tablet,16,245,tablet,100mg,10.0,strip,40.0,False
5324,Asclin P 100 mg/500 mg Tablet,23,245,tablet,100mg,10.0,strip,40.0,False
5325,Anawin 0.25% Injection,162,104,injection,0.25%,20.0,ml,54.0,False
5326,Aristocillin 500mg Injection,53,10,injection,500mg,,,13.36,False
5327,Amica 500mg Injection,38,593,injection,500mg,2.0,ml,48.0,False
5329,Alfil 5mg Tablet,410,20,tablet,5mg,10.0,strip,167.0,False
5330,Acvin S 100mg/325mg/15mg Tablet,16,847,tablet,100mg,10.0,strip,72.45,False
5331,Acvin S 100mg/325mg/15mg Tablet,23,847,tablet,100mg,10.0,strip,72.45,False
5332,Amexosyn 625 Tablet,1,848,tablet,500mg,10.0,strip,188.0,False
5333,Akurit Kid 60 mg/30 mg Tablet,123,19,tablet,60mg,6.0,strip,7.9,False
5334,Aldosin Capsule,216,134,capsule,8mg,10.0,strip,195.0,False
5335,Arminol 20mg Tablet,472,324,tablet,20mg,10.0,strip,23.0,False
5336,Arminol 20mg Tablet,1035,324,tablet,20mg,10.0,strip,23.0,False
5337,Azek 500mg Tablet,2,457,tablet,500mg,3.0,strip,56.0,False
5338,Anxirid 10mg Tablet,15,751,tablet,10mg,10.0,strip,44.0,False
5339,Anxirid 10mg Tablet,150,751,tablet,10mg,10.0,strip,44.0,False
5340,Anxirid 10mg Tablet,1561,751,tablet,10mg,10.0,strip,44.0,False
5341,Anxirid 10mg Tablet,1624,751,tablet,10mg,10.0,strip,44.0,False
5343,Amodep 10mg Tablet,20,78,tablet,10mg,10.0,strip,15.0,False
5344,Alcocet-M Tablet,94,850,tablet,5mg,10.0,strip,85.0,False
5345,Aztel MT 40mg/25mg Tablet,83,257,tablet,40mg,10.0,strip,72.0,False
5346,Analiv 100mg/150mg Tablet,207,23,tablet,100mg,10.0,strip,85.0,False
5351,Acugesic T 500 mg/37.5 mg Tablet,67,498,tablet,500mg,10.0,strip,60.0,False
5352,Acugesic T 500 mg/37.5 mg Tablet,1668,498,tablet,500mg,10.0,strip,60.0,False
5353,Amo-Mip 10 Tablet,35,851,tablet,10mg,10.0,strip,23.0,False
5354,Amo-Mip 10 Tablet,136,851,tablet,10mg,10.0,strip,23.0,False
5358,Axitan 2 Tablet,17,612,tablet,2mg,10.0,strip,25.0,False
5359,Acezit-SP Tablet,16,693,tablet,100mg,10.0,strip,69.0,False
5360,Acezit-SP Tablet,23,693,tablet,100mg,10.0,strip,69.0,False
5361,Aclofen 100mg Tablet,16,61,tablet,100mg,10.0,strip,88.65,False
5362,Aclofen 100mg Tablet,23,61,tablet,100mg,10.0,strip,88.65,False
5363,Attera 25mg Tablet,244,95,tablet,25mg,10.0,strip,125.0,False
5364,Adblock 5mg Tablet,20,344,tablet,5mg,10.0,strip,14.87,False
5368,Acecyst 600 Effervescent Tablet Orange,438,291,tablet,600mg,,,222.0,False
5369,Axer 150mg Tablet,431,854,tablet,150mg,10.0,strip,74.5,False
5370,AB-Rozu 20 Tablet,166,5,tablet,20mg,10.0,strip,224.87,False
5371,Apriglim-M 3 Tablet SR,41,254,tablet,3mg,15.0,strip,176.41,False
5375,Azneten 20mg Tablet,198,855,tablet,20mg,10.0,strip,107.0,False
5376,Azneten 20mg Tablet,1171,855,tablet,20mg,10.0,strip,107.0,False
5377,Axipar SP Tablet,16,475,tablet,100mg,10.0,strip,105.0,False
5378,Axipar SP Tablet,23,475,tablet,100mg,10.0,strip,105.0,False
5379,Azmet-VG 2mg/500mg/0.2mg Tablet,41,257,tablet,2mg,10.0,strip,119.0,False
5380,Ariday 10 Tablet,91,245,tablet,10mg,10.0,strip,125.0,False
5381,Acb 200mg Tablet SR,28,326,tablet,200mg,10.0,strip,144.0,False
5382,Acb 200mg Tablet SR,1297,326,tablet,200mg,10.0,strip,144.0,False
5383,Acb 200mg Tablet SR,1553,326,tablet,200mg,10.0,strip,144.0,False
5385,Alervo 5mg Tablet,94,505,tablet,5mg,10.0,strip,29.0,False
5389,Anucort 6mg Tablet,312,552,tablet,6mg,10.0,strip,70.0,False
5390,Ampikem C 250mg/250mg Capsule,53,15,capsule,250mg,10.0,strip,115.0,False
5393,Altipod CV 200 mg/125 mg Tablet,346,11,tablet,200mg,10.0,strip,364.8,False
5394,Altipod CV 200 mg/125 mg Tablet,593,11,tablet,200mg,10.0,strip,364.8,False
5395,Athzol-DSR Capsule,18,543,capsule,30mg,10.0,strip,159.0,False
5396,Athzol-DSR Capsule,302,543,capsule,30mg,10.0,strip,159.0,False
5397,Athzol-DSR Capsule,558,543,capsule,30mg,10.0,strip,159.0,False
5398,Axovir 500mg Injection,47,20,injection,500mg,,,502.88,False
5399,Azilac 250mg Tablet,2,57,tablet,250mg,6.0,strip,74.28,False
5400,Alceclo-SP Tablet,16,227,tablet,100mg,10.0,strip,104.0,False
5401,Alceclo-SP Tablet,23,227,tablet,100mg,10.0,strip,104.0,False
5402,Allerfast M Tablet,6,617,tablet,10mg,10.0,strip,129.0,False
5403,Allerfast M Tablet,521,617,tablet,10mg,10.0,strip,129.0,False
5410,Acetis SP-Forte Tablet,16,823,tablet,100mg,10.0,strip,76.0,False
5411,Acetis SP-Forte Tablet,23,823,tablet,100mg,10.0,strip,76.0,False
5414,Azilide 100mg Tablet DT,2,24,tablet,100mg,3.0,strip,22.0,False
5415,Apriglim-M 4 Tablet PR,41,254,tablet,4mg,10.0,strip,129.8,False
5416,Actiblok IPR 25 Tablet,280,219,tablet,23.75mg,10.0,strip,38.21,False
5417,Actiblok IPR 25 Tablet,826,219,tablet,23.75mg,10.0,strip,38.21,False
5418,Alexo 180mg Tablet,4,347,tablet,180mg,10.0,strip,132.0,False
5420,Arbazeal-ES 40 Tablet,146,38,tablet,40mg,10.0,strip,119.64,False
5424,Aricet L 5mg Tablet,94,795,tablet,5mg,10.0,strip,29.0,False
5425,Amsha 10mg Tablet,35,863,tablet,10mg,10.0,strip,18.0,False
5426,Amsha 10mg Tablet,136,863,tablet,10mg,10.0,strip,18.0,False
5427,Atroplen 10mg Tablet,33,468,tablet,10mg,10.0,strip,57.66,False
5428,Atroplen 10mg Tablet,1502,468,tablet,10mg,10.0,strip,57.66,False
5429,Atroplen 10mg Tablet,1755,468,tablet,10mg,10.0,strip,57.66,False
5430,Arixib 90 Tablet,441,116,tablet,90mg,10.0,strip,130.5,False
5431,Arixib 90 Tablet,506,116,tablet,90mg,10.0,strip,130.5,False
5438,Azithro 150 mg/1000 mg/1000 mg Tablet,63,97,tablet,150mg,3.0,strip,42.56,False
5439,Azithro 150 mg/1000 mg/1000 mg Tablet,369,97,tablet,150mg,3.0,strip,42.56,False
5440,Azithro 150 mg/1000 mg/1000 mg Tablet,1308,97,tablet,150mg,3.0,strip,42.56,False
5442,Astha-LS Oral Drops,3,291,drops,7.5mg/ml,15.0,bottle,42.0,False
5443,Astha-LS Oral Drops,49,291,drops,7.5mg/ml,15.0,bottle,42.0,False
5444,Astha-LS Oral Drops,73,291,drops,7.5mg/ml,15.0,bottle,42.0,False
5445,Astha-LS Oral Drops,743,291,drops,7.5mg/ml,15.0,bottle,42.0,False
5451,AX Cold Syrup,52,117,syrup,2.5mg/5ml,100.0,bottle,55.0,False
5452,Aabis-SP Tablet,16,866,tablet,100mg,10.0,strip,75.0,False
5453,Aabis-SP Tablet,23,866,tablet,100mg,10.0,strip,75.0,False
5454,Aceclan-TH Tablet,16,603,tablet,100mg,10.0,strip,189.5,False
5455,Aceclan-TH Tablet,23,603,tablet,100mg,10.0,strip,189.5,False
5460,Anthro 100 mg/500 mg Tablet,16,189,tablet,100mg,10.0,strip,19.9,False
5461,Anthro 100 mg/500 mg Tablet,23,189,tablet,100mg,10.0,strip,19.9,False
5462,Albutamol Plus Syrup,14,111,syrup,1mg,100.0,bottle,65.39,False
5463,Albutamol Plus Syrup,497,111,syrup,1mg,100.0,bottle,65.39,False
5464,Albutamol Plus Syrup,1172,111,syrup,1mg,100.0,bottle,65.39,False
5467,Amoxil 500 Capsule,1,870,capsule,500mg,10.0,strip,66.0,False
5469,Avobi 50mg Tablet,429,24,tablet,50mg,10.0,strip,525.0,False
5470,Atorica 10 Tablet,33,254,tablet,10mg,15.0,strip,101.41,False
5471,Atorica 10 Tablet,1502,254,tablet,10mg,15.0,strip,101.41,False
5472,Atorica 10 Tablet,1755,254,tablet,10mg,15.0,strip,101.41,False
5476,Anzavir-R Tablet,477,121,tablet,300mg,30.0,strip,2655.0,False
5477,Azidos 500mg Tablet,2,557,tablet,500mg,6.0,strip,117.5,False
5478,Acerin GM Tablet,455,871,tablet,50mg,10.0,strip,160.0,False
5479,Acerin GM Tablet,1563,871,tablet,50mg,10.0,strip,160.0,False
5480,Azedra Plus Tablet,478,311,tablet,500mg,10.0,strip,620.0,False
5481,Ator 10 Tablet,33,872,tablet,10mg,10.0,strip,65.0,False
5482,Ator 10 Tablet,1502,872,tablet,10mg,10.0,strip,65.0,False
5483,Ator 10 Tablet,1755,872,tablet,10mg,10.0,strip,65.0,False
5484,Above 5-D Capsule,18,14,capsule,30mg,6.0,strip,50.16,False
5485,Above 5-D Capsule,302,14,capsule,30mg,6.0,strip,50.16,False
5486,Above 5-D Capsule,558,14,capsule,30mg,6.0,strip,50.16,False
5489,Acethama-FM Tablet SR,6,39,tablet,10mg,10.0,strip,215.0,False
5490,Acethama-FM Tablet SR,521,39,tablet,10mg,10.0,strip,215.0,False
5491,Atorday 10mg Tablet,33,875,tablet,10mg,10.0,strip,55.57,False
5492,Atorday 10mg Tablet,1502,875,tablet,10mg,10.0,strip,55.57,False
5493,Atorday 10mg Tablet,1755,875,tablet,10mg,10.0,strip,55.57,False
5495,Alace 600mg Tablet,380,876,tablet,600mg,10.0,strip,175.0,False
5496,Astofen SP 100mg/325mg/15mg Tablet,16,877,tablet,100mg,10.0,strip,90.0,False
5497,Astofen SP 100mg/325mg/15mg Tablet,23,877,tablet,100mg,10.0,strip,90.0,False
5498,Astawin Plus 0.5mg/10mg Tablet,175,744,tablet,0.5mg,10.0,strip,125.0,False
5499,Astawin Plus 0.5mg/10mg Tablet,179,744,tablet,0.5mg,10.0,strip,125.0,False
5500,Amicin 250mg Injection,38,35,injection,250mg,,,32.0,False
5501,Acet 10mg Tablet,52,875,tablet,10mg,10.0,strip,16.8,False
5502,Aricam 20mg Tablet,202,648,tablet,20mg,10.0,strip,45.0,False
5503,Alnol 100mg Tablet,479,878,tablet,100mg,10.0,strip,28.9,False
5504,Azirite 500mg Tablet,2,29,tablet,500mg,3.0,strip,61.5,False
5507,Acuclav 1000mg Tablet,1,33,tablet,875mg,6.0,strip,188.1,False
5508,Alock SP 100mg/325mg/15mg Tablet,16,672,tablet,100mg,10.0,strip,99.0,False
5509,Alock SP 100mg/325mg/15mg Tablet,23,672,tablet,100mg,10.0,strip,99.0,False
5510,Arminol 40mg Tablet,472,324,tablet,40mg,10.0,strip,30.36,False
5511,Arminol 40mg Tablet,1035,324,tablet,40mg,10.0,strip,30.36,False
5513,Abclopid A 75 Capsule,132,5,capsule,75mg,10.0,strip,26.56,False
5514,Abclopid A 75 Capsule,1166,5,capsule,75mg,10.0,strip,26.56,False
5515,Abclopid A 75 Capsule,1537,5,capsule,75mg,10.0,strip,26.56,False
5516,Abclopid A 75 Capsule,1670,5,capsule,75mg,10.0,strip,26.56,False
5517,Antichol 2mg Tablet,480,766,tablet,2mg,10.0,strip,13.2,False
5518,Anosam 1mg Tablet,115,20,tablet,1mg,10.0,strip,550.0,False
5522,Angimed-P Tablet,16,880,tablet,100mg,10.0,strip,42.0,False
5523,Angimed-P Tablet,23,880,tablet,100mg,10.0,strip,42.0,False
5524,Angizem CD 180 Capsule ER,195,13,capsule,180mg,10.0,strip,280.0,False
5525,Axotum gm 1000mg/125mg Injection,241,881,injection,1000mg,,,111.86,False
5526,Adee Tablet,88,374,tablet,,10.0,strip,85.0,False
5531,Acifine SP 100mg/500mg/15mg Tablet,16,463,tablet,100mg,10.0,strip,57.0,False
5532,Acifine SP 100mg/500mg/15mg Tablet,23,463,tablet,100mg,10.0,strip,57.0,False
5533,Atorvee 10mg Tablet,33,583,tablet,10mg,10.0,strip,38.0,False
5534,Atorvee 10mg Tablet,1502,583,tablet,10mg,10.0,strip,38.0,False
5535,Atorvee 10mg Tablet,1755,583,tablet,10mg,10.0,strip,38.0,False
5537,Anglospas 10 mg/250 mg Tablet,178,209,tablet,10mg,10.0,strip,6.25,False
5538,Anglospas 10 mg/250 mg Tablet,291,209,tablet,10mg,10.0,strip,6.25,False
5539,Anglospas 10 mg/250 mg Tablet,310,209,tablet,10mg,10.0,strip,6.25,False
5540,Amlomed 5mg Tablet,20,142,tablet,5mg,10.0,strip,17.25,False
5542,AGA-DT Tablet,482,550,tablet,0.5mg,10.0,strip,180.0,False
5544,Aclon-P 100mg/500mg Tablet,16,160,tablet,100mg,10.0,strip,32.0,False
5545,Aclon-P 100mg/500mg Tablet,23,160,tablet,100mg,10.0,strip,32.0,False
5547,Alpha Beta-Click Injection,483,887,injection,150mg,2.0,ml,85.0,False
5548,Aclopen 100mg Tablet,16,50,tablet,100mg,10.0,strip,39.0,False
5549,Aclopen 100mg Tablet,23,50,tablet,100mg,10.0,strip,39.0,False
5551,Azunate AB 150mg Injection,452,33,injection,150mg,2.0,ml,79.5,False
5552,Amrofix 625 Tablet,1,424,tablet,500mg,10.0,strip,176.8,False
5553,Axpert-Plus Tablet,16,888,tablet,100mg,10.0,strip,69.0,False
5554,Axpert-Plus Tablet,23,888,tablet,100mg,10.0,strip,69.0,False
5557,Acon Tablet,16,890,tablet,100mg,10.0,strip,46.5,False
5558,Acon Tablet,23,890,tablet,100mg,10.0,strip,46.5,False
5562,Azirol 500mg Tablet,2,775,tablet,500mg,10.0,strip,69.0,False
5563,Amoxible 500 Capsule,1,130,capsule,500mg,10.0,strip,30.0,False
5564,Actavir Tablet,404,24,tablet,200mg,10.0,strip,690.0,False
5565,Aztel Trio 40mg/5mg/6.25mg Tablet,83,257,tablet,40mg,10.0,strip,72.0,False
5566,Azik 500mg Tablet,2,892,tablet,500mg,10.0,strip,200.0,False
5568,Acifine P 100mg/500mg Tablet,16,463,tablet,100mg,10.0,strip,38.0,False
5569,Acifine P 100mg/500mg Tablet,23,463,tablet,100mg,10.0,strip,38.0,False
5570,Atrapure 25mg/ml Injection,239,20,injection,25mg/ml,,,129.81,False
5571,Atorstin 20mg Tablet,33,49,tablet,20mg,10.0,strip,135.07,False
5572,Atorstin 20mg Tablet,1502,49,tablet,20mg,10.0,strip,135.07,False
5573,Atorstin 20mg Tablet,1755,49,tablet,20mg,10.0,strip,135.07,False
5575,Amoxy Bill CV Dry Syrup,1,624,syrup,200mg,30.0,bottle,62.5,False
5576,Alidil 5mg Tablet,94,154,tablet,5mg,10.0,strip,20.0,False
5577,Ambival 25mg Tablet,35,320,tablet,25mg,10.0,strip,23.86,False
5578,Ambival 25mg Tablet,136,320,tablet,25mg,10.0,strip,23.86,False
5579,Acepro 100mg/500mg Tablet,16,895,tablet,100mg,10.0,strip,29.5,False
5580,Acepro 100mg/500mg Tablet,23,895,tablet,100mg,10.0,strip,29.5,False
5581,Amonil CV Tablet,1,485,tablet,500mg,6.0,strip,120.0,False
5586,Actopan 40mg Tablet,281,673,tablet,40mg,10.0,strip,65.4,False
5587,Actopan 40mg Tablet,1077,673,tablet,40mg,10.0,strip,65.4,False
5588,Amcard 10 Tablet,20,23,tablet,10mg,10.0,strip,34.0,False
5589,Aldopam 250mg Tablet,215,104,tablet,250mg,10.0,strip,32.84,False
5590,Allopurizol 300 Tablet,479,130,tablet,300mg,10.0,strip,33.0,False
5591,Aspo 75 Tablet,132,130,tablet,75mg,14.0,strip,8.5,False
5592,Aspo 75 Tablet,1166,130,tablet,75mg,14.0,strip,8.5,False
5593,Aspo 75 Tablet,1537,130,tablet,75mg,14.0,strip,8.5,False
5594,Aspo 75 Tablet,1670,130,tablet,75mg,14.0,strip,8.5,False
5595,Adequet 25 Tablet,484,5,tablet,25mg,10.0,strip,41.1,False
5596,Amloz L  Tablet,20,166,tablet,5mg,10.0,strip,115.8,False
5597,Azal 500 Tablet,2,898,tablet,500mg,3.0,strip,81.32,False
5598,Apcil Tablet,1,414,tablet,500mg,10.0,strip,6.98,False
5600,Atro Injection,75,118,injection,,1.0,ml,2.47,False
5601,Atro Injection,1190,118,injection,,1.0,ml,2.47,False
5602,Anchlor-DX Eye Ointment,485,617,ointment,10mg,5.0,tube,75.0,False
5603,Anchlor-DX Eye Ointment,589,617,ointment,10mg,5.0,tube,75.0,False
5610,Alkasyp Syrup,22,677,syrup,1.38gm,100.0,bottle,60.0,False
5611,Anxifree Tablet,153,99,tablet,0.5mg,10.0,strip,84.7,False
5612,Anxifree Tablet,486,99,tablet,0.5mg,10.0,strip,84.7,False
5613,Acefex P 100mg/325mg Tablet,16,21,tablet,100mg,10.0,strip,11.25,False
5614,Acefex P 100mg/325mg Tablet,23,21,tablet,100mg,10.0,strip,11.25,False
5615,Avi DSR Capsule,18,172,capsule,30mg,10.0,strip,82.0,False
5616,Avi DSR Capsule,302,172,capsule,30mg,10.0,strip,82.0,False
5617,Avi DSR Capsule,558,172,capsule,30mg,10.0,strip,82.0,False
5618,Anxizide 10mg Tablet,321,154,tablet,10mg,10.0,strip,10.0,False
5620,ATR 10mg Tablet,33,297,tablet,10mg,10.0,strip,55.77,False
5621,ATR 10mg Tablet,1502,297,tablet,10mg,10.0,strip,55.77,False
5622,ATR 10mg Tablet,1755,297,tablet,10mg,10.0,strip,55.77,False
5623,Aceclofast -SP 100mg/325mg/10mg Tablet,16,493,tablet,100mg,10.0,strip,110.0,False
5624,Aceclofast -SP 100mg/325mg/10mg Tablet,23,493,tablet,100mg,10.0,strip,110.0,False
5626,Acegrow-SR Tablet,28,124,tablet,200mg,10.0,strip,176.35,False
5627,Acegrow-SR Tablet,1297,124,tablet,200mg,10.0,strip,176.35,False
5628,Acegrow-SR Tablet,1553,124,tablet,200mg,10.0,strip,176.35,False
5629,Asys SP Tablet,16,901,tablet,100mg,10.0,strip,85.0,False
5630,Asys SP Tablet,23,901,tablet,100mg,10.0,strip,85.0,False
5631,Aknea 20 Softgel Capsule,129,902,capsule,20mg,,,180.0,False
5632,Azintas 250 Tablet,2,25,tablet,250mg,6.0,strip,68.07,False
5635,Ark 75mg Tablet,247,31,tablet,75mg,10.0,strip,45.0,False
5636,Ark 75mg Tablet,759,31,tablet,75mg,10.0,strip,45.0,False
5637,Avessa 6 mcg/250 mcg Capsule,208,13,capsule,,30.0,units,395.0,False
5638,Apcyp-T Syrup,48,903,syrup,2mg,200.0,bottle,62.0,False
5641,Amoxicorn-CV 625 Tablet,1,887,tablet,500mg,6.0,strip,130.0,False
5642,Avopact 100mg/325mg Tablet,16,646,tablet,100mg,10.0,strip,45.0,False
5643,Avopact 100mg/325mg Tablet,23,646,tablet,100mg,10.0,strip,45.0,False
5644,Acylofen P 100mg/325mg Tablet,16,345,tablet,100mg,10.0,strip,63.0,False
5645,Acylofen P 100mg/325mg Tablet,23,345,tablet,100mg,10.0,strip,63.0,False
5647,Anmol 50mg/500mg Tablet,37,875,tablet,50mg,10.0,strip,32.23,False
5648,Anmol 50mg/500mg Tablet,686,875,tablet,50mg,10.0,strip,32.23,False
5649,Allerhin D Plus 120mg Tablet,4,411,tablet,120mg,10.0,strip,31.41,False
5650,Acebel-P 100mg/500mg Tablet,16,255,tablet,100mg,10.0,strip,35.0,False
5651,Acebel-P 100mg/500mg Tablet,23,255,tablet,100mg,10.0,strip,35.0,False
5652,Amino 500 Injection,38,906,injection,500mg,2.0,ml,75.0,False
5658,Acenac-N Tablet PR,16,29,tablet,200mg,10.0,strip,182.0,False
5659,Acenac-N Tablet PR,23,29,tablet,200mg,10.0,strip,182.0,False
5662,Apz 10 Tablet,91,360,tablet,10mg,10.0,strip,88.0,False
5664,A Trax 250mg Injection,241,745,injection,250mg,,,24.6,False
5665,Astecef 200mg Tablet,183,567,tablet,200mg,10.0,strip,145.9,False
5667,Azneten M Tablet ER,144,855,tablet,500mg,10.0,strip,117.0,False
5670,Ascapil A Tablet,113,5,tablet,6mg,1.0,strip,19.72,False
5671,Arthocerin-DG Tablet,455,116,tablet,50mg,10.0,strip,178.0,False
5672,Arthocerin-DG Tablet,1563,116,tablet,50mg,10.0,strip,178.0,False
5675,Alaska Tablet,488,96,tablet,,10.0,strip,77.0,False
5676,Alaska Tablet,1679,96,tablet,,10.0,strip,77.0,False
5677,Azafly 50mg Tablet,40,215,tablet,50mg,10.0,strip,106.26,False
5678,Alpha Ketozox Tablet,142,39,tablet,,10.0,strip,410.0,False
5681,Arbitel-80 AM Tablet,83,24,tablet,80mg,10.0,strip,153.0,False
5684,Aceone SP Tablet,16,913,tablet,100mg,10.0,strip,75.0,False
5685,Aceone SP Tablet,23,913,tablet,100mg,10.0,strip,75.0,False
5689,Aptocef Plus Tablet,147,311,tablet,500mg,10.0,strip,799.0,False
5690,Ameox 10mg Tablet,35,914,tablet,10mg,10.0,strip,25.08,False
5691,Ameox 10mg Tablet,136,914,tablet,10mg,10.0,strip,25.08,False
5692,Ambril Plus Syrup,3,158,syrup,15mg/5ml,100.0,bottle,95.0,False
5693,Ambril Plus Syrup,49,158,syrup,15mg/5ml,100.0,bottle,95.0,False
5694,Ambril Plus Syrup,73,158,syrup,15mg/5ml,100.0,bottle,95.0,False
5695,Ambril Plus Syrup,743,158,syrup,15mg/5ml,100.0,bottle,95.0,False
5696,Altonin Tablet PR,491,134,tablet,100mg,10.0,strip,152.0,False
5703,Almac 0.5mg Tablet DT,175,373,tablet,0.5mg,10.0,strip,29.5,False
5704,Almac 0.5mg Tablet DT,179,373,tablet,0.5mg,10.0,strip,29.5,False
5705,Artefan 80mg/480mg Tablet,366,915,tablet,80mg,10.0,strip,175.0,False
5707,Acloflex SP 100mg/325mg/15mg Tablet,16,118,tablet,100mg,10.0,strip,80.0,False
5708,Acloflex SP 100mg/325mg/15mg Tablet,23,118,tablet,100mg,10.0,strip,80.0,False
5709,Actodol-P Tablet,67,544,tablet,325mg,10.0,strip,50.0,False
5710,Actodol-P Tablet,1668,544,tablet,325mg,10.0,strip,50.0,False
5711,Alnase P 100mg/325mg Tablet,16,454,tablet,100mg,10.0,strip,60.0,False
5712,Alnase P 100mg/325mg Tablet,23,454,tablet,100mg,10.0,strip,60.0,False
5713,Alleto-LM Tablet,94,916,tablet,5mg,10.0,strip,102.0,False
5715,Averzine 10 Tablet,7,191,tablet,10mg,15.0,strip,42.0,False
5719,Alecloz 180 Tablet,4,113,tablet,180mg,10.0,strip,140.0,False
5720,Acepil-P 100mg/500mg Tablet,16,919,tablet,100mg,10.0,strip,29.5,False
5721,Acepil-P 100mg/500mg Tablet,23,919,tablet,100mg,10.0,strip,29.5,False
5722,Alfagaba NT Tablet,199,230,tablet,400mg,10.0,strip,215.0,False
5723,Alfagaba NT Tablet,284,230,tablet,400mg,10.0,strip,215.0,False
5724,Alfagaba NT Tablet,1122,230,tablet,400mg,10.0,strip,215.0,False
5725,Arifine 7.5mg Tablet,91,95,tablet,7.5mg,10.0,strip,100.0,False
5726,Alciclav 625 Tablet,1,850,tablet,500mg,6.0,strip,118.0,False
5727,Acevir-SP Tablet,16,920,tablet,100mg,10.0,strip,85.0,False
5728,Acevir-SP Tablet,23,920,tablet,100mg,10.0,strip,85.0,False
5729,Alnacob Forte Tablet,380,454,tablet,100mg,10.0,strip,135.0,False
5730,Alfustat 10mg Tablet,24,26,tablet,10mg,15.0,strip,180.0,False
5731,Amlodose 5 Tablet,20,39,tablet,5mg,10.0,strip,24.4,False
5732,Ascodex Cough Tablet,68,3,tablet,8mg,10.0,strip,45.0,False
5733,Ascodex Cough Tablet,386,3,tablet,8mg,10.0,strip,45.0,False
5734,Ascodex Cough Tablet,592,3,tablet,8mg,10.0,strip,45.0,False
5735,Ascodex Cough Tablet,830,3,tablet,8mg,10.0,strip,45.0,False
5736,Acecloflam SP 100mg/500mg/10mg Tablet,16,297,tablet,100mg,10.0,strip,102.0,False
5737,Acecloflam SP 100mg/500mg/10mg Tablet,23,297,tablet,100mg,10.0,strip,102.0,False
5738,Aclova-SP Tablet,16,376,tablet,100mg,10.0,strip,82.0,False
5739,Aclova-SP Tablet,23,376,tablet,100mg,10.0,strip,82.0,False
5741,Amiford 10mg Tablet,35,456,tablet,10mg,10.0,strip,20.0,False
5742,Amiford 10mg Tablet,136,456,tablet,10mg,10.0,strip,20.0,False
5745,Alsatinib Tablet,492,15,tablet,100mg,30.0,units,2899.0,False
5746,Axemal Tablet,332,99,tablet,200mg,10.0,strip,66.52,False
5748,Amiz 500mg Injection,38,922,injection,500mg/2ml,2.0,ml,60.0,False
5749,Amy CV 500mg/125mg Tablet,1,923,tablet,500mg,10.0,strip,182.5,False
5750,Axipan 40mg Tablet,281,913,tablet,40mg,10.0,strip,75.0,False
5751,Axipan 40mg Tablet,1077,913,tablet,40mg,10.0,strip,75.0,False
5756,Acopep Tablet,50,21,tablet,100mg,10.0,strip,190.0,False
5757,Alkapil Syrup,22,154,syrup,,100.0,bottle,40.0,False
5758,Alcid S Syrup,253,15,syrup,,170.0,bottle,29.37,False
5759,Alcid S Syrup,1674,15,syrup,,170.0,bottle,29.37,False
5760,Abcef O 200mg/200mg Tablet,183,428,tablet,200mg,10.0,strip,146.86,False
5761,Acenil SP Tablet,16,485,tablet,100mg,10.0,strip,55.0,False
5762,Acenil SP Tablet,23,485,tablet,100mg,10.0,strip,55.0,False
5763,Alencef 200mg Tablet DT,183,503,tablet,200mg,10.0,strip,89.0,False
5764,Atoder A 10mg/75mg Capsule,33,26,capsule,10mg,15.0,strip,45.0,False
5765,Atoder A 10mg/75mg Capsule,1502,26,capsule,10mg,15.0,strip,45.0,False
5766,Atoder A 10mg/75mg Capsule,1755,26,capsule,10mg,15.0,strip,45.0,False
5767,Astepod-CV 325 Tablet,346,567,tablet,200mg,10.0,strip,286.0,False
5768,Astepod-CV 325 Tablet,593,567,tablet,200mg,10.0,strip,286.0,False
5769,Asar 80 Tablet,146,3,tablet,80mg,10.0,strip,208.5,False
5770,Antiplar 75mg Tablet,444,46,tablet,75mg,10.0,strip,39.99,False
5771,Afdiz 500mg Tablet,2,209,tablet,500mg,3.0,strip,28.75,False
5772,Abraxane 100mg Injection,493,219,injection,100mg,,,16640.0,False
5773,Acepro-SP Tablet,16,895,tablet,100mg,10.0,strip,59.0,False
5774,Acepro-SP Tablet,23,895,tablet,100mg,10.0,strip,59.0,False
5775,Apz 5mg Tablet,91,360,tablet,5mg,10.0,strip,55.0,False
5779,Acecloflam P Syrup,16,297,syrup,50mg/5ml,60.0,bottle,45.0,False
5780,Acecloflam P Syrup,23,297,syrup,50mg/5ml,60.0,bottle,45.0,False
5781,Ascotus Syrup,468,926,syrup,138mg/5ml,100.0,bottle,65.0,False
5782,Ascotus Syrup,494,926,syrup,138mg/5ml,100.0,bottle,65.0,False
5784,Amoxipen 500mg Capsule,1,322,capsule,500mg,10.0,strip,81.75,False
5787,Amaze 20mg Capsule,360,929,capsule,20mg,20.0,strip,76.0,False
5788,Anxidol 25mg Tablet,7,498,tablet,25mg,10.0,strip,47.0,False
5789,Ayufen 100mg/325mg Tablet,16,930,tablet,100mg,10.0,strip,45.0,False
5790,Ayufen 100mg/325mg Tablet,23,930,tablet,100mg,10.0,strip,45.0,False
5791,Aziresp 250 Tablet,2,149,tablet,250mg,10.0,strip,101.0,False
5792,Alphacept-D4 Tablet,216,19,tablet,4mg,10.0,strip,302.0,False
5793,Angicam-H 5mg/12.5mg Tablet,20,62,tablet,5mg,15.0,strip,30.0,False
5797,Acitec D 10mg/20mg Capsule,18,932,capsule,10mg,20.0,strip,90.0,False
5798,Acitec D 10mg/20mg Capsule,302,932,capsule,10mg,20.0,strip,90.0,False
5799,Acitec D 10mg/20mg Capsule,558,932,capsule,10mg,20.0,strip,90.0,False
5801,Azbact 500mg Tablet,2,934,tablet,500mg,3.0,strip,22.0,False
5802,Alfenac-P 100mg/500mg Tablet,16,935,tablet,100mg,10.0,strip,41.0,False
5803,Alfenac-P 100mg/500mg Tablet,23,935,tablet,100mg,10.0,strip,41.0,False
5806,Aziboom 500mg Tablet,2,937,tablet,500mg,3.0,strip,70.0,False
5807,Abevmy 400mg Injection,187,121,injection,400mg,,,35120.0,False
5809,Alerfri AF Syrup,27,125,syrup,,60.0,bottle,52.25,False
5818,Alprazol 0.5mg Tablet,15,941,tablet,0.5mg,10.0,strip,15.5,False
5819,Alprazol 0.5mg Tablet,150,941,tablet,0.5mg,10.0,strip,15.5,False
5820,Alprazol 0.5mg Tablet,1561,941,tablet,0.5mg,10.0,strip,15.5,False
5821,Alprazol 0.5mg Tablet,1624,941,tablet,0.5mg,10.0,strip,15.5,False
5822,Alcet 10mg Tablet,52,312,tablet,10mg,10.0,strip,11.37,False
5823,Azic 500 Tablet,2,722,tablet,500mg,3.0,strip,65.0,False
5824,Acec P 100mg/325mg Tablet,16,942,tablet,100mg,10.0,strip,31.75,False
5825,Acec P 100mg/325mg Tablet,23,942,tablet,100mg,10.0,strip,31.75,False
5826,Alpranof 0.5mg Tablet,15,825,tablet,0.5mg,10.0,strip,19.0,False
5827,Alpranof 0.5mg Tablet,150,825,tablet,0.5mg,10.0,strip,19.0,False
5828,Alpranof 0.5mg Tablet,1561,825,tablet,0.5mg,10.0,strip,19.0,False
5829,Alpranof 0.5mg Tablet,1624,825,tablet,0.5mg,10.0,strip,19.0,False
5830,Apit Syrup,48,338,syrup,2mg,200.0,bottle,85.0,False
5831,Asozen-Forte Tablet,16,130,tablet,100mg,10.0,strip,18.0,False
5832,Asozen-Forte Tablet,23,130,tablet,100mg,10.0,strip,18.0,False
5833,Azad 500mg Tablet,2,120,tablet,500mg,3.0,strip,61.79,False
5834,Adwin 500mg Tablet,60,943,tablet,500mg,10.0,strip,19.75,False
5835,Adwin 500mg Tablet,764,943,tablet,500mg,10.0,strip,19.75,False
5840,A Tret 10mg Capsule,127,531,capsule,10mg,10.0,strip,270.0,False
5841,Anzifen SP Tablet,16,683,tablet,100mg,10.0,strip,65.0,False
5842,Anzifen SP Tablet,23,683,tablet,100mg,10.0,strip,65.0,False
5843,Astofen-P Tablet,16,877,tablet,100mg,10.0,strip,40.0,False
5844,Astofen-P Tablet,23,877,tablet,100mg,10.0,strip,40.0,False
5845,Alrega-NT Tablet,151,127,tablet,75mg,10.0,strip,85.0,False
5846,Atenova 50mg Tablet,79,19,tablet,50mg,14.0,strip,25.85,False
5847,Acenac 150mg Injection,16,29,injection,150mg,1.0,ml,15.0,False
5848,Acenac 150mg Injection,23,29,injection,150mg,1.0,ml,15.0,False
5849,Acloson SP Tablet,16,946,tablet,100mg,10.0,strip,55.0,False
5850,Acloson SP Tablet,23,946,tablet,100mg,10.0,strip,55.0,False
5851,Acirab-DSR Capsule,18,565,capsule,30mg,10.0,strip,65.0,False
5852,Acirab-DSR Capsule,302,565,capsule,30mg,10.0,strip,65.0,False
5853,Acirab-DSR Capsule,558,565,capsule,30mg,10.0,strip,65.0,False
5857,Ara-SP Tablet,16,910,tablet,100mg,10.0,strip,78.0,False
5858,Ara-SP Tablet,23,910,tablet,100mg,10.0,strip,78.0,False
5859,Atorin 40mg Tablet,33,29,tablet,40mg,10.0,strip,209.8,False
5860,Atorin 40mg Tablet,1502,29,tablet,40mg,10.0,strip,209.8,False
5861,Atorin 40mg Tablet,1755,29,tablet,40mg,10.0,strip,209.8,False
5866,Aclosara P 100mg/325mg Tablet,16,949,tablet,100mg,10.0,strip,30.0,False
5867,Aclosara P 100mg/325mg Tablet,23,949,tablet,100mg,10.0,strip,30.0,False
5872,Atrovast 10mg Tablet,33,417,tablet,10mg,10.0,strip,60.1,False
5873,Atrovast 10mg Tablet,1502,417,tablet,10mg,10.0,strip,60.1,False
5874,Atrovast 10mg Tablet,1755,417,tablet,10mg,10.0,strip,60.1,False
5877,Aceden-SP Tablet,16,308,tablet,100mg,10.0,strip,69.0,False
5878,Aceden-SP Tablet,23,308,tablet,100mg,10.0,strip,69.0,False
5879,Acefe-P Tablet,16,278,tablet,100mg,10.0,strip,29.0,False
5880,Acefe-P Tablet,23,278,tablet,100mg,10.0,strip,29.0,False
5881,Apitus Syrup,48,770,syrup,2mg/5ml,200.0,bottle,69.0,False
5882,Alnagest 200 SR Tablet,161,454,tablet,200mg,10.0,strip,315.0,False
5883,Albavir Tablet,367,121,tablet,600mg,30.0,strip,1486.0,False
5887,Atekind 50mg Tablet,79,12,tablet,50mg,14.0,strip,20.43,False
5888,Axepine 50mg Tablet,378,954,tablet,50mg,10.0,strip,85.0,False
5889,Azitar 500mg Tablet,2,628,tablet,500mg,10.0,strip,290.0,False
5890,Axirab A Capsule SR,16,172,capsule,200mg,10.0,strip,100.0,False
5891,Axirab A Capsule SR,23,172,capsule,200mg,10.0,strip,100.0,False
5892,Anti CC Plus Syrup,27,411,syrup,2mg/5ml,60.0,bottle,59.4,False
5893,Apremist 30mg Tablet,81,73,tablet,30mg,10.0,strip,206.25,False
5894,Aclozest MR Tablet,16,373,tablet,100mg,10.0,strip,79.5,False
5895,Aclozest MR Tablet,23,373,tablet,100mg,10.0,strip,79.5,False
5896,Azit 500mg Tablet,2,955,tablet,500mg,3.0,strip,65.0,False
5902,Azidoc 500mg Tablet,2,957,tablet,500mg,3.0,strip,69.0,False
5903,Abrolin Capsule,28,890,capsule,100mg,10.0,strip,93.6,False
5904,Abrolin Capsule,1297,890,capsule,100mg,10.0,strip,93.6,False
5905,Abrolin Capsule,1553,890,capsule,100mg,10.0,strip,93.6,False
5910,Acupain 50mg Capsule,445,959,capsule,50mg,10.0,strip,45.0,False
5911,Acupain 50mg Capsule,447,959,capsule,50mg,10.0,strip,45.0,False
5912,A2D Capsule,151,960,capsule,25mg,10.0,strip,65.0,False
5913,Atokem 10mg Tablet,244,15,tablet,10mg,10.0,strip,55.0,False
5918,Acemizrab 200mg/20mg Capsule SR,16,19,capsule,200mg,10.0,strip,217.6,False
5919,Acemizrab 200mg/20mg Capsule SR,23,19,capsule,200mg,10.0,strip,217.6,False
5920,Aben Tablet,13,118,tablet,,1.0,strip,1.68,False
5921,Astepod 200mg Tablet,346,567,tablet,200mg,10.0,strip,196.9,False
5922,Astepod 200mg Tablet,593,567,tablet,200mg,10.0,strip,196.9,False
5923,Axn 333mg Tablet,1,603,tablet,333mg,10.0,strip,69.0,False
5924,Atecard-AM Tablet,20,2,tablet,5mg,14.0,strip,111.9,False
5927,Arvast 15 Tablet,166,25,tablet,15mg,10.0,strip,256.0,False
5928,Afo Kit 1000 mg/750 mg/150 mg Tablet,2,61,tablet,1000mg,4.0,strip,41.25,False
5929,Alertus Oral Drops,94,962,drops,,15.0,ml,46.0,False
5934,Anzy 500mg Tablet,2,943,tablet,500mg,10.0,strip,75.0,False
5943,Aknea 10 Softgel Capsule,129,902,capsule,10mg,,,110.0,False
5944,Aspivas 10 mg/75 mg Capsule,33,24,capsule,10mg,10.0,strip,18.63,False
5945,Aspivas 10 mg/75 mg Capsule,1502,24,capsule,10mg,10.0,strip,18.63,False
5946,Aspivas 10 mg/75 mg Capsule,1755,24,capsule,10mg,10.0,strip,18.63,False
5947,Allygest 5 Tablet,226,659,tablet,5mg,10.0,strip,92.0,False
5948,Acestine T Tablet,458,734,tablet,500mg,15.0,strip,170.0,False
5951,Arden 250mg Tablet,60,273,tablet,250mg,10.0,strip,20.57,False
5952,Arden 250mg Tablet,764,273,tablet,250mg,10.0,strip,20.57,False
5953,Astecef O 200mg/200mg Tablet,183,567,tablet,200mg,10.0,strip,159.9,False
5954,Acecure Plus 100mg/325mg Tablet,16,791,tablet,100mg,10.0,strip,40.0,False
5955,Acecure Plus 100mg/325mg Tablet,23,791,tablet,100mg,10.0,strip,40.0,False
5956,Amitin 25mg Tablet,35,381,tablet,25mg,10.0,strip,22.5,False
5957,Amitin 25mg Tablet,136,381,tablet,25mg,10.0,strip,22.5,False
5958,Atormac 5 Tablet,33,33,tablet,5mg,10.0,strip,62.7,False
5959,Atormac 5 Tablet,1502,33,tablet,5mg,10.0,strip,62.7,False
5960,Atormac 5 Tablet,1755,33,tablet,5mg,10.0,strip,62.7,False
5961,Argex 500mg Capsule,2,260,capsule,500mg,3.0,strip,93.78,False
5962,Aclopic SP Tablet,16,194,tablet,100mg,10.0,strip,72.25,False
5963,Aclopic SP Tablet,23,194,tablet,100mg,10.0,strip,72.25,False
5964,Avpred 80mg Injection,420,505,injection,80mg,2.0,ml,129.9,False
5965,Apnicaf Injection,106,5,injection,10mg,3.0,ml,764.89,False
5966,Apnicaf Injection,267,5,injection,10mg,3.0,ml,764.89,False
5967,Apnicaf Injection,323,5,injection,10mg,3.0,ml,764.89,False
5970,Azinova 500mg Tablet,2,967,tablet,500mg,3.0,strip,48.25,False
5971,Ambrolite St 100 mg/30 mg/2 mg Tablet,496,34,tablet,100mg,10.0,strip,47.7,False
5972,Ambrolite St 100 mg/30 mg/2 mg Tablet,1509,34,tablet,100mg,10.0,strip,47.7,False
5973,Analiv 100 mg/250 mg Tablet,207,23,tablet,100mg,10.0,strip,92.0,False
5974,Axel SP Tablet,16,968,tablet,100mg,10.0,strip,72.0,False
5975,Axel SP Tablet,23,968,tablet,100mg,10.0,strip,72.0,False
5976,Anspas 20mg/500mg Tablet,178,434,tablet,20mg,10.0,strip,12.0,False
5977,Anspas 20mg/500mg Tablet,291,434,tablet,20mg,10.0,strip,12.0,False
5978,Anspas 20mg/500mg Tablet,310,434,tablet,20mg,10.0,strip,12.0,False
5983,Atorica 40 Tablet,33,254,tablet,40mg,15.0,strip,245.0,False
5984,Atorica 40 Tablet,1502,254,tablet,40mg,15.0,strip,245.0,False
5985,Atorica 40 Tablet,1755,254,tablet,40mg,15.0,strip,245.0,False
5993,Alkatis Syrup,22,823,syrup,1.4gm,100.0,bottle,61.0,False
5994,Algina Plus 50mg/650mg Tablet,106,275,tablet,50mg,10.0,strip,12.17,False
5995,Algina Plus 50mg/650mg Tablet,267,275,tablet,50mg,10.0,strip,12.17,False
5996,Algina Plus 50mg/650mg Tablet,323,275,tablet,50mg,10.0,strip,12.17,False
5997,Avoxy-CV 625 Tablet,1,866,tablet,500mg,6.0,strip,132.0,False
5998,Allerfex 120mg Tablet,4,11,tablet,120mg,10.0,strip,117.04,False
5999,Angofen-SP Tablet,16,971,tablet,100mg,10.0,strip,75.4,False
6000,Angofen-SP Tablet,23,971,tablet,100mg,10.0,strip,75.4,False
6001,Angicorn 500mg Tablet ER,403,344,tablet,500mg,10.0,strip,148.5,False
6004,Abura 250mg Tablet,231,248,tablet,250mg,30.0,units,15178.6,False
6005,Accuzon 250 Injection,241,33,injection,250mg,5.0,ml,24.52,False
6006,Alfutag 10mg Tablet ER,24,373,tablet,10mg,10.0,strip,105.0,False
6007,Amgro Syrup,48,730,syrup,2mg,200.0,bottle,90.0,False
6019,Aceclopure SP Tablet,16,11,tablet,100mg,10.0,strip,16.25,False
6020,Aceclopure SP Tablet,23,11,tablet,100mg,10.0,strip,16.25,False
6021,Amiject 250mg Injection,38,15,injection,250mg,2.0,ml,34.0,False
6022,Aceta P 100mg/500mg Tablet,16,321,tablet,100mg,10.0,strip,29.68,False
6023,Aceta P 100mg/500mg Tablet,23,321,tablet,100mg,10.0,strip,29.68,False
6024,Augpen  Kid 200 mg/28.5 mg Tablet DT,1,57,tablet,200mg,10.0,strip,110.0,False
6027,Amitide Tablet,35,373,tablet,12.5mg,10.0,strip,32.5,False
6028,Amitide Tablet,136,373,tablet,12.5mg,10.0,strip,32.5,False
6029,Acosil-D Tablet,119,21,tablet,80mg,10.0,strip,120.0,False
6030,Acosil-D Tablet,220,21,tablet,80mg,10.0,strip,120.0,False
6031,Acosil-D Tablet,1619,21,tablet,80mg,10.0,strip,120.0,False
6032,Aclotab PR 100mg/500mg Tablet,16,697,tablet,100mg,10.0,strip,39.0,False
6033,Aclotab PR 100mg/500mg Tablet,23,697,tablet,100mg,10.0,strip,39.0,False
6034,Acenet P 100mg/325mg Tablet,16,371,tablet,100mg,10.0,strip,38.0,False
6035,Acenet P 100mg/325mg Tablet,23,371,tablet,100mg,10.0,strip,38.0,False
6036,Astegra 180mg Tablet,4,227,tablet,180mg,10.0,strip,160.0,False
6042,Azimax 500 Tablet,2,6,tablet,500mg,3.0,strip,71.7,False
6046,Angizem 60 Tablet MR,195,13,tablet,60mg,10.0,strip,53.49,False
6047,Alkarol 1.53mg Syrup,22,160,syrup,1.53mg,100.0,bottle,45.0,False
6049,Auricle Ear Drop,498,981,drops,,5.0,bottle,70.0,False
6050,Auricle Ear Drop,932,981,drops,,5.0,bottle,70.0,False
6051,Alnacer FP 100mg/325mg Tablet,463,454,tablet,100mg,10.0,strip,175.0,False
6052,Alnacer FP 100mg/325mg Tablet,465,454,tablet,100mg,10.0,strip,175.0,False
6054,Abtelmi 40mg Tablet,83,5,tablet,40mg,10.0,strip,73.96,False
6058,ATR 80 Tablet,33,297,tablet,80mg,10.0,strip,350.0,False
6059,ATR 80 Tablet,1502,297,tablet,80mg,10.0,strip,350.0,False
6060,ATR 80 Tablet,1755,297,tablet,80mg,10.0,strip,350.0,False
6061,Arthetrip Plus Tablet,16,349,tablet,100mg,10.0,strip,82.5,False
6062,Arthetrip Plus Tablet,23,349,tablet,100mg,10.0,strip,82.5,False
6063,Acimax SP Tablet,16,982,tablet,100mg,10.0,strip,61.9,False
6064,Acimax SP Tablet,23,982,tablet,100mg,10.0,strip,61.9,False
6066,Alpraquil 0.25mg Tablet,15,19,tablet,0.25mg,10.0,strip,16.07,False
6067,Alpraquil 0.25mg Tablet,150,19,tablet,0.25mg,10.0,strip,16.07,False
6068,Alpraquil 0.25mg Tablet,1561,19,tablet,0.25mg,10.0,strip,16.07,False
6069,Alpraquil 0.25mg Tablet,1624,19,tablet,0.25mg,10.0,strip,16.07,False
6070,Alentra 40mg Tablet,281,251,tablet,40mg,10.0,strip,72.45,False
6071,Alentra 40mg Tablet,1077,251,tablet,40mg,10.0,strip,72.45,False
6072,Ancolam 0.25mg Tablet,15,198,tablet,0.25mg,10.0,strip,10.3,False
6073,Ancolam 0.25mg Tablet,150,198,tablet,0.25mg,10.0,strip,10.3,False
6074,Ancolam 0.25mg Tablet,1561,198,tablet,0.25mg,10.0,strip,10.3,False
6075,Ancolam 0.25mg Tablet,1624,198,tablet,0.25mg,10.0,strip,10.3,False
6076,Aztic 250mg Tablet,2,790,tablet,250mg,6.0,strip,64.0,False
6077,ATV 20mg Tablet,33,287,tablet,20mg,10.0,strip,89.0,False
6078,ATV 20mg Tablet,1502,287,tablet,20mg,10.0,strip,89.0,False
6079,ATV 20mg Tablet,1755,287,tablet,20mg,10.0,strip,89.0,False
6080,Alkaset Syrup,22,920,syrup,1.37gm,100.0,bottle,68.0,False
6081,Amroxil CV 625 LB Tablet,1,127,tablet,500mg,6.0,strip,243.0,False
6082,Allercof Syrup,8,984,syrup,5mg/5ml,100.0,bottle,71.0,False
6083,Allercof Syrup,10,984,syrup,5mg/5ml,100.0,bottle,71.0,False
6084,Allercof Syrup,301,984,syrup,5mg/5ml,100.0,bottle,71.0,False
6085,Allercof Syrup,1251,984,syrup,5mg/5ml,100.0,bottle,71.0,False
6086,Allercof Syrup,1508,984,syrup,5mg/5ml,100.0,bottle,71.0,False
6087,Aller-LM Tablet,94,377,tablet,5mg,10.0,strip,96.4,False
6092,Anglopar 650 Tablet,60,209,tablet,650mg,10.0,strip,4.81,False
6093,Anglopar 650 Tablet,764,209,tablet,650mg,10.0,strip,4.81,False
6094,Ava 10mg Tablet,355,943,tablet,10mg,10.0,strip,75.0,False
6095,Acetam 650mg Tablet,60,986,tablet,650mg,10.0,strip,49.13,False
6096,Acetam 650mg Tablet,764,986,tablet,650mg,10.0,strip,49.13,False
6097,Amsha Plus 12.5mg/5mg Tablet,35,863,tablet,12.5mg,10.0,strip,24.0,False
6098,Amsha Plus 12.5mg/5mg Tablet,136,863,tablet,12.5mg,10.0,strip,24.0,False
6099,Acipact S 100mg/325mg/15mg Tablet,16,490,tablet,100mg,10.0,strip,75.0,False
6100,Acipact S 100mg/325mg/15mg Tablet,23,490,tablet,100mg,10.0,strip,75.0,False
6104,Antel 40mg Tablet,83,603,tablet,40mg,10.0,strip,30.5,False
6111,Ancef O 200mg Tablet,183,875,tablet,200mg,10.0,strip,199.5,False
6112,Algina 125mg/5ml Syrup,60,275,syrup,125mg/5ml,60.0,bottle,21.25,False
6113,Algina 125mg/5ml Syrup,764,275,syrup,125mg/5ml,60.0,bottle,21.25,False
6121,Alnamax GM 750mg/50mg/250mg Tablet,315,454,tablet,750mg,10.0,strip,139.0,False
6123,Apxaban 5 Tablet,98,39,tablet,5mg,10.0,strip,695.0,False
6124,Aripra 10mg Tablet,91,13,tablet,10mg,10.0,strip,57.45,False
6125,Algina Tablet,60,275,tablet,500mg,10.0,strip,6.91,False
6126,Algina Tablet,764,275,tablet,500mg,10.0,strip,6.91,False
6128,Acolate M Kid Tablet,94,96,tablet,2.5mg,10.0,strip,60.0,False
6129,AC Plus 100mg/500mg Tablet,16,406,tablet,100mg,10.0,strip,26.0,False
6130,AC Plus 100mg/500mg Tablet,23,406,tablet,100mg,10.0,strip,26.0,False
6134,Apofec SP Tablet,16,455,tablet,100mg,10.0,strip,85.0,False
6135,Apofec SP Tablet,23,455,tablet,100mg,10.0,strip,85.0,False
6136,Axid Capsule,501,31,capsule,,10.0,strip,40.53,False
6137,Astha Paed Syrup,30,442,syrup,,100.0,bottle,29.0,False
6138,Astha Paed Syrup,86,442,syrup,,100.0,bottle,29.0,False
6139,Astha Paed Syrup,364,442,syrup,,100.0,bottle,29.0,False
6140,A Trax 1000mg Injection,241,745,injection,1000mg,,,75.0,False
6141,Amfeta 150 Tablet ER,502,524,tablet,150mg,10.0,strip,117.0,False
6142,Algirest M Syrup,6,47,syrup,4mg/5ml,60.0,bottle,108.0,False
6143,Algirest M Syrup,521,47,syrup,4mg/5ml,60.0,bottle,108.0,False
6144,Alzero M Kid 2.5 mg/4 mg Tablet,94,112,tablet,2.5mg,10.0,strip,77.0,False
6145,Amiur 5mg Tablet,503,324,tablet,5mg,10.0,strip,41.0,False
6146,Amiur 5mg Tablet,519,324,tablet,5mg,10.0,strip,41.0,False
6148,Apriglim-MF 2 Tablet SR,41,254,tablet,2mg,15.0,strip,166.61,False
6149,Alkatop Syrup,22,992,syrup,1.37gm,100.0,bottle,75.0,False
6150,Albipin AT 5mg/50mg Tablet,20,74,tablet,5mg,14.0,strip,72.0,False
6154,Aldactone Plus 50mg/10mg Tablet,19,16,tablet,50mg,10.0,strip,19.0,False
6155,Amide 200mg Tablet,222,95,tablet,200mg,10.0,strip,275.0,False
6156,Acloveer 800 Tablet,47,297,tablet,800mg,10.0,strip,244.0,False
6157,Afdixim 200mg Tablet DT,183,209,tablet,200mg,10.0,strip,106.25,False
6158,AN 500 500mg Tablet,2,994,tablet,500mg,3.0,strip,60.58,False
6160,Auribact Ear Drop,31,995,drops,,5.0,bottle,75.0,False
6161,Auribact Ear Drop,174,995,drops,,5.0,bottle,75.0,False
6163,Arthrovit Tablet,455,498,tablet,,10.0,strip,48.22,False
6164,Arthrovit Tablet,1563,498,tablet,,10.0,strip,48.22,False
6170,Algin P 100mg/325mg Tablet,16,96,tablet,100mg,10.0,strip,42.0,False
6171,Algin P 100mg/325mg Tablet,23,96,tablet,100mg,10.0,strip,42.0,False
6173,Actorab-LS Capsule SR,288,544,capsule,75mg,10.0,strip,140.0,False
6174,Actorab-LS Capsule SR,641,544,capsule,75mg,10.0,strip,140.0,False
6176,Axifur 1.5gm Injection,147,45,injection,1.5gm,,,292.0,False
6177,Alvikoff LS Syrup,3,347,syrup,15mg/5ml,100.0,bottle,93.0,False
6178,Alvikoff LS Syrup,49,347,syrup,15mg/5ml,100.0,bottle,93.0,False
6179,Alvikoff LS Syrup,73,347,syrup,15mg/5ml,100.0,bottle,93.0,False
6180,Alvikoff LS Syrup,743,347,syrup,15mg/5ml,100.0,bottle,93.0,False
6181,Azinetra 500mg Tablet,2,433,tablet,500mg,3.0,strip,85.0,False
6182,Axegliptin 20mg Tablet,198,49,tablet,20mg,10.0,strip,137.0,False
6183,Axegliptin 20mg Tablet,1171,49,tablet,20mg,10.0,strip,137.0,False
6185,Ancepod CV 200mg/125mg Tablet,346,603,tablet,200mg,10.0,strip,227.62,False
6186,Ancepod CV 200mg/125mg Tablet,593,603,tablet,200mg,10.0,strip,227.62,False
6189,Aciraz-DSR Capsule,18,1001,capsule,30mg,10.0,strip,59.0,False
6190,Aciraz-DSR Capsule,302,1001,capsule,30mg,10.0,strip,59.0,False
6191,Aciraz-DSR Capsule,558,1001,capsule,30mg,10.0,strip,59.0,False
6196,Acosha 100mg Tablet,50,240,tablet,100mg,10.0,strip,199.0,False
6199,Atvas 20mg Tablet,33,15,tablet,20mg,10.0,strip,165.2,False
6200,Atvas 20mg Tablet,1502,15,tablet,20mg,10.0,strip,165.2,False
6201,Atvas 20mg Tablet,1755,15,tablet,20mg,10.0,strip,165.2,False
6205,Azysafe 250mg Tablet,2,89,tablet,250mg,6.0,strip,70.69,False
6208,Amoxyjet-CV 625 Tablet,1,1006,tablet,500mg,6.0,strip,118.0,False
6210,Aclonac P Syrup,16,677,syrup,50mg,60.0,bottle,49.0,False
6211,Aclonac P Syrup,23,677,syrup,50mg,60.0,bottle,49.0,False
6212,Apliff Syrup,48,1007,syrup,2mg,200.0,bottle,95.0,False
6213,Acenomac 4mg Tablet,42,33,tablet,4mg,10.0,strip,110.0,False
6214,Amidol Tablet,60,1008,tablet,500mg,10.0,strip,21.77,False
6215,Amidol Tablet,764,1008,tablet,500mg,10.0,strip,21.77,False
6216,Acetar SP 100mg/325mg/10mg Tablet,16,403,tablet,100mg,10.0,strip,88.0,False
6217,Acetar SP 100mg/325mg/10mg Tablet,23,403,tablet,100mg,10.0,strip,88.0,False
6218,AK Plus 100mg/325mg Tablet,16,1009,tablet,100mg,10.0,strip,45.0,False
6219,AK Plus 100mg/325mg Tablet,23,1009,tablet,100mg,10.0,strip,45.0,False
6220,Ancef 1000mg Injection,241,875,injection,1000mg,,,52.3,False
6222,Alcoxia-P Tablet,441,351,tablet,60mg,10.0,strip,80.0,False
6223,Alcoxia-P Tablet,506,351,tablet,60mg,10.0,strip,80.0,False
6225,ACEBACT 375MG TABLET,398,604,tablet,375mg,10.0,strip,390.0,False
6226,Asunra 100mg Tablet,292,84,tablet,100mg,6.0,strip,275.0,False
6228,AL-D3 Soft Gelatin Capsule,25,478,capsule,,,,72.0,False
6229,Amoxible 250 Capsule,1,130,capsule,250mg,10.0,strip,25.0,False
6230,Azmet-VG 1 Tablet SR,41,257,tablet,1mg,10.0,strip,119.0,False
6233,Actopan D 10mg/40mg Tablet,18,673,tablet,10mg,10.0,strip,71.5,False
6234,Actopan D 10mg/40mg Tablet,302,673,tablet,10mg,10.0,strip,71.5,False
6235,Actopan D 10mg/40mg Tablet,558,673,tablet,10mg,10.0,strip,71.5,False
6236,Amlowel AT 5mg/50mg Tablet,20,468,tablet,5mg,14.0,strip,83.35,False
6241,Anmol P  Tablet,16,609,tablet,100mg,10.0,strip,39.9,False
6242,Anmol P  Tablet,23,609,tablet,100mg,10.0,strip,39.9,False
6243,Actinocin 0.5mg Injection,507,104,injection,0.5mg,,,495.0,False
6244,Amitias Plus 12.5mg/5mg Tablet,35,551,tablet,12.5mg,10.0,strip,25.0,False
6245,Amitias Plus 12.5mg/5mg Tablet,136,551,tablet,12.5mg,10.0,strip,25.0,False
6248,Arsulide P 100 mg/350 mg Tablet,37,844,tablet,100mg,10.0,strip,30.0,False
6249,Arsulide P 100 mg/350 mg Tablet,686,844,tablet,100mg,10.0,strip,30.0,False
6251,Auglink CV 500mg/125mg Tablet,1,174,tablet,500mg,10.0,strip,189.5,False
6254,Adyom 40mg Tablet,508,556,tablet,40mg,10.0,strip,80.0,False
6255,Acetec 25mg Capsule,127,7,capsule,25mg,10.0,strip,691.0,False
6256,Anti Snake Injection,509,80,injection,,10.0,ml,950.0,False
6259,Aprovel 300mg Tablet,461,4,tablet,300mg,14.0,strip,347.06,False
6260,Aprovel 300mg Tablet,1040,4,tablet,300mg,14.0,strip,347.06,False
6261,Aprovel 300mg Tablet,1399,4,tablet,300mg,14.0,strip,347.06,False
6264,Amoxil Clav Injection,1,139,injection,1000mg,,,129.05,False
6265,Acethama 200 SR Tablet,28,39,tablet,200mg,10.0,strip,175.0,False
6266,Acethama 200 SR Tablet,1297,39,tablet,200mg,10.0,strip,175.0,False
6267,Acethama 200 SR Tablet,1553,39,tablet,200mg,10.0,strip,175.0,False
6268,Azzen 500 Tablet,2,1015,tablet,500mg,3.0,strip,67.0,False
6269,Aceked-P Tablet,16,637,tablet,100mg,10.0,strip,45.0,False
6270,Aceked-P Tablet,23,637,tablet,100mg,10.0,strip,45.0,False
6271,Amoxible CX 500 LB Capsule,1,130,capsule,250mg,10.0,strip,39.0,False
6272,Arrestin  P 100mg/500mg Tablet,16,158,tablet,100mg,10.0,strip,37.95,False
6273,Arrestin  P 100mg/500mg Tablet,23,158,tablet,100mg,10.0,strip,37.95,False
6275,Artisid 25mg Capsule,510,13,capsule,25mg,10.0,strip,22.0,False
6276,Artisid 25mg Capsule,1383,13,capsule,25mg,10.0,strip,22.0,False
6277,Atchol Asp 10mg/150mg Capsule,33,10,capsule,10mg,10.0,strip,25.7,False
6278,Atchol Asp 10mg/150mg Capsule,1502,10,capsule,10mg,10.0,strip,25.7,False
6279,Atchol Asp 10mg/150mg Capsule,1755,10,capsule,10mg,10.0,strip,25.7,False
6284,Amtrex 10mg Tablet,35,1018,tablet,10mg,10.0,strip,24.9,False
6285,Amtrex 10mg Tablet,136,1018,tablet,10mg,10.0,strip,24.9,False
6286,Acipact 100mg/325mg Tablet,16,490,tablet,100mg,10.0,strip,29.0,False
6287,Acipact 100mg/325mg Tablet,23,490,tablet,100mg,10.0,strip,29.0,False
6288,Avoxin 500mg Tablet,159,396,tablet,500mg,10.0,strip,83.0,False
6289,Avoxin 500mg Tablet,451,396,tablet,500mg,10.0,strip,83.0,False
6290,Aptflam-SP Tablet,16,1019,tablet,100mg,10.0,strip,78.0,False
6291,Aptflam-SP Tablet,23,1019,tablet,100mg,10.0,strip,78.0,False
6292,Amazeo 300 Tablet,222,11,tablet,300mg,10.0,strip,415.45,False
6293,Artiflo 1 Tablet,42,57,tablet,1mg,10.0,strip,87.9,False
6296,Amiset 50mg Tablet,222,480,tablet,50mg,10.0,strip,70.0,False
6297,AVN Plus Tablet,248,1021,tablet,10mg,10.0,strip,35.0,False
6305,A Vin 10mg Tablet,33,428,tablet,10mg,10.0,strip,35.0,False
6306,A Vin 10mg Tablet,1502,428,tablet,10mg,10.0,strip,35.0,False
6307,A Vin 10mg Tablet,1755,428,tablet,10mg,10.0,strip,35.0,False
6308,Avopan-D 10mg/40mg Tablet,18,899,tablet,10mg,10.0,strip,50.0,False
6309,Avopan-D 10mg/40mg Tablet,302,899,tablet,10mg,10.0,strip,50.0,False
6310,Avopan-D 10mg/40mg Tablet,558,899,tablet,10mg,10.0,strip,50.0,False
6311,Allord M 5mg/10mg Tablet,94,1027,tablet,5mg,10.0,strip,100.0,False
6319,Ambact 1.5gm Injection,53,777,injection,1000mg,,,110.0,False
6320,Axces SP Tablet,16,416,tablet,100mg,10.0,strip,91.0,False
6321,Axces SP Tablet,23,416,tablet,100mg,10.0,strip,91.0,False
6324,Amphogard 50mg Injection,271,21,injection,50mg,,,4572.05,False
6334,Abwal Plus 6mg/400mg Tablet,113,105,tablet,6mg,1.0,strip,17.95,False
6335,Antispas-K 20mg/50mg Tablet,178,1031,tablet,20mg,10.0,strip,15.0,False
6336,Antispas-K 20mg/50mg Tablet,291,1031,tablet,20mg,10.0,strip,15.0,False
6337,Antispas-K 20mg/50mg Tablet,310,1031,tablet,20mg,10.0,strip,15.0,False
6341,Axodil 30mg Syrup,3,311,syrup,30mg,100.0,bottle,38.0,False
6342,Axodil 30mg Syrup,49,311,syrup,30mg,100.0,bottle,38.0,False
6343,Axodil 30mg Syrup,73,311,syrup,30mg,100.0,bottle,38.0,False
6344,Axodil 30mg Syrup,743,311,syrup,30mg,100.0,bottle,38.0,False
6345,Acecort 40mg Injection,511,653,injection,40mg/ml,1.0,ml,69.0,False
6348,Azitrex 500 Tablet,2,1035,tablet,500mg,5.0,strip,108.0,False
6349,Acicon 20mg Tablet,409,2,tablet,20mg,14.0,strip,3.57,False
6352,Asthmol-G Syrup,3,1037,syrup,30mg/5ml,100.0,bottle,81.0,False
6353,Asthmol-G Syrup,49,1037,syrup,30mg/5ml,100.0,bottle,81.0,False
6354,Asthmol-G Syrup,73,1037,syrup,30mg/5ml,100.0,bottle,81.0,False
6355,Asthmol-G Syrup,743,1037,syrup,30mg/5ml,100.0,bottle,81.0,False
6359,Anarzole 1mg Tablet,115,16,tablet,1mg,10.0,strip,294.11,False
6360,Atrosure 10mg Tablet,33,394,tablet,10mg,10.0,strip,69.5,False
6361,Atrosure 10mg Tablet,1502,394,tablet,10mg,10.0,strip,69.5,False
6362,Atrosure 10mg Tablet,1755,394,tablet,10mg,10.0,strip,69.5,False
6363,Amiject 100mg Injection,38,15,injection,100mg,2.0,ml,31.0,False
6364,Advamab 100mg Injection,187,15,injection,100mg,,,11802.0,False
6365,Atrovast 20mg Tablet,33,417,tablet,20mg,10.0,strip,145.6,False
6366,Atrovast 20mg Tablet,1502,417,tablet,20mg,10.0,strip,145.6,False
6367,Atrovast 20mg Tablet,1755,417,tablet,20mg,10.0,strip,145.6,False
6369,Afdcartil 50mg/750mg/250mg Tablet,455,209,tablet,50mg,10.0,strip,203.5,False
6370,Afdcartil 50mg/750mg/250mg Tablet,1563,209,tablet,50mg,10.0,strip,203.5,False
6371,Aldrosis Tablet,512,1040,tablet,150mg,1.0,strip,199.0,False
6372,Acezol SP Tablet,16,1041,tablet,100mg,10.0,strip,67.0,False
6373,Acezol SP Tablet,23,1041,tablet,100mg,10.0,strip,67.0,False
6377,Antispasmin DS 80mg Tablet,119,17,tablet,80mg,10.0,strip,50.0,False
6378,Antispasmin DS 80mg Tablet,220,17,tablet,80mg,10.0,strip,50.0,False
6379,Antispasmin DS 80mg Tablet,1619,17,tablet,80mg,10.0,strip,50.0,False
6381,Acenac-MR Tablet,16,584,tablet,100mg,10.0,strip,85.0,False
6382,Acenac-MR Tablet,23,584,tablet,100mg,10.0,strip,85.0,False
6383,Anafast TH 100mg/8mg Tablet,16,89,tablet,100mg,10.0,strip,290.0,False
6384,Anafast TH 100mg/8mg Tablet,23,89,tablet,100mg,10.0,strip,290.0,False
6387,Azitech 500mg Tablet,2,166,tablet,500mg,3.0,strip,68.71,False
6388,Atazor-R 300mg/100mg Tablet,477,46,tablet,300mg,30.0,strip,3324.68,False
6389,Atopil 10mg Tablet,33,488,tablet,10mg,10.0,strip,66.0,False
6390,Atopil 10mg Tablet,1502,488,tablet,10mg,10.0,strip,66.0,False
6391,Atopil 10mg Tablet,1755,488,tablet,10mg,10.0,strip,66.0,False
6394,Acezip SP 100mg/325mg/10mg Tablet,16,1046,tablet,100mg,10.0,strip,82.6,False
6395,Acezip SP 100mg/325mg/10mg Tablet,23,1046,tablet,100mg,10.0,strip,82.6,False
6396,Arifine 15mg Tablet,91,95,tablet,15mg,10.0,strip,154.0,False
6397,Astepan-DSR Capsule,18,567,capsule,30mg,10.0,strip,80.0,False
6398,Astepan-DSR Capsule,302,567,capsule,30mg,10.0,strip,80.0,False
6399,Astepan-DSR Capsule,558,567,capsule,30mg,10.0,strip,80.0,False
6400,Alkeran 2mg Tablet,514,1,tablet,2mg,25.0,strip,362.32,False
6401,Activa MR 250 mg/50 mg/325 mg Tablet MR,329,142,tablet,250mg,10.0,strip,9.87,False
6402,Activa MR 250 mg/50 mg/325 mg Tablet MR,1392,142,tablet,250mg,10.0,strip,9.87,False
6404,Abipan-DSR Capsule,18,536,capsule,30mg,10.0,strip,79.0,False
6405,Abipan-DSR Capsule,302,536,capsule,30mg,10.0,strip,79.0,False
6406,Abipan-DSR Capsule,558,536,capsule,30mg,10.0,strip,79.0,False
6407,Agicet LC 5mg/10mg Tablet,94,61,tablet,5mg,10.0,strip,120.0,False
6408,Aceclocef-SP Tablet,16,825,tablet,100mg,10.0,strip,77.0,False
6409,Aceclocef-SP Tablet,23,825,tablet,100mg,10.0,strip,77.0,False
6410,Alpracad 0.25mg Tablet,15,142,tablet,0.25mg,10.0,strip,20.85,False
6411,Alpracad 0.25mg Tablet,150,142,tablet,0.25mg,10.0,strip,20.85,False
6412,Alpracad 0.25mg Tablet,1561,142,tablet,0.25mg,10.0,strip,20.85,False
6413,Alpracad 0.25mg Tablet,1624,142,tablet,0.25mg,10.0,strip,20.85,False
6415,Abatitor 250mg Tablet,231,11,tablet,250mg,120.0,units,39990.0,False
6422,Amlopres TL 80mg/5mg Tablet,83,6,tablet,80mg,15.0,strip,180.0,False
6423,Ambrolite D Syrup,8,34,syrup,5mg/5ml,60.0,bottle,77.0,False
6424,Ambrolite D Syrup,10,34,syrup,5mg/5ml,60.0,bottle,77.0,False
6425,Ambrolite D Syrup,301,34,syrup,5mg/5ml,60.0,bottle,77.0,False
6426,Ambrolite D Syrup,1251,34,syrup,5mg/5ml,60.0,bottle,77.0,False
6427,Ambrolite D Syrup,1508,34,syrup,5mg/5ml,60.0,bottle,77.0,False
6428,Abetorox 90 Tablet,441,5,tablet,90mg,10.0,strip,147.5,False
6429,Abetorox 90 Tablet,506,5,tablet,90mg,10.0,strip,147.5,False
6430,Alfexo M 10mg/120mg Tablet,6,1050,tablet,10mg,10.0,strip,125.0,False
6431,Alfexo M 10mg/120mg Tablet,521,1050,tablet,10mg,10.0,strip,125.0,False
6432,Aceforce P 100 mg/500 mg Tablet,16,166,tablet,100mg,10.0,strip,11.0,False
6433,Aceforce P 100 mg/500 mg Tablet,23,166,tablet,100mg,10.0,strip,11.0,False
6435,Apolar 75mg Capsule,151,968,capsule,75mg,10.0,strip,99.0,False
6436,Atrolet 20mg Tablet,33,250,tablet,20mg,20.0,strip,78.27,False
6437,Atrolet 20mg Tablet,1502,250,tablet,20mg,20.0,strip,78.27,False
6438,Atrolet 20mg Tablet,1755,250,tablet,20mg,20.0,strip,78.27,False
6439,Ambrohist S Syrup,285,35,syrup,,100.0,bottle,80.5,False
6440,Apdrops Eye Ointment,102,49,ointment,,5.0,tube,83.0,False
6441,Apdrops Eye Ointment,108,49,ointment,,5.0,tube,83.0,False
6442,Apdrops Eye Ointment,710,49,ointment,,5.0,tube,83.0,False
6443,AMLIBON 10MG TABLET,20,84,tablet,10mg,10.0,strip,40.0,False
6444,Altonil 10 Tablet MD,93,53,tablet,10mg,15.0,strip,208.45,False
6445,Azacytin Injection,278,7,injection,100mg,,,5079.5,False
6446,Adpax 625 Tablet,1,478,tablet,500mg,6.0,strip,141.0,False
6447,Aramol-M Tablet,6,494,tablet,10mg,10.0,strip,170.0,False
6448,Aramol-M Tablet,521,494,tablet,10mg,10.0,strip,170.0,False
6449,Aripant 40mg Tablet,281,795,tablet,40mg,10.0,strip,55.6,False
6450,Aripant 40mg Tablet,1077,795,tablet,40mg,10.0,strip,55.6,False
6451,Alvocet 5mg Tablet,94,792,tablet,5mg,10.0,strip,41.0,False
6452,Azicel 500mg Tablet,2,417,tablet,500mg,3.0,strip,67.1,False
6453,Alenmox CV 500mg/125mg Tablet,1,503,tablet,500mg,6.0,strip,103.0,False
6454,Aldotone 50mg Tablet,19,20,tablet,50mg,15.0,strip,63.67,False
6456,Amipace 200 Tablet,266,19,tablet,200mg,10.0,strip,123.71,False
6457,Alltop P 0.25mg/20mg Tablet,15,61,tablet,0.25mg,10.0,strip,6.25,False
6458,Alltop P 0.25mg/20mg Tablet,150,61,tablet,0.25mg,10.0,strip,6.25,False
6459,Alltop P 0.25mg/20mg Tablet,1561,61,tablet,0.25mg,10.0,strip,6.25,False
6460,Alltop P 0.25mg/20mg Tablet,1624,61,tablet,0.25mg,10.0,strip,6.25,False
6466,Aptimust Oral Drops,48,12,drops,1.5mg,15.0,bottle,27.5,False
6467,Arvast CV 20mg/75mg Capsule,166,25,capsule,20mg,10.0,strip,217.0,False
6469,Actinorm 10mg Tablet,469,1056,tablet,10mg,10.0,strip,4.75,False
6470,Actinorm 10mg Tablet,1026,1056,tablet,10mg,10.0,strip,4.75,False
6471,Acec Plus 100mg/325mg/15mg Tablet,16,375,tablet,100mg,10.0,strip,45.0,False
6472,Acec Plus 100mg/325mg/15mg Tablet,23,375,tablet,100mg,10.0,strip,45.0,False
6473,Acloriz-SP Tablet,16,1057,tablet,100mg,10.0,strip,85.0,False
6474,Acloriz-SP Tablet,23,1057,tablet,100mg,10.0,strip,85.0,False
6475,Airvoiz M 5mg/10mg Tablet,94,1058,tablet,5mg,10.0,strip,149.0,False
6476,Amyclox-LB-DS Capsule,1,61,capsule,250mg,10.0,strip,71.0,False
6477,Acekon P 100 mg/500 mg Tablet,16,1059,tablet,100mg,10.0,strip,30.5,False
6478,Acekon P 100 mg/500 mg Tablet,23,1059,tablet,100mg,10.0,strip,30.5,False
6479,Albid 200mg Syrup,13,65,syrup,200mg,10.0,bottle,17.3,False
6480,Acenova Tablet MR,16,54,tablet,,10.0,strip,60.5,False
6481,Acenova Tablet MR,23,54,tablet,,10.0,strip,60.5,False
6483,Avilox 250mg Tablet,118,716,tablet,250mg,10.0,strip,38.0,False
6485,Ascort 6mg Tablet,312,755,tablet,6mg,10.0,strip,85.0,False
6487,Altra P 4mg/325mg Tablet,516,1062,tablet,4mg,10.0,strip,71.0,False
6488,Altra P 4mg/325mg Tablet,632,1062,tablet,4mg,10.0,strip,71.0,False
6489,Asozen 100 Tablet,16,130,tablet,100mg,10.0,strip,6.0,False
6490,Asozen 100 Tablet,23,130,tablet,100mg,10.0,strip,6.0,False
6491,AMPHOLIP 50 MG INJECTION,262,28,injection,50mg,10.0,ml,4744.0,False
6492,ALZOLAM FORTE 0.5MG/50MG TABLET,15,13,tablet,0.5mg,10.0,strip,47.25,False
6493,ALZOLAM FORTE 0.5MG/50MG TABLET,150,13,tablet,0.5mg,10.0,strip,47.25,False
6494,ALZOLAM FORTE 0.5MG/50MG TABLET,1561,13,tablet,0.5mg,10.0,strip,47.25,False
6495,ALZOLAM FORTE 0.5MG/50MG TABLET,1624,13,tablet,0.5mg,10.0,strip,47.25,False
6496,Ancerin 50mg Capsule,455,603,capsule,50mg,10.0,strip,76.1,False
6497,Ancerin 50mg Capsule,1563,603,capsule,50mg,10.0,strip,76.1,False
6499,Adilin 10 Tablet,260,174,tablet,10mg,10.0,strip,14.19,False
6500,Atosta 10 Tablet,33,1064,tablet,10mg,10.0,strip,60.5,False
6501,Atosta 10 Tablet,1502,1064,tablet,10mg,10.0,strip,60.5,False
6502,Atosta 10 Tablet,1755,1064,tablet,10mg,10.0,strip,60.5,False
6503,Amlomed AT 2.5 mg/50 mg Tablet,20,142,tablet,2.5mg,10.0,strip,32.85,False
6504,Azitex 250mg Tablet,2,441,tablet,250mg,6.0,strip,75.07,False
6505,Amicon Forte 25 mg/10 mg Tablet,35,95,tablet,25mg,10.0,strip,49.0,False
6506,Amicon Forte 25 mg/10 mg Tablet,136,95,tablet,25mg,10.0,strip,49.0,False
6507,Almantin 5mg Tablet,57,13,tablet,5mg,10.0,strip,48.0,False
6513,Abtorsmed 10 Tablet,182,5,tablet,10mg,10.0,strip,46.9,False
6514,Acampcon 333 Tablet,100,766,tablet,333mg,10.0,strip,137.0,False
6515,Amnuring P Tablet SR,35,111,tablet,10mg,10.0,strip,192.22,False
6516,Amnuring P Tablet SR,136,111,tablet,10mg,10.0,strip,192.22,False
6517,Apkolin 500mg Capsule,1,49,capsule,500mg,10.0,strip,60.6,False
6520,Amchek 2.5mg Tablet,20,40,tablet,2.5mg,10.0,strip,18.48,False
6521,Abixim 100mg Tablet,183,5,tablet,100mg,10.0,strip,93.3,False
6522,Altec 400mg Tablet,13,287,tablet,400mg,1.0,strip,14.5,False
6529,Aclomet-XL 50 Tablet,280,49,tablet,47.5mg,10.0,strip,60.7,False
6530,Aclomet-XL 50 Tablet,826,49,tablet,47.5mg,10.0,strip,60.7,False
6531,Abixim 200 Tablet,183,536,tablet,200mg,10.0,strip,128.0,False
6532,Albicaine Syrup,389,74,syrup,10mg/5ml,200.0,bottle,98.0,False
6533,Almazine 2mg Tablet,17,557,tablet,2mg,10.0,strip,5.0,False
6534,Algo 10mg Tablet,203,506,tablet,10mg,10.0,strip,29.79,False
6535,Algo 10mg Tablet,605,506,tablet,10mg,10.0,strip,29.79,False
6536,Aben Syrup,13,118,syrup,200mg,10.0,bottle,25.46,False
6537,Aziros 500mg Tablet,2,583,tablet,500mg,3.0,strip,64.9,False
6538,Aziclass 500mg Tablet,2,31,tablet,500mg,5.0,strip,119.5,False
6540,Axel 200mg Tablet,16,968,tablet,200mg,10.0,strip,44.0,False
6541,Axel 200mg Tablet,23,968,tablet,200mg,10.0,strip,44.0,False
6542,Arokast 5mg/10mg Tablet,94,192,tablet,5mg,10.0,strip,129.0,False
6547,Atack AG 200 mg/125 mg Capsule,346,344,capsule,200mg,6.0,strip,174.0,False
6548,Atack AG 200 mg/125 mg Capsule,593,344,capsule,200mg,6.0,strip,174.0,False
6549,Azibrand 500mg Tablet,2,89,tablet,500mg,5.0,strip,118.88,False
6552,Alten C 10 Capsule,33,53,capsule,10mg,15.0,strip,240.0,False
6553,Alten C 10 Capsule,1502,53,capsule,10mg,15.0,strip,240.0,False
6554,Alten C 10 Capsule,1755,53,capsule,10mg,15.0,strip,240.0,False
6555,Aloja-M Forte Tablet,185,40,tablet,12.5mg,10.0,strip,106.28,False
6556,Aloja-M Forte Tablet,287,40,tablet,12.5mg,10.0,strip,106.28,False
6560,Aspira MR 60mg/4mg Tablet,441,321,tablet,60mg,10.0,strip,191.9,False
6561,Aspira MR 60mg/4mg Tablet,506,321,tablet,60mg,10.0,strip,191.9,False
6562,Amiur H 2.5mg/25mg Tablet,503,324,tablet,2.5mg,10.0,strip,26.6,False
6563,Amiur H 2.5mg/25mg Tablet,519,324,tablet,2.5mg,10.0,strip,26.6,False
6568,Admol MR 250 mg/50 mg/325 mg Tablet,329,244,tablet,250mg,10.0,strip,11.87,False
6569,Admol MR 250 mg/50 mg/325 mg Tablet,1392,244,tablet,250mg,10.0,strip,11.87,False
6570,Azibact Kid 100mg Tablet DT,2,48,tablet,100mg,3.0,strip,31.35,False
6573,Agumerz CV 625mg Tablet,1,71,tablet,500mg,6.0,strip,141.48,False
6574,Adecort 6mg Tablet,312,194,tablet,6mg,10.0,strip,100.0,False
6576,Apgest Syrup,48,49,syrup,2mg,200.0,bottle,110.0,False
6577,Apiron Syrup,48,1076,syrup,2mg,200.0,bottle,90.0,False
6580,Acemont Tablet,6,172,tablet,10mg,10.0,strip,119.0,False
6581,Acemont Tablet,521,172,tablet,10mg,10.0,strip,119.0,False
6582,Azen P Tablet,15,787,tablet,0.25mg,10.0,strip,17.86,False
6583,Azen P Tablet,150,787,tablet,0.25mg,10.0,strip,17.86,False
6584,Azen P Tablet,1561,787,tablet,0.25mg,10.0,strip,17.86,False
6585,Azen P Tablet,1624,787,tablet,0.25mg,10.0,strip,17.86,False
6586,Asnim-P Tablet,37,1078,tablet,100mg,10.0,strip,17.95,False
6587,Asnim-P Tablet,686,1078,tablet,100mg,10.0,strip,17.95,False
6590,Avaxim 160IU Injection,407,4,injection,,1.0,ml,1298.18,False
6591,Androl 16mg Tablet,322,1079,tablet,16mg,10.0,strip,160.0,False
6594,Adalimac 40mg Injection,237,33,injection,40mg,8.0,ml,22321.42,False
6595,As Xime CV Dry Syrup,183,1078,syrup,100mg,30.0,bottle,99.0,False
6596,Attentrol 40mg Capsule,244,13,capsule,40mg,10.0,strip,55.72,False
6597,A Flox OZ 200 mg/500 mg Tablet,89,557,tablet,200mg,10.0,strip,89.1,False
6598,A Flox OZ 200 mg/500 mg Tablet,436,557,tablet,200mg,10.0,strip,89.1,False
6599,Alday Cold Tablet,3,188,tablet,30mg,10.0,strip,60.0,False
6600,Alday Cold Tablet,49,188,tablet,30mg,10.0,strip,60.0,False
6601,Alday Cold Tablet,73,188,tablet,30mg,10.0,strip,60.0,False
6602,Alday Cold Tablet,743,188,tablet,30mg,10.0,strip,60.0,False
6611,Arisol Syrup,22,648,syrup,1.4mg/5ml,100.0,bottle,48.0,False
6613,Airtec SF 500 Instacap,276,3,capsule,,,,546.5,False
6615,Ali M 500mg Tablet,144,1083,tablet,500mg,10.0,strip,10.5,False
6618,Acosat 100mg Tablet,50,153,tablet,100mg,10.0,strip,199.0,False
6619,Acneof 20 Soft Gelatin Capsule,129,39,capsule,20mg,,,220.0,False
6620,Aziflex 500mg Tablet,2,1085,tablet,500mg,3.0,strip,71.0,False
6621,Apriglim MV 1 Tablet SR,41,254,tablet,1mg,15.0,strip,229.33,False
6622,Amotex 500mg Tablet,1,441,tablet,500mg,10.0,strip,65.0,False
6623,All-Knee Tablet,455,274,tablet,50mg,10.0,strip,149.0,False
6624,All-Knee Tablet,1563,274,tablet,50mg,10.0,strip,149.0,False
6629,Arrestin SP Tablet,16,158,tablet,100mg,10.0,strip,58.05,False
6630,Arrestin SP Tablet,23,158,tablet,100mg,10.0,strip,58.05,False
6634,Alexin 500mg Capsule,443,2,capsule,500mg,10.0,strip,52.5,False
6635,AC 200mg Tablet,16,333,tablet,200mg,10.0,strip,50.0,False
6636,AC 200mg Tablet,23,333,tablet,200mg,10.0,strip,50.0,False
6637,Amilite H 12.5mg/5mg Tablet,35,1088,tablet,12.5mg,10.0,strip,13.0,False
6638,Amilite H 12.5mg/5mg Tablet,136,1088,tablet,12.5mg,10.0,strip,13.0,False
6639,Ascolix DX Syrup,27,117,syrup,4mg/5ml,100.0,bottle,90.0,False
6643,Adenoject 3mg Injection,158,13,injection,3mg,2.0,ml,173.77,False
6644,Agirest 500 Tablet,2,232,tablet,500mg,3.0,strip,65.0,False
6645,Atorin 20 Tablet,33,29,tablet,20mg,10.0,strip,160.25,False
6646,Atorin 20 Tablet,1502,29,tablet,20mg,10.0,strip,160.25,False
6647,Atorin 20 Tablet,1755,29,tablet,20mg,10.0,strip,160.25,False
6648,Amlonova 5mg/50mg Tablet,20,1090,tablet,5mg,10.0,strip,30.0,False
6649,Anticlot 75 Tablet,444,710,tablet,75mg,10.0,strip,8.5,False
6651,Aclon-TP Tablet,65,160,tablet,4mg,10.0,strip,149.5,False
6652,Aclon-TP Tablet,818,160,tablet,4mg,10.0,strip,149.5,False
6653,Acifon Plus 100mg/325mg Tablet,16,553,tablet,100mg,10.0,strip,23.0,False
6654,Acifon Plus 100mg/325mg Tablet,23,553,tablet,100mg,10.0,strip,23.0,False
6655,Aece-SP Tablet,16,773,tablet,100mg,10.0,strip,65.0,False
6656,Aece-SP Tablet,23,773,tablet,100mg,10.0,strip,65.0,False
6657,Axocobal NP Tablet SR,151,1092,tablet,75mg,10.0,strip,189.0,False
6658,Alnitro 6.4 Tablet CR,43,119,tablet,6.4mg,30.0,units,214.5,False
6659,Alfapsin D 50mg/50000IU Tablet,247,143,tablet,50mg,10.0,strip,52.21,False
6660,Alfapsin D 50mg/50000IU Tablet,759,143,tablet,50mg,10.0,strip,52.21,False
6661,Aclogem SP 100 mg/500 mg/15 mg Tablet,16,1084,tablet,100mg,10.0,strip,59.62,False
6662,Aclogem SP 100 mg/500 mg/15 mg Tablet,23,1084,tablet,100mg,10.0,strip,59.62,False
6665,Act 5 mg/60 mg Tablet,52,250,tablet,5mg,10.0,strip,43.99,False
6666,Aoxy-CV 625 Tablet,1,877,tablet,500mg,6.0,strip,182.5,False
6667,Asier S Tablet,16,499,tablet,100mg,10.0,strip,60.0,False
6668,Asier S Tablet,23,499,tablet,100mg,10.0,strip,60.0,False
6669,Altos Syrup,22,916,syrup,1.4gm,100.0,bottle,32.0,False
6671,Avosun Tablet,12,410,tablet,25mg,10.0,strip,27.89,False
6674,Amifull 10 Tablet,35,1094,tablet,10mg,10.0,strip,21.0,False
6675,Amifull 10 Tablet,136,1094,tablet,10mg,10.0,strip,21.0,False
6676,Acelase SP 100mg/325mg/15mg Tablet,16,723,tablet,100mg,10.0,strip,72.36,False
6677,Acelase SP 100mg/325mg/15mg Tablet,23,723,tablet,100mg,10.0,strip,72.36,False
6679,Ameto-GP1 Tablet ER,41,119,tablet,1mg,10.0,strip,75.0,False
6680,Acephar SP 100mg/325mg/15mg Tablet,16,469,tablet,100mg,10.0,strip,75.0,False
6681,Acephar SP 100mg/325mg/15mg Tablet,23,469,tablet,100mg,10.0,strip,75.0,False
6682,Amoxycillin 250mg Tablet,1,559,tablet,250mg,10.0,strip,15.0,False
6683,Aceparon 100mg/325mg Tablet,16,145,tablet,100mg,10.0,strip,65.0,False
6684,Aceparon 100mg/325mg Tablet,23,145,tablet,100mg,10.0,strip,65.0,False
6685,Azicure 250mg Tablet,2,528,tablet,250mg,6.0,strip,63.78,False
6689,Acuzone S 1000mg/500mg Injection,522,437,injection,1000mg,,,210.0,False
6690,Aziwok 500 Tablet,2,7,tablet,500mg,3.0,strip,116.67,False
6691,Angiotec Tablet ER,403,55,tablet,500mg,10.0,strip,100.32,False
6694,Ambrolite D Plus Syrup,8,34,syrup,5mg/5ml,60.0,bottle,77.0,False
6695,Ambrolite D Plus Syrup,10,34,syrup,5mg/5ml,60.0,bottle,77.0,False
6696,Ambrolite D Plus Syrup,301,34,syrup,5mg/5ml,60.0,bottle,77.0,False
6697,Ambrolite D Plus Syrup,1251,34,syrup,5mg/5ml,60.0,bottle,77.0,False
6698,Ambrolite D Plus Syrup,1508,34,syrup,5mg/5ml,60.0,bottle,77.0,False
6699,Aceclorite Plus  100 mg/500 mg Tablet,16,1096,tablet,100mg,10.0,strip,29.0,False
6700,Aceclorite Plus  100 mg/500 mg Tablet,23,1096,tablet,100mg,10.0,strip,29.0,False
6701,Alrox 150mg Tablet,431,1097,tablet,150mg,10.0,strip,59.0,False
6702,Acvin Tablet,16,847,tablet,100mg,10.0,strip,46.5,False
6703,Acvin Tablet,23,847,tablet,100mg,10.0,strip,46.5,False
6705,Acebrel FM 10mg/120mg/200mg Tablet,6,127,tablet,10mg,10.0,strip,214.0,False
6706,Acebrel FM 10mg/120mg/200mg Tablet,521,127,tablet,10mg,10.0,strip,214.0,False
6707,Atoder 40mg Tablet,33,26,tablet,40mg,10.0,strip,188.0,False
6708,Atoder 40mg Tablet,1502,26,tablet,40mg,10.0,strip,188.0,False
6709,Atoder 40mg Tablet,1755,26,tablet,40mg,10.0,strip,188.0,False
6711,Azilta T 40 Tablet,83,16,tablet,40mg,10.0,strip,142.0,False
6714,Ator 20mg Tablet,33,45,tablet,20mg,10.0,strip,105.0,False
6715,Ator 20mg Tablet,1502,45,tablet,20mg,10.0,strip,105.0,False
6716,Ator 20mg Tablet,1755,45,tablet,20mg,10.0,strip,105.0,False
6720,Agivog M 0.3 Tablet SR,144,1102,tablet,500mg,10.0,strip,105.77,False
6723,Av Force 50mg Tablet,77,505,tablet,50mg,4.0,strip,80.0,False
6724,Azithron 500mg Tablet,2,1104,tablet,500mg,3.0,strip,64.0,False
6732,Axcet M Tablet,94,416,tablet,5mg,10.0,strip,69.8,False
6734,Axinerve Tablet,88,172,tablet,,10.0,strip,82.0,False
6735,Asirest-MR Tablet,16,232,tablet,100mg,10.0,strip,67.0,False
6736,Asirest-MR Tablet,23,232,tablet,100mg,10.0,strip,67.0,False
6737,Amoxyril-CV 625 Tablet,1,1106,tablet,500mg,10.0,strip,173.0,False
6739,Anthro-S Tablet,16,189,tablet,100mg,10.0,strip,68.0,False
6740,Anthro-S Tablet,23,189,tablet,100mg,10.0,strip,68.0,False
6746,Anxon 10mg Tablet,321,607,tablet,10mg,10.0,strip,44.0,False
6747,Ablife 200mg Capsule,28,483,capsule,200mg,10.0,strip,135.0,False
6748,Ablife 200mg Capsule,1297,483,capsule,200mg,10.0,strip,135.0,False
6749,Ablife 200mg Capsule,1553,483,capsule,200mg,10.0,strip,135.0,False
6750,Aconfen-P Tablet,16,1110,tablet,100mg,10.0,strip,29.0,False
6751,Aconfen-P Tablet,23,1110,tablet,100mg,10.0,strip,29.0,False
6752,Acronac-SP Tablet,16,1111,tablet,100mg,10.0,strip,75.0,False
6753,Acronac-SP Tablet,23,1111,tablet,100mg,10.0,strip,75.0,False
6756,ABP 100mg Capsule,28,1113,capsule,100mg,10.0,strip,85.0,False
6757,ABP 100mg Capsule,1297,1113,capsule,100mg,10.0,strip,85.0,False
6758,ABP 100mg Capsule,1553,1113,capsule,100mg,10.0,strip,85.0,False
6764,Alicin 500mg Tablet,2,134,tablet,500mg,3.0,strip,56.1,False
6765,Avertol 12mg Tablet DT,113,344,tablet,12mg,1.0,strip,24.03,False
6766,Azopil 500mg Tablet,2,154,tablet,500mg,3.0,strip,31.25,False
6767,Alcin TZ 500mg/600mg Tablet,118,929,tablet,500mg,10.0,strip,75.0,False
6769,Acuclav 375mg Tablet,1,33,tablet,250mg,6.0,strip,124.3,False
6772,Acemarc SP 100 mg/500 mg/15 mg Tablet,16,604,tablet,100mg,10.0,strip,75.0,False
6773,Acemarc SP 100 mg/500 mg/15 mg Tablet,23,604,tablet,100mg,10.0,strip,75.0,False
6775,AB-Cef 200mg Tablet,183,428,tablet,200mg,10.0,strip,104.51,False
6776,Acizole D 10mg/20mg Capsule,18,308,capsule,10mg,15.0,strip,76.5,False
6777,Acizole D 10mg/20mg Capsule,302,308,capsule,10mg,15.0,strip,76.5,False
6778,Acizole D 10mg/20mg Capsule,558,308,capsule,10mg,15.0,strip,76.5,False
6781,Altriz 5 Tablet,94,278,tablet,5mg,10.0,strip,35.5,False
6782,Acendol-CR Tablet,16,80,tablet,200mg,10.0,strip,69.25,False
6783,Acendol-CR Tablet,23,80,tablet,200mg,10.0,strip,69.25,False
6784,Axonorm NP 75mg/10mg/1500mcg Tablet SR,151,610,tablet,75mg,10.0,strip,199.0,False
6785,Alergid 10mg Tablet,52,236,tablet,10mg,10.0,strip,19.97,False
6786,Adenoject 6mg Injection,158,13,injection,6mg,2.0,ml,258.1,False
6787,Arigaba ME 100mg/500mcg Tablet,199,156,tablet,100mg,10.0,strip,77.0,False
6788,Arigaba ME 100mg/500mcg Tablet,284,156,tablet,100mg,10.0,strip,77.0,False
6789,Arigaba ME 100mg/500mcg Tablet,1122,156,tablet,100mg,10.0,strip,77.0,False
6795,Aviclo-P Tablet,16,815,tablet,100mg,10.0,strip,55.0,False
6796,Aviclo-P Tablet,23,815,tablet,100mg,10.0,strip,55.0,False
6798,Alpenam O 200mg Tablet,523,2,tablet,200mg,6.0,strip,304.81,False
6799,Avokuf D Syrup,27,646,syrup,2mg,100.0,bottle,68.0,False
6800,Al-Tear Eye Drop,95,134,drops,,10.0,ml,78.5,False
6801,ALZOLAM PLUS 0.5MG/25MG TABLET,15,13,tablet,0.5mg,10.0,strip,31.75,False
6802,ALZOLAM PLUS 0.5MG/25MG TABLET,150,13,tablet,0.5mg,10.0,strip,31.75,False
6803,ALZOLAM PLUS 0.5MG/25MG TABLET,1561,13,tablet,0.5mg,10.0,strip,31.75,False
6804,ALZOLAM PLUS 0.5MG/25MG TABLET,1624,13,tablet,0.5mg,10.0,strip,31.75,False
6806,Azithra 100mg Oral Drops,2,262,drops,100mg,15.0,bottle,35.25,False
6807,Acifon-SP Tablet,16,553,tablet,100mg,10.0,strip,55.0,False
6808,Acifon-SP Tablet,23,553,tablet,100mg,10.0,strip,55.0,False
6809,Ambifol-Dha Soft Gelatin Capsule,335,1120,capsule,1mg,,,174.0,False
6810,Anxilor 2mg Tablet,17,71,tablet,2mg,10.0,strip,25.9,False
6812,Azitus 500 Tablet,2,57,tablet,500mg,5.0,strip,107.81,False
6813,AB Doxin 100mg Tablet DT,346,1121,tablet,100mg,10.0,strip,135.0,False
6814,AB Doxin 100mg Tablet DT,593,1121,tablet,100mg,10.0,strip,135.0,False
6816,Azidel 500mg Tablet,2,1122,tablet,500mg,3.0,strip,69.45,False
6817,Algesia Plus 100 mg/325 mg/10 mg Capsule,16,33,capsule,100mg,10.0,strip,69.0,False
6818,Algesia Plus 100 mg/325 mg/10 mg Capsule,23,33,capsule,100mg,10.0,strip,69.0,False
6819,Anacort 100mg Injection,154,777,injection,100mg,,,59.0,False
6825,Alnase-TP Tablet,65,454,tablet,4mg,10.0,strip,195.0,False
6826,Alnase-TP Tablet,818,454,tablet,4mg,10.0,strip,195.0,False
6827,Albet 400mg Tablet,13,453,tablet,400mg,1.0,strip,8.3,False
6828,Acetynet 600 Tablet,438,39,tablet,600mg,10.0,strip,195.0,False
6830,Acip-S Tablet,16,457,tablet,100mg,10.0,strip,72.0,False
6831,Acip-S Tablet,23,457,tablet,100mg,10.0,strip,72.0,False
6839,Albera LS 75mg/20mg Capsule SR,288,478,capsule,75mg,10.0,strip,162.0,False
6840,Albera LS 75mg/20mg Capsule SR,641,478,capsule,75mg,10.0,strip,162.0,False
6843,Afqure Ear Drop,31,617,drops,,5.0,bottle,60.0,False
6844,Afqure Ear Drop,174,617,drops,,5.0,bottle,60.0,False
6846,Acefile 200mg Tablet SR,16,49,tablet,200mg,10.0,strip,57.5,False
6847,Acefile 200mg Tablet SR,23,49,tablet,200mg,10.0,strip,57.5,False
6849,Amoxiv-CV 625 Tablet,1,1127,tablet,500mg,10.0,strip,165.0,False
6854,Acenal Tablet MR,16,421,tablet,100mg,10.0,strip,133.33,False
6855,Acenal Tablet MR,23,421,tablet,100mg,10.0,strip,133.33,False
6856,Alvela 400mg Tablet,13,875,tablet,400mg,1.0,strip,7.83,False
6857,Amlin 5mg Tablet,20,174,tablet,5mg,10.0,strip,13.7,False
6858,Aceforce-P New Tablet,16,468,tablet,100mg,10.0,strip,60.5,False
6859,Aceforce-P New Tablet,23,468,tablet,100mg,10.0,strip,60.5,False
6860,Anadol P 37.5mg/325mg Tablet,445,541,tablet,37.5mg,10.0,strip,59.0,False
6861,Anadol P 37.5mg/325mg Tablet,447,541,tablet,37.5mg,10.0,strip,59.0,False
6862,Artisone M 4mg Tablet,420,1130,tablet,4mg,10.0,strip,45.0,False
6863,Altum 500mg Tablet,147,946,tablet,500mg,10.0,strip,190.0,False
6864,Alzil-SR 23 Tablet,116,25,tablet,23mg,10.0,strip,261.0,False
6865,Azitab 500mg Tablet,2,416,tablet,500mg,3.0,strip,69.9,False
6867,Altanib Nova Tablet,408,15,tablet,400mg,10.0,strip,2519.4,False
6870,AB Doxin 200mg Tablet,346,1121,tablet,200mg,10.0,strip,210.0,False
6871,AB Doxin 200mg Tablet,593,1121,tablet,200mg,10.0,strip,210.0,False
6873,Azrolid 200mg Syrup,2,52,syrup,200mg,15.0,bottle,103.8,False
6874,Amitrend 200mg Tablet,222,230,tablet,200mg,10.0,strip,155.0,False
6875,Acelife P 100 mg/500 mg Tablet,16,845,tablet,100mg,10.0,strip,35.0,False
6876,Acelife P 100 mg/500 mg Tablet,23,845,tablet,100mg,10.0,strip,35.0,False
6877,Apriglim-M 3 Tablet SR,41,254,tablet,3mg,10.0,strip,108.9,False
6878,Arpidon 10mg Tablet,91,1131,tablet,10mg,10.0,strip,86.0,False
6881,ACB 3D 10mg/120mg/200mg Tablet,6,326,tablet,10mg,10.0,strip,199.0,False
6882,ACB 3D 10mg/120mg/200mg Tablet,521,326,tablet,10mg,10.0,strip,199.0,False
6887,Alerbit M 5mg/10mg Tablet,94,489,tablet,5mg,10.0,strip,105.45,False
6888,Azisal-CL Tablet,183,1132,tablet,200mg,10.0,strip,289.0,False
6893,Aripiren 10mg Tablet,91,109,tablet,10mg,10.0,strip,88.0,False
6894,Angibloc 25mg Tablet ER,280,15,tablet,25mg,10.0,strip,34.63,False
6895,Angibloc 25mg Tablet ER,826,15,tablet,25mg,10.0,strip,34.63,False
6898,Atovin 10mg Tablet,33,1079,tablet,10mg,10.0,strip,50.0,False
6899,Atovin 10mg Tablet,1502,1079,tablet,10mg,10.0,strip,50.0,False
6900,Atovin 10mg Tablet,1755,1079,tablet,10mg,10.0,strip,50.0,False
6901,Aconfen-SP Tablet,16,1110,tablet,100mg,10.0,strip,90.0,False
6902,Aconfen-SP Tablet,23,1110,tablet,100mg,10.0,strip,90.0,False
6904,Augwin-LB Tablet,1,326,tablet,500mg,6.0,strip,149.4,False
6905,Axicef 250mg Tablet,147,678,tablet,250mg,10.0,strip,188.57,False
6907,Ambulax AD 10mg Tablet,355,281,tablet,10mg,10.0,strip,57.68,False
6910,Acent-MR Tablet,16,375,tablet,100mg,10.0,strip,62.4,False
6911,Acent-MR Tablet,23,375,tablet,100mg,10.0,strip,62.4,False
6912,Alcoxia-MR Tablet,441,351,tablet,60mg,10.0,strip,148.0,False
6913,Alcoxia-MR Tablet,506,351,tablet,60mg,10.0,strip,148.0,False
6917,Amcet Syrup,52,1137,syrup,2.5mg,60.0,bottle,24.5,False
6918,Auxitop-DSR Capsule,18,113,capsule,30mg,10.0,strip,120.0,False
6919,Auxitop-DSR Capsule,302,113,capsule,30mg,10.0,strip,120.0,False
6920,Auxitop-DSR Capsule,558,113,capsule,30mg,10.0,strip,120.0,False
6921,Ashycloflam 100mg Tablet,16,417,tablet,100mg,10.0,strip,38.0,False
6922,Ashycloflam 100mg Tablet,23,417,tablet,100mg,10.0,strip,38.0,False
6924,Atazest 25mg Tablet,7,394,tablet,25mg,10.0,strip,36.5,False
6925,Amlox 250 Capsule,1,52,capsule,250mg,10.0,strip,24.75,False
6926,Atiza M Syrup,94,1138,syrup,2.5mg,60.0,bottle,85.0,False
6927,A2B 40mg Tablet,83,1139,tablet,40mg,10.0,strip,64.0,False
6928,Azimox 500mg Capsule,2,1057,capsule,500mg,3.0,strip,68.7,False
6929,Atocare 20mg Tablet,33,376,tablet,20mg,10.0,strip,135.0,False
6930,Atocare 20mg Tablet,1502,376,tablet,20mg,10.0,strip,135.0,False
6931,Atocare 20mg Tablet,1755,376,tablet,20mg,10.0,strip,135.0,False
6932,April 500mg Tablet,60,1083,tablet,500mg,10.0,strip,6.0,False
6933,April 500mg Tablet,764,1083,tablet,500mg,10.0,strip,6.0,False
6934,Aclofam SP 100mg/325mg/15mg Tablet,16,26,tablet,100mg,10.0,strip,17.5,False
6935,Aclofam SP 100mg/325mg/15mg Tablet,23,26,tablet,100mg,10.0,strip,17.5,False
6937,Aptic Syrup,48,489,syrup,2mg,200.0,bottle,82.5,False
6938,Arvast 30 Tablet,166,25,tablet,30mg,10.0,strip,390.0,False
6941,Astadin 10mg Tablet,203,278,tablet,10mg,10.0,strip,46.0,False
6942,Astadin 10mg Tablet,605,278,tablet,10mg,10.0,strip,46.0,False
6943,Axpero 5 Tablet,526,25,tablet,5mg,14.0,strip,1995.0,False
6950,Avenor-P Tablet,151,424,tablet,75mg,10.0,strip,125.0,False
6951,Airkast-FX Tablet,6,960,tablet,10mg,10.0,strip,175.0,False
6952,Airkast-FX Tablet,521,960,tablet,10mg,10.0,strip,175.0,False
6953,Ansac-P Tablet,16,327,tablet,100mg,10.0,strip,40.0,False
6954,Ansac-P Tablet,23,327,tablet,100mg,10.0,strip,40.0,False
6955,Atpent-DSR Capsule,18,823,capsule,30mg,10.0,strip,79.0,False
6956,Atpent-DSR Capsule,302,823,capsule,30mg,10.0,strip,79.0,False
6957,Atpent-DSR Capsule,558,823,capsule,30mg,10.0,strip,79.0,False
6958,Acevil SP Tablet,16,1142,tablet,100mg,10.0,strip,94.0,False
6959,Acevil SP Tablet,23,1142,tablet,100mg,10.0,strip,94.0,False
6962,Amleod 2.5mg Tablet,20,297,tablet,2.5mg,10.0,strip,16.06,False
6963,Adrole 0.5mg Tablet,527,95,tablet,0.5mg,10.0,strip,70.0,False
6964,Amikamac 250mg Injection,38,33,injection,250mg,2.0,ml,41.8,False
6968,Atorwal 10mg Tablet,33,105,tablet,10mg,10.0,strip,54.5,False
6969,Atorwal 10mg Tablet,1502,105,tablet,10mg,10.0,strip,54.5,False
6970,Atorwal 10mg Tablet,1755,105,tablet,10mg,10.0,strip,54.5,False
6971,Azipos 500 Tablet,2,1146,tablet,500mg,5.0,strip,111.1,False
6972,Acito-SP Tablet,16,916,tablet,100mg,10.0,strip,77.0,False
6973,Acito-SP Tablet,23,916,tablet,100mg,10.0,strip,77.0,False
6974,Advastat CV 20 Capsule,166,190,capsule,20mg,10.0,strip,219.0,False
6975,Acticin 500mg Tablet,60,25,tablet,500mg,10.0,strip,12.5,False
6976,Acticin 500mg Tablet,764,25,tablet,500mg,10.0,strip,12.5,False
6977,Aphyren Capsule,28,109,capsule,100mg,10.0,strip,84.0,False
6978,Aphyren Capsule,1297,109,capsule,100mg,10.0,strip,84.0,False
6979,Aphyren Capsule,1553,109,capsule,100mg,10.0,strip,84.0,False
6980,Ataxia-G 400 Tablet,199,1147,tablet,400mg,10.0,strip,159.0,False
6981,Ataxia-G 400 Tablet,284,1147,tablet,400mg,10.0,strip,159.0,False
6982,Ataxia-G 400 Tablet,1122,1147,tablet,400mg,10.0,strip,159.0,False
6983,Azicin 250mg Tablet,2,1148,tablet,250mg,6.0,strip,260.41,False
6985,Acicod 10mg Tablet,528,399,tablet,10mg,10.0,strip,19.0,False
6986,Alzitin 5 Tablet,57,766,tablet,5mg,10.0,strip,110.0,False
6987,Ananda Tablet,529,237,tablet,,10.0,strip,33.5,False
6990,Anbrol A 100mg/500mg Tablet,16,368,tablet,100mg,10.0,strip,35.0,False
6991,Anbrol A 100mg/500mg Tablet,23,368,tablet,100mg,10.0,strip,35.0,False
6992,Amipox 25 mg/10 mg Tablet,35,106,tablet,25mg,10.0,strip,15.6,False
6993,Amipox 25 mg/10 mg Tablet,136,106,tablet,25mg,10.0,strip,15.6,False
6997,Anthel 12 Tablet,113,174,tablet,12mg,4.0,strip,108.0,False
6998,Acedel-Fort Tablet,16,1122,tablet,100mg,10.0,strip,75.0,False
6999,Acedel-Fort Tablet,23,1122,tablet,100mg,10.0,strip,75.0,False
7000,Apriset 150mg Injection,140,15,injection,150mg,10.0,ml,2430.0,False
7001,Asofen SR 100mg/15mg Tablet,16,287,tablet,100mg,10.0,strip,56.0,False
7002,Asofen SR 100mg/15mg Tablet,23,287,tablet,100mg,10.0,strip,56.0,False
7005,Aceclomax-MR Tablet,16,196,tablet,100mg,10.0,strip,75.0,False
7006,Aceclomax-MR Tablet,23,196,tablet,100mg,10.0,strip,75.0,False
7009,Adrovit Z Syrup,530,368,syrup,20mg,30.0,bottle,34.15,False
7010,Anxital M 0.5mg/10mg Tablet,153,658,tablet,0.5mg,10.0,strip,45.0,False
7011,Anxital M 0.5mg/10mg Tablet,486,658,tablet,0.5mg,10.0,strip,45.0,False
7012,Ajapride 2mg Tablet,41,49,tablet,2mg,10.0,strip,57.9,False
7013,Acestine AB Tablet,28,734,tablet,100mg,10.0,strip,243.0,False
7014,Acestine AB Tablet,1297,734,tablet,100mg,10.0,strip,243.0,False
7015,Acestine AB Tablet,1553,734,tablet,100mg,10.0,strip,243.0,False
7016,Andol 50mg Syrup,373,360,syrup,50mg,15.0,bottle,31.41,False
7017,Amilite Plus 25mg/10mg Tablet,35,1088,tablet,25mg,10.0,strip,18.0,False
7018,Amilite Plus 25mg/10mg Tablet,136,1088,tablet,25mg,10.0,strip,18.0,False
7019,Azid 100mg/5ml Syrup,2,606,syrup,100mg/5ml,15.0,bottle,26.1,False
7021,Axclopain-S Tablet,16,39,tablet,100mg,10.0,strip,123.0,False
7022,Axclopain-S Tablet,23,39,tablet,100mg,10.0,strip,123.0,False
7023,Apijen Syrup,48,626,syrup,2mg,200.0,bottle,110.0,False
7024,Azunate L 240 mg/40 mg Tablet,263,33,tablet,240mg,6.0,strip,138.12,False
7026,Aldezol 400mg Tablet,269,74,tablet,400mg,10.0,strip,9.45,False
7027,Aclo SP 100mg/325mg/15mg Tablet,16,1151,tablet,100mg,10.0,strip,98.0,False
7028,Aclo SP 100mg/325mg/15mg Tablet,23,1151,tablet,100mg,10.0,strip,98.0,False
7029,Altispor 100mg Capsule,156,25,capsule,100mg,10.0,strip,154.0,False
7030,Arsulide D 20 mg/100 mg Tablet,178,844,tablet,20mg,10.0,strip,32.0,False
7031,Arsulide D 20 mg/100 mg Tablet,291,844,tablet,20mg,10.0,strip,32.0,False
7032,Arsulide D 20 mg/100 mg Tablet,310,844,tablet,20mg,10.0,strip,32.0,False
7034,Acelic-P Tablet,16,1153,tablet,100mg,10.0,strip,39.0,False
7035,Acelic-P Tablet,23,1153,tablet,100mg,10.0,strip,39.0,False
7036,Askon 150mg Tablet,63,755,tablet,150mg,6.0,strip,45.0,False
7037,Askon 150mg Tablet,369,755,tablet,150mg,6.0,strip,45.0,False
7038,Askon 150mg Tablet,1308,755,tablet,150mg,6.0,strip,45.0,False
7040,Azoflox OZ 200mg/500mg Tablet,89,47,tablet,200mg,10.0,strip,89.2,False
7041,Azoflox OZ 200mg/500mg Tablet,436,47,tablet,200mg,10.0,strip,89.2,False
7042,Albela 400mg Tablet,13,875,tablet,400mg,1.0,strip,18.0,False
7044,Alokoff Syrup,8,619,syrup,5mg/5ml,100.0,bottle,68.0,False
7045,Alokoff Syrup,10,619,syrup,5mg/5ml,100.0,bottle,68.0,False
7046,Alokoff Syrup,301,619,syrup,5mg/5ml,100.0,bottle,68.0,False
7047,Alokoff Syrup,1251,619,syrup,5mg/5ml,100.0,bottle,68.0,False
7048,Alokoff Syrup,1508,619,syrup,5mg/5ml,100.0,bottle,68.0,False
7050,Azitom 500mg Tablet,2,39,tablet,500mg,3.0,strip,67.17,False
7051,Asprito 30 Tablet,91,25,tablet,30mg,10.0,strip,347.0,False
7052,Anxibrium T Tablet,321,941,tablet,10mg,10.0,strip,23.1,False
7053,Atorise Asp 20mg/75mg Capsule,33,1156,capsule,20mg,10.0,strip,20.0,False
7054,Atorise Asp 20mg/75mg Capsule,1502,1156,capsule,20mg,10.0,strip,20.0,False
7055,Atorise Asp 20mg/75mg Capsule,1755,1156,capsule,20mg,10.0,strip,20.0,False
7061,Airtec FB 6mcg/100mcg Capsule,208,3,capsule,,30.0,strip,127.68,False
7064,Ampine AT 5mg/50mg Tablet,20,680,tablet,5mg,10.0,strip,31.58,False
7067,Anacin Multipain 400 mg/40 mg Tablet,132,14,tablet,400mg,10.0,strip,19.87,False
7068,Anacin Multipain 400 mg/40 mg Tablet,1166,14,tablet,400mg,10.0,strip,19.87,False
7069,Anacin Multipain 400 mg/40 mg Tablet,1537,14,tablet,400mg,10.0,strip,19.87,False
7070,Anacin Multipain 400 mg/40 mg Tablet,1670,14,tablet,400mg,10.0,strip,19.87,False
7073,Asterab 20 Tablet,289,567,tablet,20mg,10.0,strip,55.0,False
7076,Adsleep 10mg Tablet,533,156,tablet,10mg,10.0,strip,70.95,False
7078,Atlura 80 Tablet,338,11,tablet,80mg,10.0,strip,265.65,False
7081,Apiz 10mg Tablet,91,678,tablet,10mg,10.0,strip,64.0,False
7082,Atenopress 50mg Tablet,79,35,tablet,50mg,14.0,strip,25.0,False
7083,Alviroz F 145mg/10mg Tablet,236,119,tablet,145mg,10.0,strip,180.0,False
7084,Alviroz F 145mg/10mg Tablet,1318,119,tablet,145mg,10.0,strip,180.0,False
7085,Aceclan Tablet,16,603,tablet,100mg,10.0,strip,37.5,False
7086,Aceclan Tablet,23,603,tablet,100mg,10.0,strip,37.5,False
7089,Aziser Plus 200mg/250mg Tablet,183,1162,tablet,200mg,10.0,strip,243.0,False
7090,Aclonac-TH 4 Tablet,16,677,tablet,100mg,10.0,strip,210.0,False
7091,Aclonac-TH 4 Tablet,23,677,tablet,100mg,10.0,strip,210.0,False
7093,Azid 200mg/5ml Syrup,2,606,syrup,200mg/5ml,15.0,bottle,49.66,False
7097,Aclopride MR Tablet,16,1165,tablet,100mg,10.0,strip,45.0,False
7098,Aclopride MR Tablet,23,1165,tablet,100mg,10.0,strip,45.0,False
7099,Angiografin 65% Injection,534,21,injection,65%,20.0,ml,149.71,False
7100,Alcef O 200mg Tablet,183,24,tablet,200mg,10.0,strip,220.0,False
7101,Ascodex BR Syrup,30,3,syrup,50mg/5ml,100.0,bottle,78.5,False
7102,Ascodex BR Syrup,86,3,syrup,50mg/5ml,100.0,bottle,78.5,False
7103,Ascodex BR Syrup,364,3,syrup,50mg/5ml,100.0,bottle,78.5,False
7107,AM-Urs 150 Tablet,109,1166,tablet,150mg,10.0,strip,110.0,False
7109,Apgesic-MR Tablet,16,377,tablet,100mg,10.0,strip,65.7,False
7110,Apgesic-MR Tablet,23,377,tablet,100mg,10.0,strip,65.7,False
7112,Algic 200mg Tablet SR,16,248,tablet,200mg,10.0,strip,35.0,False
7113,Algic 200mg Tablet SR,23,248,tablet,200mg,10.0,strip,35.0,False
7114,Amvasc 2.5mg Tablet,20,390,tablet,2.5mg,10.0,strip,5.2,False
7115,Azidon 500mg Tablet,2,1168,tablet,500mg,3.0,strip,59.9,False
7116,Aceclogesic Plus 100mg/500mg Tablet,16,433,tablet,100mg,10.0,strip,45.0,False
7117,Aceclogesic Plus 100mg/500mg Tablet,23,433,tablet,100mg,10.0,strip,45.0,False
7118,Amlovas CH 5 mg/12.5 mg Tablet,20,33,tablet,5mg,10.0,strip,69.0,False
7119,Amloten 5 mg/50 mg Tablet,20,341,tablet,5mg,10.0,strip,39.0,False
7120,Acroli Forte Ointment,382,557,ointment,,10.0,tube,249.0,False
7122,Aroximat Plus 12.5mg/0.5mg Tablet CR,418,551,tablet,12.5mg,10.0,strip,119.0,False
7124,Aceplee-SP Tablet,16,682,tablet,100mg,10.0,strip,77.0,False
7125,Aceplee-SP Tablet,23,682,tablet,100mg,10.0,strip,77.0,False
7126,Ampitrust 375 Tablet,398,190,tablet,375mg,10.0,strip,549.0,False
7127,Arpin 25mg Tablet,535,1171,tablet,25mg,10.0,strip,22.0,False
7128,Alto SP Tablet,16,335,tablet,100mg,10.0,strip,120.0,False
7129,Alto SP Tablet,23,335,tablet,100mg,10.0,strip,120.0,False
7130,Azox P 0.25mg/10mg Tablet,15,1172,tablet,0.25mg,10.0,strip,11.75,False
7131,Azox P 0.25mg/10mg Tablet,150,1172,tablet,0.25mg,10.0,strip,11.75,False
7132,Azox P 0.25mg/10mg Tablet,1561,1172,tablet,0.25mg,10.0,strip,11.75,False
7133,Azox P 0.25mg/10mg Tablet,1624,1172,tablet,0.25mg,10.0,strip,11.75,False
7137,Azigood 500mg Tablet,2,749,tablet,500mg,3.0,strip,56.0,False
7141,Alvikoff DX Syrup,8,347,syrup,5mg,100.0,bottle,69.0,False
7142,Alvikoff DX Syrup,10,347,syrup,5mg,100.0,bottle,69.0,False
7143,Alvikoff DX Syrup,301,347,syrup,5mg,100.0,bottle,69.0,False
7144,Alvikoff DX Syrup,1251,347,syrup,5mg,100.0,bottle,69.0,False
7145,Alvikoff DX Syrup,1508,347,syrup,5mg,100.0,bottle,69.0,False
7146,Acepil TH 100mg/4mg Tablet,16,919,tablet,100mg,10.0,strip,155.0,False
7147,Acepil TH 100mg/4mg Tablet,23,919,tablet,100mg,10.0,strip,155.0,False
7148,Acetar Plus 100mg/325mg Tablet,16,403,tablet,100mg,10.0,strip,52.5,False
7149,Acetar Plus 100mg/325mg Tablet,23,403,tablet,100mg,10.0,strip,52.5,False
7150,Allercet AX 5mg/60mg Tablet,52,24,tablet,5mg,10.0,strip,53.44,False
7151,Advog M 0.3 Tablet SR,144,38,tablet,500mg,10.0,strip,114.1,False
7152,Activa P Tablet,247,142,tablet,,10.0,strip,5.81,False
7153,Activa P Tablet,759,142,tablet,,10.0,strip,5.81,False
7154,Acin P 100mg/500mg Tablet,16,1176,tablet,100mg,10.0,strip,27.0,False
7155,Acin P 100mg/500mg Tablet,23,1176,tablet,100mg,10.0,strip,27.0,False
7158,Asicold Plus 10mg/500mg/30mg Tablet,52,1178,tablet,10mg,10.0,strip,20.0,False
7159,Acezit-MR Tablet,16,693,tablet,100mg,10.0,strip,85.0,False
7160,Acezit-MR Tablet,23,693,tablet,100mg,10.0,strip,85.0,False
7162,Actimarin Forte Tablet,536,74,tablet,140mg,10.0,strip,350.0,False
7165,Amlovin 5mg Tablet,20,324,tablet,5mg,10.0,strip,30.56,False
7166,Aroget Syrup,3,96,syrup,15mg,100.0,bottle,69.0,False
7167,Aroget Syrup,49,96,syrup,15mg,100.0,bottle,69.0,False
7168,Aroget Syrup,73,96,syrup,15mg,100.0,bottle,69.0,False
7169,Aroget Syrup,743,96,syrup,15mg,100.0,bottle,69.0,False
7174,AB Cort 6mg Tablet,312,1121,tablet,6mg,10.0,strip,87.9,False
7178,Apazine Plus Tablet,16,790,tablet,100mg,10.0,strip,46.0,False
7179,Apazine Plus Tablet,23,790,tablet,100mg,10.0,strip,46.0,False
7180,Acefan TH 4mg/100mg/325mg Tablet,65,957,tablet,4mg,10.0,strip,210.0,False
7181,Acefan TH 4mg/100mg/325mg Tablet,818,957,tablet,4mg,10.0,strip,210.0,False
7193,Azibit 500 Tablet,2,489,tablet,500mg,3.0,strip,69.75,False
7194,Axepine 2mg Tablet MD,91,954,tablet,2mg,10.0,strip,36.0,False
7195,Arpimune-O 100mg Capsule,188,16,capsule,100mg,5.0,strip,509.8,False
7196,Angitor 10mg Tablet,33,61,tablet,10mg,10.0,strip,61.0,False
7197,Angitor 10mg Tablet,1502,61,tablet,10mg,10.0,strip,61.0,False
7198,Angitor 10mg Tablet,1755,61,tablet,10mg,10.0,strip,61.0,False
7199,Aztel MT 40mg/50mg Tablet,83,257,tablet,40mg,10.0,strip,72.0,False
7200,Ascam D Syrup,8,1184,syrup,5mg/5ml,100.0,bottle,68.0,False
7201,Ascam D Syrup,10,1184,syrup,5mg/5ml,100.0,bottle,68.0,False
7202,Ascam D Syrup,301,1184,syrup,5mg/5ml,100.0,bottle,68.0,False
7203,Ascam D Syrup,1251,1184,syrup,5mg/5ml,100.0,bottle,68.0,False
7204,Ascam D Syrup,1508,1184,syrup,5mg/5ml,100.0,bottle,68.0,False
7206,Aceprime-P Tablet,16,546,tablet,100mg,10.0,strip,35.0,False
7207,Aceprime-P Tablet,23,546,tablet,100mg,10.0,strip,35.0,False
7208,Alproxen 200mg Tablet,89,15,tablet,200mg,10.0,strip,39.0,False
7209,Alproxen 200mg Tablet,436,15,tablet,200mg,10.0,strip,39.0,False
7210,Azilin 250mg Tablet,2,174,tablet,250mg,10.0,strip,120.82,False
7211,Aziford Syrup,2,52,syrup,,15.0,bottle,50.0,False
7216,Anxit 1mg Tablet SR,15,24,tablet,1mg,10.0,strip,24.06,False
7217,Anxit 1mg Tablet SR,150,24,tablet,1mg,10.0,strip,24.06,False
7218,Anxit 1mg Tablet SR,1561,24,tablet,1mg,10.0,strip,24.06,False
7219,Anxit 1mg Tablet SR,1624,24,tablet,1mg,10.0,strip,24.06,False
7220,Afdiloc 300mg Tablet,9,209,tablet,300mg,10.0,strip,2.81,False
7221,A-Plus 100mg/325mg Tablet,16,794,tablet,100mg,10.0,strip,29.0,False
7222,A-Plus 100mg/325mg Tablet,23,794,tablet,100mg,10.0,strip,29.0,False
7223,Amigold 400mg Tablet,222,19,tablet,400mg,10.0,strip,482.35,False
7229,Amitryplin 10 Tablet,35,1187,tablet,10mg,10.0,strip,21.0,False
7230,Amitryplin 10 Tablet,136,1187,tablet,10mg,10.0,strip,21.0,False
7232,Arpit 10 Tablet,91,336,tablet,10mg,10.0,strip,131.42,False
7233,Alzumab 25mg Injection,538,219,injection,25mg,5.0,ml,8229.76,False
7235,A24 500mg Tablet,2,663,tablet,500mg,5.0,strip,111.9,False
7236,Amleod 10mg Tablet,20,297,tablet,10mg,10.0,strip,50.0,False
7237,Acepine-TH Tablet,16,1188,tablet,100mg,10.0,strip,165.0,False
7238,Acepine-TH Tablet,23,1188,tablet,100mg,10.0,strip,165.0,False
7242,Axcel Plus Tablet,16,722,tablet,100mg,10.0,strip,95.0,False
7243,Axcel Plus Tablet,23,722,tablet,100mg,10.0,strip,95.0,False
7244,Algest 200mg Capsule,161,8,capsule,200mg,10.0,strip,228.0,False
7245,Amlosafe-LS 2.5mg/2.5mg Tablet,20,10,tablet,2.5mg,10.0,strip,49.8,False
7246,Aceforce MR 100 mg/325 mg/250 mg Tablet,16,166,tablet,100mg,10.0,strip,11.25,False
7247,Aceforce MR 100 mg/325 mg/250 mg Tablet,23,166,tablet,100mg,10.0,strip,11.25,False
7249,Aciv 800mg Tablet,47,287,tablet,800mg,10.0,strip,200.0,False
7250,Aceten 25mg Tablet,539,97,tablet,25mg,10.0,strip,37.5,False
7251,Aceten 25mg Tablet,748,97,tablet,25mg,10.0,strip,37.5,False
7256,Amentoclav 625 Tablet,1,1192,tablet,500mg,10.0,strip,176.8,False
7261,Alfree Tablet,52,898,tablet,10mg,10.0,strip,11.93,False
7262,Acticort 20mg Tablet,322,89,tablet,20mg,10.0,strip,15.58,False
7263,Aztic 500mg Tablet,2,790,tablet,500mg,3.0,strip,61.5,False
7264,Aplaz 0.25mg Tablet MD,175,336,tablet,0.25mg,10.0,strip,18.49,False
7265,Aplaz 0.25mg Tablet MD,179,336,tablet,0.25mg,10.0,strip,18.49,False
7266,Azicure 200mg/5ml Syrup,2,528,syrup,200mg/5ml,15.0,bottle,40.0,False
7267,Ascolex 5mg Syrup,365,926,syrup,5mg,100.0,bottle,89.0,False
7270,Ampilox CV 1000 mg/200 mg Injection,1,35,injection,1000mg,,,128.19,False
7271,Acerik Plus 100mg/500mg Tablet,16,1195,tablet,100mg,10.0,strip,33.0,False
7272,Acerik Plus 100mg/500mg Tablet,23,1195,tablet,100mg,10.0,strip,33.0,False
7273,Atorday 40mg Tablet,33,875,tablet,40mg,10.0,strip,177.0,False
7274,Atorday 40mg Tablet,1502,875,tablet,40mg,10.0,strip,177.0,False
7275,Atorday 40mg Tablet,1755,875,tablet,40mg,10.0,strip,177.0,False
7276,AB Fax 200mg Tablet,183,1121,tablet,200mg,10.0,strip,190.0,False
7278,Albimol 650mg Tablet,60,728,tablet,650mg,10.0,strip,17.0,False
7279,Albimol 650mg Tablet,764,728,tablet,650mg,10.0,strip,17.0,False
7281,Actidrox 500mg Tablet,425,839,tablet,500mg,10.0,strip,40.85,False
7283,Azostar 500mg Tablet,2,1197,tablet,500mg,10.0,strip,65.0,False
7284,Acmas-SP Tablet,16,1198,tablet,100mg,10.0,strip,90.0,False
7285,Acmas-SP Tablet,23,1198,tablet,100mg,10.0,strip,90.0,False
7286,Acebull A Tablet,28,178,tablet,100mg,10.0,strip,169.0,False
7287,Acebull A Tablet,1297,178,tablet,100mg,10.0,strip,169.0,False
7288,Acebull A Tablet,1553,178,tablet,100mg,10.0,strip,169.0,False
7292,Acefem-P Tablet,16,1201,tablet,100mg,10.0,strip,29.0,False
7293,Acefem-P Tablet,23,1201,tablet,100mg,10.0,strip,29.0,False
7301,Acirab 20mg Tablet,289,565,tablet,20mg,10.0,strip,39.9,False
7306,Alizol-DSR Capsule,18,134,capsule,30mg,10.0,strip,80.0,False
7307,Alizol-DSR Capsule,302,134,capsule,30mg,10.0,strip,80.0,False
7308,Alizol-DSR Capsule,558,134,capsule,30mg,10.0,strip,80.0,False
7309,Aspar 100mg Tablet,488,374,tablet,100mg,10.0,strip,81.25,False
7310,Aspar 100mg Tablet,1679,374,tablet,100mg,10.0,strip,81.25,False
7311,Albemint 400mg Tablet,13,1205,tablet,400mg,1.0,strip,10.81,False
7315,Agard P 100mg/325mg Tablet,16,1208,tablet,100mg,10.0,strip,42.0,False
7316,Agard P 100mg/325mg Tablet,23,1208,tablet,100mg,10.0,strip,42.0,False
7317,Alvis 500 Tablet,2,915,tablet,500mg,3.0,strip,67.45,False
7318,Apipure Syrup,48,721,syrup,2mg,200.0,bottle,86.45,False
7320,Alcecost Plus 100mg/325mg Tablet,16,227,tablet,100mg,10.0,strip,38.0,False
7321,Alcecost Plus 100mg/325mg Tablet,23,227,tablet,100mg,10.0,strip,38.0,False
7323,Acter 800mg Tablet,543,892,tablet,800mg,10.0,strip,85.0,False
7325,Ambrol TG Syrup,3,368,syrup,15mg,100.0,bottle,36.75,False
7326,Ambrol TG Syrup,49,368,syrup,15mg,100.0,bottle,36.75,False
7327,Ambrol TG Syrup,73,368,syrup,15mg,100.0,bottle,36.75,False
7328,Ambrol TG Syrup,743,368,syrup,15mg,100.0,bottle,36.75,False
7329,Apentral-D 10mg/40mg Tablet,18,854,tablet,10mg,10.0,strip,49.0,False
7330,Apentral-D 10mg/40mg Tablet,302,854,tablet,10mg,10.0,strip,49.0,False
7331,Apentral-D 10mg/40mg Tablet,558,854,tablet,10mg,10.0,strip,49.0,False
7332,Acebel-SP 100mg/500mg/10mg Tablet,16,255,tablet,100mg,10.0,strip,65.0,False
7333,Acebel-SP 100mg/500mg/10mg Tablet,23,255,tablet,100mg,10.0,strip,65.0,False
7335,Aquiti 50mg Tablet,484,251,tablet,50mg,10.0,strip,57.4,False
7337,Aripat 10mg Tablet MD,91,1197,tablet,10mg,10.0,strip,76.0,False
7339,Azimune 50mg Tablet,40,13,tablet,50mg,10.0,strip,79.8,False
7340,Alnacet 5mg Tablet,94,454,tablet,5mg,10.0,strip,25.0,False
7341,Autitam 800 Tablet,543,424,tablet,800mg,10.0,strip,130.0,False
7342,Alexi 500mg/125mg Tablet,1,1212,tablet,500mg,3.0,strip,90.0,False
7343,Acronil-OD 400 Tablet ER,463,766,tablet,400mg,10.0,strip,205.0,False
7344,Acronil-OD 400 Tablet ER,465,766,tablet,400mg,10.0,strip,205.0,False
7347,Amrox Syrup,3,52,syrup,15mg/5ml,60.0,bottle,65.0,False
7348,Amrox Syrup,49,52,syrup,15mg/5ml,60.0,bottle,65.0,False
7349,Amrox Syrup,73,52,syrup,15mg/5ml,60.0,bottle,65.0,False
7350,Amrox Syrup,743,52,syrup,15mg/5ml,60.0,bottle,65.0,False
7351,Anoxy-CV Tablet,1,971,tablet,500mg,6.0,strip,132.4,False
7355,Astar P 100 mg/500 mg Tablet,16,260,tablet,100mg,10.0,strip,55.0,False
7356,Astar P 100 mg/500 mg Tablet,23,260,tablet,100mg,10.0,strip,55.0,False
7361,Arminol 10mg Tablet,472,324,tablet,10mg,10.0,strip,12.6,False
7362,Arminol 10mg Tablet,1035,324,tablet,10mg,10.0,strip,12.6,False
7366,Arip MT 30 Tablet,91,11,tablet,30mg,15.0,strip,526.15,False
7367,Alf SP Tablet,16,1215,tablet,100mg,10.0,strip,58.0,False
7368,Alf SP Tablet,23,1215,tablet,100mg,10.0,strip,58.0,False
7369,Amimind 100 Tablet,222,248,tablet,100mg,10.0,strip,115.02,False
7370,Azinix Plus 200 mg/250 mg Tablet,183,129,tablet,200mg,10.0,strip,165.0,False
7371,Astomox 500mg Capsule,1,482,capsule,500mg,10.0,strip,59.85,False
7372,Azikaa DS Syrup,2,244,syrup,200mg/5ml,15.0,bottle,45.48,False
7375,Allwel CV Dry Syrup,1,1041,syrup,200mg,30.0,bottle,54.5,False
7376,Alcocid 1000mg/20mg Syrup,253,1217,syrup,1000mg,100.0,bottle,75.0,False
7377,Alcocid 1000mg/20mg Syrup,1674,1217,syrup,1000mg,100.0,bottle,75.0,False
7378,Acewell P 100mg/325mg Tablet,16,1104,tablet,100mg,10.0,strip,36.0,False
7379,Acewell P 100mg/325mg Tablet,23,1104,tablet,100mg,10.0,strip,36.0,False
7380,Atorget 10 Tablet,33,1019,tablet,10mg,10.0,strip,52.0,False
7381,Atorget 10 Tablet,1502,1019,tablet,10mg,10.0,strip,52.0,False
7382,Atorget 10 Tablet,1755,1019,tablet,10mg,10.0,strip,52.0,False
7386,Amisul 375mg Tablet,398,545,tablet,375mg,10.0,strip,410.0,False
7387,Aplaz 1mg Tablet,175,336,tablet,1mg,10.0,strip,42.64,False
7388,Aplaz 1mg Tablet,179,336,tablet,1mg,10.0,strip,42.64,False
7392,Amphy XS  Capsule,1,189,capsule,250mg,10.0,strip,119.0,False
7393,Azpar 100mg/325mg Tablet,16,600,tablet,100mg,10.0,strip,47.0,False
7394,Azpar 100mg/325mg Tablet,23,600,tablet,100mg,10.0,strip,47.0,False
7395,Aztel AM 40mg/5mg Tablet,83,257,tablet,40mg,10.0,strip,79.0,False
7396,Apizen Syrup,48,1221,syrup,2mg,200.0,bottle,86.0,False
7397,Asloc Tablet,9,179,tablet,150mg,30.0,strip,24.55,False
7398,Alnacob-Plus Injection,88,454,injection,,2.0,ml,37.0,False
7399,Acelic-SP Tablet,16,1153,tablet,100mg,10.0,strip,72.0,False
7400,Acelic-SP Tablet,23,1153,tablet,100mg,10.0,strip,72.0,False
7401,Acelro-SP Tablet,16,1222,tablet,100mg,10.0,strip,68.0,False
7402,Acelro-SP Tablet,23,1222,tablet,100mg,10.0,strip,68.0,False
7403,Assertum 1000 mg/1000 mg Injection,522,44,injection,1000mg,,,580.0,False
7404,Afen 100mg Tablet,16,106,tablet,100mg,10.0,strip,22.42,False
7405,Afen 100mg Tablet,23,106,tablet,100mg,10.0,strip,22.42,False
7411,Anofer 100mg Injection,544,13,injection,100mg,,,274.5,False
7412,Asec P 100mg/325mg Tablet,16,25,tablet,100mg,10.0,strip,50.4,False
7413,Asec P 100mg/325mg Tablet,23,25,tablet,100mg,10.0,strip,50.4,False
7414,Astro 10mg Tablet,33,1225,tablet,10mg,10.0,strip,90.0,False
7415,Astro 10mg Tablet,1502,1225,tablet,10mg,10.0,strip,90.0,False
7416,Astro 10mg Tablet,1755,1225,tablet,10mg,10.0,strip,90.0,False
7417,Acepark P 100mg/325mg Tablet,16,1226,tablet,100mg,10.0,strip,90.0,False
7418,Acepark P 100mg/325mg Tablet,23,1226,tablet,100mg,10.0,strip,90.0,False
7419,Acinostop 1gm Injection,545,3,injection,1gm,,,582.5,False
7420,Arotex 10mg Tablet,7,775,tablet,10mg,10.0,strip,26.9,False
7421,Airovis L 5mg/10mg Tablet,94,578,tablet,5mg,10.0,strip,119.6,False
7423,Alerpin A 5mg/60mg Tablet,52,490,tablet,5mg,10.0,strip,55.0,False
7424,Azipride 500mg Tablet,2,1165,tablet,500mg,3.0,strip,71.0,False
7425,Amlomark 5mg Tablet,20,117,tablet,5mg,10.0,strip,23.8,False
7426,Acetate MR 100mg/325mg/250mg Tablet,16,577,tablet,100mg,10.0,strip,80.0,False
7427,Acetate MR 100mg/325mg/250mg Tablet,23,577,tablet,100mg,10.0,strip,80.0,False
7428,Algicure-M Tablet,94,432,tablet,5mg,10.0,strip,114.0,False
7429,Ampilox C 500 mg/500 mg Injection,53,35,injection,500mg,,,37.95,False
7430,Amlovas SN 5 mg/2.5 mg Tablet,540,33,tablet,5mg,10.0,strip,62.46,False
7431,Amlovas SN 5 mg/2.5 mg Tablet,756,33,tablet,5mg,10.0,strip,62.46,False
7432,Amlovas SN 5 mg/2.5 mg Tablet,1068,33,tablet,5mg,10.0,strip,62.46,False
7433,Advastat 40mg Tablet,166,190,tablet,40mg,10.0,strip,429.0,False
7434,Azilite 500mg Tablet,2,923,tablet,500mg,3.0,strip,71.0,False
7438,Aceliv P 100mg/325mg Tablet,16,761,tablet,100mg,10.0,strip,35.0,False
7439,Aceliv P 100mg/325mg Tablet,23,761,tablet,100mg,10.0,strip,35.0,False
7440,Aconreb-DSR Capsule,18,1110,capsule,30mg,10.0,strip,105.0,False
7441,Aconreb-DSR Capsule,302,1110,capsule,30mg,10.0,strip,105.0,False
7442,Aconreb-DSR Capsule,558,1110,capsule,30mg,10.0,strip,105.0,False
7443,Aceros 100mg Tablet,16,583,tablet,100mg,10.0,strip,33.0,False
7444,Aceros 100mg Tablet,23,583,tablet,100mg,10.0,strip,33.0,False
7445,Acceclomax Plus 100mg/325mg Tablet,16,1229,tablet,100mg,10.0,strip,62.5,False
7446,Acceclomax Plus 100mg/325mg Tablet,23,1229,tablet,100mg,10.0,strip,62.5,False
7447,Aspo AV 75 Capsule,33,130,capsule,10mg,10.0,strip,24.0,False
7448,Aspo AV 75 Capsule,1502,130,capsule,10mg,10.0,strip,24.0,False
7449,Aspo AV 75 Capsule,1755,130,capsule,10mg,10.0,strip,24.0,False
7450,Atorica 20 Tablet,33,254,tablet,20mg,15.0,strip,240.21,False
7451,Atorica 20 Tablet,1502,254,tablet,20mg,15.0,strip,240.21,False
7452,Atorica 20 Tablet,1755,254,tablet,20mg,15.0,strip,240.21,False
7454,Abetorox 60 Tablet,441,5,tablet,60mg,10.0,strip,94.0,False
7455,Abetorox 60 Tablet,506,5,tablet,60mg,10.0,strip,94.0,False
7456,Artacil 10mg/ml Injection,239,104,injection,10mg/ml,5.0,ml,121.27,False
7457,Apz 20mg Tablet,91,360,tablet,20mg,10.0,strip,116.07,False
7458,Atol AM Tablet,20,324,tablet,5mg,10.0,strip,78.8,False
7459,Anihist Syrup,68,1079,syrup,2mg,100.0,bottle,42.0,False
7460,Anihist Syrup,386,1079,syrup,2mg,100.0,bottle,42.0,False
7461,Anihist Syrup,592,1079,syrup,2mg,100.0,bottle,42.0,False
7462,Anihist Syrup,830,1079,syrup,2mg,100.0,bottle,42.0,False
7464,Anvitop-DSR Capsule,18,1230,capsule,30mg,10.0,strip,89.0,False
7465,Anvitop-DSR Capsule,302,1230,capsule,30mg,10.0,strip,89.0,False
7466,Anvitop-DSR Capsule,558,1230,capsule,30mg,10.0,strip,89.0,False
7467,ACL 625 Tablet,1,916,tablet,500mg,6.0,strip,130.0,False
7468,Accimetil-MD Tablet,117,659,tablet,5mg,10.0,strip,44.0,False
7469,Aceflam-MR Tablet,16,24,tablet,100mg,10.0,strip,80.0,False
7470,Aceflam-MR Tablet,23,24,tablet,100mg,10.0,strip,80.0,False
7473,Alvikoff M 75mg/5mg/10mg Tablet,3,347,tablet,75mg,10.0,strip,138.0,False
7474,Alvikoff M 75mg/5mg/10mg Tablet,49,347,tablet,75mg,10.0,strip,138.0,False
7475,Alvikoff M 75mg/5mg/10mg Tablet,73,347,tablet,75mg,10.0,strip,138.0,False
7476,Alvikoff M 75mg/5mg/10mg Tablet,743,347,tablet,75mg,10.0,strip,138.0,False
7477,Atolife F 10mg/160mg Tablet,33,375,tablet,10mg,10.0,strip,98.0,False
7478,Atolife F 10mg/160mg Tablet,1502,375,tablet,10mg,10.0,strip,98.0,False
7479,Atolife F 10mg/160mg Tablet,1755,375,tablet,10mg,10.0,strip,98.0,False
7480,Accip SP 100mg/325mg/15mg Tablet,16,981,tablet,100mg,10.0,strip,95.0,False
7481,Accip SP 100mg/325mg/15mg Tablet,23,981,tablet,100mg,10.0,strip,95.0,False
7482,AP Cef-AZ Tablet,183,888,tablet,200mg,10.0,strip,210.0,False
7484,Atrabloc Injection,239,833,injection,10mg,5.0,ml,323.46,False
7485,Acevil P Tablet,16,1142,tablet,100mg,10.0,strip,65.0,False
7486,Acevil P Tablet,23,1142,tablet,100mg,10.0,strip,65.0,False
7494,Abirab DSR Capsule,18,694,capsule,30mg,10.0,strip,65.0,False
7495,Abirab DSR Capsule,302,694,capsule,30mg,10.0,strip,65.0,False
7496,Abirab DSR Capsule,558,694,capsule,30mg,10.0,strip,65.0,False
7497,Acipride 75mg/20mg Tablet XL,288,556,tablet,75mg,10.0,strip,165.0,False
7498,Acipride 75mg/20mg Tablet XL,641,556,tablet,75mg,10.0,strip,165.0,False
7502,Afra Z Syrup,245,1234,syrup,400mg/5ml,170.0,bottle,49.0,False
7503,Anticanol 0.5 Tablet,546,297,tablet,0.5mg,10.0,strip,800.0,False
7504,Amiset 100mg Tablet,222,480,tablet,100mg,10.0,strip,110.0,False
7505,Abolish-FX 120 Tablet,4,580,tablet,120mg,10.0,strip,143.0,False
7506,Aziford 250 Tablet,2,52,tablet,250mg,10.0,strip,118.4,False
7507,Artaz 15mg Tablet,547,11,tablet,15mg,10.0,strip,16.96,False
7508,Artaz 15mg Tablet,1186,11,tablet,15mg,10.0,strip,16.96,False
7510,Angizem DP 120 Capsule MR,195,13,capsule,120mg,10.0,strip,178.0,False
7514,Akuminic Tablet,106,51,tablet,30mg,10.0,strip,49.0,False
7515,Akuminic Tablet,267,51,tablet,30mg,10.0,strip,49.0,False
7516,Akuminic Tablet,323,51,tablet,30mg,10.0,strip,49.0,False
7517,Amox 125mg Tablet,1,54,tablet,125mg,10.0,strip,20.66,False
7518,Anthel UP Tablet,113,174,tablet,6mg,1.0,strip,17.3,False
7519,Azizen 500mg Tablet,2,1236,tablet,500mg,3.0,strip,84.6,False
7520,Azinex 500mg Tablet,2,192,tablet,500mg,3.0,strip,78.0,False
7530,Atorvatin AP 20/75 Capsule,33,470,capsule,20mg,10.0,strip,27.5,False
7531,Atorvatin AP 20/75 Capsule,1502,470,capsule,20mg,10.0,strip,27.5,False
7532,Atorvatin AP 20/75 Capsule,1755,470,capsule,20mg,10.0,strip,27.5,False
7537,Aldetel 40mg Tablet,83,478,tablet,40mg,10.0,strip,70.0,False
7538,Apewin LT 2 mg/275 mg Syrup,48,1243,syrup,2mg,200.0,bottle,67.28,False
7540,Acefos P 100mg/325mg Tablet,16,545,tablet,100mg,10.0,strip,34.5,False
7541,Acefos P 100mg/325mg Tablet,23,545,tablet,100mg,10.0,strip,34.5,False
7542,Alivo 500mg Tablet,159,1245,tablet,500mg,10.0,strip,72.35,False
7543,Alivo 500mg Tablet,451,1245,tablet,500mg,10.0,strip,72.35,False
7544,Alostar-SP Tablet,16,1246,tablet,100mg,10.0,strip,69.0,False
7545,Alostar-SP Tablet,23,1246,tablet,100mg,10.0,strip,69.0,False
7546,Albuprime Injection,105,25,injection,20%,100.0,ml,5526.0,False
7547,AN 250 Tablet,2,994,tablet,250mg,6.0,strip,72.0,False
7553,Asthamax AX 400mg/30mg Tablet,518,353,tablet,400mg,10.0,strip,55.0,False
7554,Asthamax AX 400mg/30mg Tablet,1104,353,tablet,400mg,10.0,strip,55.0,False
7555,Abdocin DS 80mg/250mg Tablet,119,628,tablet,80mg,10.0,strip,57.0,False
7556,Abdocin DS 80mg/250mg Tablet,220,628,tablet,80mg,10.0,strip,57.0,False
7557,Abdocin DS 80mg/250mg Tablet,1619,628,tablet,80mg,10.0,strip,57.0,False
7560,Arropan D 30mg/40mg Capsule SR,18,480,capsule,30mg,10.0,strip,97.0,False
7561,Arropan D 30mg/40mg Capsule SR,302,480,capsule,30mg,10.0,strip,97.0,False
7562,Arropan D 30mg/40mg Capsule SR,558,480,capsule,30mg,10.0,strip,97.0,False
7564,Acetis P Tablet,16,823,tablet,100mg,10.0,strip,39.0,False
7565,Acetis P Tablet,23,823,tablet,100mg,10.0,strip,39.0,False
7566,Ampiliv M Tablet,94,1166,tablet,5mg,10.0,strip,130.0,False
7567,Acphyllin 100mg Capsule,28,512,capsule,100mg,10.0,strip,75.0,False
7568,Acphyllin 100mg Capsule,1297,512,capsule,100mg,10.0,strip,75.0,False
7569,Acphyllin 100mg Capsule,1553,512,capsule,100mg,10.0,strip,75.0,False
7574,Aceclomac Plus 50mg/5ml/125mg/5ml Syrup,16,93,syrup,50mg/5ml,60.0,bottle,112.5,False
7575,Aceclomac Plus 50mg/5ml/125mg/5ml Syrup,23,93,syrup,50mg/5ml,60.0,bottle,112.5,False
7576,Alermine 2mg Tablet,412,1252,tablet,2mg,10.0,strip,12.0,False
7577,Alnacort 30mg Tablet,312,454,tablet,30mg,10.0,strip,490.0,False
7580,Amoxsyn CV 625 Tablet,1,304,tablet,500mg,10.0,strip,190.0,False
7581,Adheal Tablet,549,1255,tablet,,10.0,strip,172.0,False
7582,Acicet 400mg Tablet,47,237,tablet,400mg,10.0,strip,129.74,False
7583,Amicon 50mg Tablet,35,95,tablet,50mg,10.0,strip,69.4,False
7584,Amicon 50mg Tablet,136,95,tablet,50mg,10.0,strip,69.4,False
7587,AC Z Tablet,385,571,tablet,,10.0,strip,41.55,False
7588,AC Z Tablet,721,571,tablet,,10.0,strip,41.55,False
7591,Apriglim-MF 1 Tablet PR,41,254,tablet,1mg,15.0,strip,150.93,False
7592,Atoran CV 10mg/75mg Tablet,33,1258,tablet,10mg,10.0,strip,99.0,False
7593,Atoran CV 10mg/75mg Tablet,1502,1258,tablet,10mg,10.0,strip,99.0,False
7594,Atoran CV 10mg/75mg Tablet,1755,1258,tablet,10mg,10.0,strip,99.0,False
7595,Aslomed P 100mg/325mg Tablet,16,1146,tablet,100mg,10.0,strip,60.0,False
7596,Aslomed P 100mg/325mg Tablet,23,1146,tablet,100mg,10.0,strip,60.0,False
7600,Azustan 500 Tablet,2,848,tablet,500mg,3.0,strip,67.5,False
7601,Axitan 1 Tablet,17,612,tablet,1mg,10.0,strip,27.0,False
7603,Allegix 120mg Tablet,4,25,tablet,120mg,6.0,strip,30.0,False
7606,Ampicon 50mg Tablet,222,766,tablet,50mg,10.0,strip,75.0,False
7607,Allersan 5mg Tablet,94,916,tablet,5mg,10.0,strip,25.0,False
7608,Azflo-Kit,63,401,tablet,150mg,4.0,strip,95.0,False
7609,Azflo-Kit,369,401,tablet,150mg,4.0,strip,95.0,False
7610,Azflo-Kit,1308,401,tablet,150mg,4.0,strip,95.0,False
7611,Alive 20mg Tablet,33,1260,tablet,20mg,10.0,strip,108.0,False
7612,Alive 20mg Tablet,1502,1260,tablet,20mg,10.0,strip,108.0,False
7613,Alive 20mg Tablet,1755,1260,tablet,20mg,10.0,strip,108.0,False
7614,Aceros P 100mg/325mg Tablet,16,583,tablet,100mg,10.0,strip,45.0,False
7615,Aceros P 100mg/325mg Tablet,23,583,tablet,100mg,10.0,strip,45.0,False
7616,Asorib T4 Tablet,441,1166,tablet,60mg,10.0,strip,225.0,False
7617,Asorib T4 Tablet,506,1166,tablet,60mg,10.0,strip,225.0,False
7618,Asozen-TH Tablet,16,130,tablet,100mg,10.0,strip,100.0,False
7619,Asozen-TH Tablet,23,130,tablet,100mg,10.0,strip,100.0,False
7620,Alegrid M 10mg/120mg Tablet,6,1261,tablet,10mg,10.0,strip,145.0,False
7621,Alegrid M 10mg/120mg Tablet,521,1261,tablet,10mg,10.0,strip,145.0,False
7623,Asidrop D 10 mg/20 mg Tablet,18,1255,tablet,10mg,10.0,strip,99.1,False
7624,Asidrop D 10 mg/20 mg Tablet,302,1255,tablet,10mg,10.0,strip,99.1,False
7625,Asidrop D 10 mg/20 mg Tablet,558,1255,tablet,10mg,10.0,strip,99.1,False
7626,Alprest 0.5mg Tablet,15,14,tablet,0.5mg,10.0,strip,3.22,False
7627,Alprest 0.5mg Tablet,150,14,tablet,0.5mg,10.0,strip,3.22,False
7628,Alprest 0.5mg Tablet,1561,14,tablet,0.5mg,10.0,strip,3.22,False
7629,Alprest 0.5mg Tablet,1624,14,tablet,0.5mg,10.0,strip,3.22,False
7633,Aroside Forte 180mg/96mg/200mg Tablet,249,505,tablet,180mg,10.0,strip,399.0,False
7634,Aroside Forte 180mg/96mg/200mg Tablet,803,505,tablet,180mg,10.0,strip,399.0,False
7635,Angistat 6.5 Capsule TR,43,13,capsule,6.5mg,25.0,strip,155.0,False
7637,Almefkem 250 DT Tablet,440,15,tablet,250mg,10.0,strip,18.79,False
7638,Almefkem 250 DT Tablet,551,15,tablet,250mg,10.0,strip,18.79,False
7639,Actigaba NT 100mg/10mg Tablet,199,171,tablet,100mg,10.0,strip,134.0,False
7640,Actigaba NT 100mg/10mg Tablet,284,171,tablet,100mg,10.0,strip,134.0,False
7641,Actigaba NT 100mg/10mg Tablet,1122,171,tablet,100mg,10.0,strip,134.0,False
7642,Aripiren 5mg Tablet,91,109,tablet,5mg,10.0,strip,53.0,False
7643,Alcetam 800mg Tablet,543,15,tablet,800mg,10.0,strip,92.0,False
7644,Arkamet Ipr 850mg Tablet SR,144,1265,tablet,850mg,10.0,strip,36.0,False
7648,Azqure 1% Eye Ointment,2,617,ointment,,5.0,tube,85.0,False
7649,Afderm 200 Capsule,156,209,capsule,200mg,4.0,strip,87.12,False
7651,Alkal Syrup,22,119,syrup,,200.0,bottle,118.0,False
7652,Amarin M2 Tablet ER,41,1050,tablet,2mg,10.0,strip,85.0,False
7653,Aeromon Tablet,94,1269,tablet,5mg,10.0,strip,104.0,False
7654,Atr AP 10mg/75mg Capsule,33,297,capsule,10mg,10.0,strip,61.45,False
7655,Atr AP 10mg/75mg Capsule,1502,297,capsule,10mg,10.0,strip,61.45,False
7656,Atr AP 10mg/75mg Capsule,1755,297,capsule,10mg,10.0,strip,61.45,False
7658,Atorniz 20mg Tablet,33,52,tablet,20mg,10.0,strip,135.0,False
7659,Atorniz 20mg Tablet,1502,52,tablet,20mg,10.0,strip,135.0,False
7660,Atorniz 20mg Tablet,1755,52,tablet,20mg,10.0,strip,135.0,False
7661,Ascent PT Tablet,16,698,tablet,100mg,10.0,strip,85.4,False
7662,Ascent PT Tablet,23,698,tablet,100mg,10.0,strip,85.4,False
7663,Atorica 40 Tablet,33,254,tablet,40mg,10.0,strip,138.08,False
7664,Atorica 40 Tablet,1502,254,tablet,40mg,10.0,strip,138.08,False
7665,Atorica 40 Tablet,1755,254,tablet,40mg,10.0,strip,138.08,False
7666,Anxipose 1mg Tablet,17,154,tablet,1mg,10.0,strip,12.18,False
7673,Albiflam SP Tablet,16,728,tablet,100mg,10.0,strip,63.0,False
7674,Albiflam SP Tablet,23,728,tablet,100mg,10.0,strip,63.0,False
7675,Adblock MT 5mg/50mg Tablet,20,344,tablet,5mg,10.0,strip,59.0,False
7676,Acenet SP 100mg/325mg/15mg Tablet,16,371,tablet,100mg,10.0,strip,80.0,False
7677,Acenet SP 100mg/325mg/15mg Tablet,23,371,tablet,100mg,10.0,strip,80.0,False
7679,Aziqub 500mg Tablet,2,616,tablet,500mg,3.0,strip,68.5,False
7682,Azitas 500mg Tablet,2,25,tablet,500mg,3.0,strip,56.16,False
7685,Auxime 200mg Tablet,183,416,tablet,200mg,10.0,strip,118.0,False
7686,Azot 6mg Tablet,312,1076,tablet,6mg,10.0,strip,80.0,False
7689,Afitra 200 Capsule,156,506,capsule,200mg,10.0,strip,219.35,False
7694,Azithral 5D Tablet,2,2,tablet,500mg,5.0,strip,118.6,False
7698,Arocef 200mg Tablet,346,375,tablet,200mg,10.0,strip,245.26,False
7699,Arocef 200mg Tablet,593,375,tablet,200mg,10.0,strip,245.26,False
7700,Acceclomax-MR Tablet,16,1229,tablet,100mg,10.0,strip,89.0,False
7701,Acceclomax-MR Tablet,23,1229,tablet,100mg,10.0,strip,89.0,False
7702,Amoxsyn CV 375 Tablet,1,304,tablet,250mg,10.0,strip,170.0,False
7705,Ampoxin Plus 250 mg/250 mg Capsule,1,11,capsule,250mg,10.0,strip,80.0,False
7706,Astanol 5mg Tablet,226,1277,tablet,5mg,10.0,strip,99.0,False
7707,Acolate Kid Nasal Drops,347,96,drops,,10.0,ml,42.0,False
7708,Apazine S Tablet,16,790,tablet,100mg,10.0,strip,59.9,False
7709,Apazine S Tablet,23,790,tablet,100mg,10.0,strip,59.9,False
7716,Aristocillin 250mg Injection,53,10,injection,250mg,,,14.75,False
7724,Azetor 500mg Tablet,2,93,tablet,500mg,3.0,strip,76.5,False
7726,Ancolol 0.25 mg/10 mg Tablet,15,198,tablet,0.25mg,10.0,strip,40.4,False
7727,Ancolol 0.25 mg/10 mg Tablet,150,198,tablet,0.25mg,10.0,strip,40.4,False
7728,Ancolol 0.25 mg/10 mg Tablet,1561,198,tablet,0.25mg,10.0,strip,40.4,False
7729,Ancolol 0.25 mg/10 mg Tablet,1624,198,tablet,0.25mg,10.0,strip,40.4,False
7730,Acnedox-LB Capsule,298,1279,capsule,100mg,10.0,strip,28.0,False
7731,Ace TP 4mg/100mg/325mg Tablet,65,512,tablet,4mg,10.0,strip,172.45,False
7732,Ace TP 4mg/100mg/325mg Tablet,818,512,tablet,4mg,10.0,strip,172.45,False
7733,Aceclogesic MR 100mg/325mg/250mg Tablet,16,433,tablet,100mg,10.0,strip,55.0,False
7734,Aceclogesic MR 100mg/325mg/250mg Tablet,23,433,tablet,100mg,10.0,strip,55.0,False
7736,Advog M 0.2 Plus Tablet,144,38,tablet,500mg,10.0,strip,97.92,False
7737,Adox Tablet,298,943,tablet,,10.0,strip,180.0,False
7738,Azispan 250mg Tablet,2,462,tablet,250mg,6.0,strip,69.0,False
7739,Alspas-D Tablet,119,134,tablet,40mg,10.0,strip,48.0,False
7740,Alspas-D Tablet,220,134,tablet,40mg,10.0,strip,48.0,False
7741,Alspas-D Tablet,1619,134,tablet,40mg,10.0,strip,48.0,False
7742,Apofec Tablet,16,455,tablet,100mg,10.0,strip,32.0,False
7743,Apofec Tablet,23,455,tablet,100mg,10.0,strip,32.0,False
7744,Anoxilin 40mg Injection,556,174,injection,40mg,4.0,ml,43.24,False
7745,Alfapime TZ 1000mg/125mg Injection,295,113,injection,1000mg,,,950.0,False
7746,Atorniz-C Capsule,33,52,capsule,10mg,10.0,strip,96.0,False
7747,Atorniz-C Capsule,1502,52,capsule,10mg,10.0,strip,96.0,False
7748,Atorniz-C Capsule,1755,52,capsule,10mg,10.0,strip,96.0,False
7751,Ampilox CV 200 mg/28.5 mg Dry Syrup,1,35,syrup,200mg,30.0,bottle,59.88,False
7752,Ansac-SP Tablet,16,327,tablet,100mg,10.0,strip,65.0,False
7753,Ansac-SP Tablet,23,327,tablet,100mg,10.0,strip,65.0,False
7754,Adfil 6mg Injection,557,368,injection,6mg,6.0,ml,9800.0,False
7758,Ampra 40mg Tablet,281,838,tablet,40mg,10.0,strip,60.0,False
7759,Ampra 40mg Tablet,1077,838,tablet,40mg,10.0,strip,60.0,False
7761,Avenclav 625 Tablet,1,815,tablet,500mg,6.0,strip,152.0,False
7762,Alfunex 10mg Tablet,24,170,tablet,10mg,10.0,strip,139.0,False
7764,Asmabron-N Tablet,6,1286,tablet,10mg,10.0,strip,69.0,False
7765,Asmabron-N Tablet,521,1286,tablet,10mg,10.0,strip,69.0,False
7767,Aldo L Tablet,20,65,tablet,5mg,10.0,strip,70.5,False
7768,Ameto-G1 Tablet PR,41,347,tablet,1mg,10.0,strip,52.0,False
7771,Aptine Syrup,48,1288,syrup,2mg,200.0,bottle,85.0,False
7772,Acemove-P 100mg/325mg Tablet,16,1289,tablet,100mg,10.0,strip,29.0,False
7773,Acemove-P 100mg/325mg Tablet,23,1289,tablet,100mg,10.0,strip,29.0,False
7777,Amlokem M 5/50 Tablet,20,15,tablet,5mg,10.0,strip,110.0,False
7778,Afnadol P 100mg/325mg Tablet,16,281,tablet,100mg,10.0,strip,42.0,False
7779,Afnadol P 100mg/325mg Tablet,23,281,tablet,100mg,10.0,strip,42.0,False
7780,Acu Plus 100mg/325mg Tablet,16,1290,tablet,100mg,10.0,strip,40.0,False
7781,Acu Plus 100mg/325mg Tablet,23,1290,tablet,100mg,10.0,strip,40.0,False
7785,Acronac-P Tablet,16,1111,tablet,100mg,10.0,strip,40.0,False
7786,Acronac-P Tablet,23,1111,tablet,100mg,10.0,strip,40.0,False
7787,Amimind 400 Tablet,222,248,tablet,400mg,10.0,strip,360.0,False
7788,Anto D 10mg/40mg Tablet,18,1215,tablet,10mg,10.0,strip,50.0,False
7789,Anto D 10mg/40mg Tablet,302,1215,tablet,10mg,10.0,strip,50.0,False
7790,Anto D 10mg/40mg Tablet,558,1215,tablet,10mg,10.0,strip,50.0,False
7791,Abanor Plus Tablet,151,1019,tablet,75mg,10.0,strip,195.0,False
7792,Ambrolid LS Syrup,45,1292,syrup,1mg/5ml,100.0,bottle,73.0,False
7793,Ambrolid LS Syrup,176,1292,syrup,1mg/5ml,100.0,bottle,73.0,False
7797,Anxipose 0.5mg Tablet,17,154,tablet,0.5mg,10.0,strip,10.98,False
7798,Azox 0.25mg Tablet,15,1172,tablet,0.25mg,10.0,strip,12.5,False
7799,Azox 0.25mg Tablet,150,1172,tablet,0.25mg,10.0,strip,12.5,False
7800,Azox 0.25mg Tablet,1561,1172,tablet,0.25mg,10.0,strip,12.5,False
7801,Azox 0.25mg Tablet,1624,1172,tablet,0.25mg,10.0,strip,12.5,False
7802,Actide 0.05mg Injection,349,20,injection,0.05mg,1.0,ml,225.0,False
7808,Arileev-M 5mg/10mg Tablet,94,648,tablet,5mg,10.0,strip,95.0,False
7811,Abdotic Plus Tablet,186,1050,tablet,500mg,10.0,strip,199.5,False
7812,Abdotic Plus Tablet,1585,1050,tablet,500mg,10.0,strip,199.5,False
7813,Anzip 2.5mg Tablet MD,559,478,tablet,2.5mg,10.0,strip,29.0,False
7814,Amitryp 10 Tablet,35,612,tablet,10mg,10.0,strip,21.3,False
7815,Amitryp 10 Tablet,136,612,tablet,10mg,10.0,strip,21.3,False
7816,Afenak Plus Tablet,16,13,tablet,100mg,10.0,strip,94.0,False
7817,Afenak Plus Tablet,23,13,tablet,100mg,10.0,strip,94.0,False
7818,Amyclav-LB 625 Tablet,1,1296,tablet,500mg,10.0,strip,260.0,False
7819,Amalt 50 Tablet,222,53,tablet,50mg,15.0,strip,134.4,False
7820,Alphasan 1500 Injection,88,920,injection,,,,70.0,False
7822,Aldep C Tablet,35,53,tablet,25mg,10.0,strip,61.22,False
7823,Aldep C Tablet,136,53,tablet,25mg,10.0,strip,61.22,False
7825,Alkof SF Syrup,30,15,syrup,50mg,100.0,bottle,27.5,False
7826,Alkof SF Syrup,86,15,syrup,50mg,100.0,bottle,27.5,False
7827,Alkof SF Syrup,364,15,syrup,50mg,100.0,bottle,27.5,False
7828,Arifix-AZ 200mg/250mg Tablet,183,648,tablet,200mg,10.0,strip,168.5,False
7835,Ambro-Doz Syrup,3,1299,syrup,15mg,100.0,bottle,44.0,False
7836,Ambro-Doz Syrup,49,1299,syrup,15mg,100.0,bottle,44.0,False
7837,Ambro-Doz Syrup,73,1299,syrup,15mg,100.0,bottle,44.0,False
7838,Ambro-Doz Syrup,743,1299,syrup,15mg,100.0,bottle,44.0,False
7839,Ameto 500 Tablet ER,144,119,tablet,500mg,15.0,strip,34.0,False
7840,Alopram 0.5mg/10mg Tablet,175,1300,tablet,0.5mg,10.0,strip,88.0,False
7841,Alopram 0.5mg/10mg Tablet,179,1300,tablet,0.5mg,10.0,strip,88.0,False
7842,Airise 60k Softgel Capsule,25,1301,capsule,,4.0,strip,124.0,False
7846,Amicin 100mg Injection,38,35,injection,100mg,,,22.0,False
7847,Acenal P 100 mg/500 mg Tablet,16,421,tablet,100mg,10.0,strip,55.0,False
7848,Acenal P 100 mg/500 mg Tablet,23,421,tablet,100mg,10.0,strip,55.0,False
7849,Adams Delight 100mg Tablet,77,61,tablet,100mg,4.0,strip,13.75,False
7850,A-Bec Tablet,367,46,tablet,300mg,30.0,units,1588.0,False
7856,Alovac SP 100mg/325mg/15mg Tablet,16,1306,tablet,100mg,10.0,strip,69.0,False
7857,Alovac SP 100mg/325mg/15mg Tablet,23,1306,tablet,100mg,10.0,strip,69.0,False
7861,Aceforce 200mg Tablet SR,16,468,tablet,200mg,10.0,strip,48.0,False
7862,Aceforce 200mg Tablet SR,23,468,tablet,200mg,10.0,strip,48.0,False
7863,Ambrolin-G Syrup,3,1076,syrup,15mg/5ml,100.0,bottle,73.0,False
7864,Ambrolin-G Syrup,49,1076,syrup,15mg/5ml,100.0,bottle,73.0,False
7865,Ambrolin-G Syrup,73,1076,syrup,15mg/5ml,100.0,bottle,73.0,False
7866,Ambrolin-G Syrup,743,1076,syrup,15mg/5ml,100.0,bottle,73.0,False
7867,Azitough 250mg Tablet,2,5,tablet,250mg,6.0,strip,70.72,False
7872,Ataron Eye Drop,75,6,drops,,5.0,ml,1.25,False
7873,Ataron Eye Drop,1190,6,drops,,5.0,ml,1.25,False
7881,Abex-DSR 30mg/20mg Capsule,18,1310,capsule,30mg,10.0,strip,70.0,False
7882,Abex-DSR 30mg/20mg Capsule,302,1310,capsule,30mg,10.0,strip,70.0,False
7883,Abex-DSR 30mg/20mg Capsule,558,1310,capsule,30mg,10.0,strip,70.0,False
7884,ATM Kid 100mg Tablet,2,40,tablet,100mg,3.0,strip,19.1,False
7885,Antisnake Venom Polyvalent Injection,509,80,injection,,,,434.62,False
7886,Acetate RB 200mg/20mg Capsule,16,577,capsule,200mg,10.0,strip,95.0,False
7887,Acetate RB 200mg/20mg Capsule,23,577,capsule,200mg,10.0,strip,95.0,False
7891,Alfin 250mg Tablet,450,194,tablet,250mg,7.0,strip,145.0,False
7892,Ab Penem 200mg Tablet,523,505,tablet,200mg,6.0,strip,533.4,False
7893,Acelix SP 100mg/325mg/10mg Tablet,16,117,tablet,100mg,10.0,strip,115.0,False
7894,Acelix SP 100mg/325mg/10mg Tablet,23,117,tablet,100mg,10.0,strip,115.0,False
7895,Avodox 100mg Capsule,298,646,capsule,100mg,10.0,strip,70.0,False
7896,Alvipan-DSR Capsule,18,1312,capsule,30mg,10.0,strip,88.0,False
7897,Alvipan-DSR Capsule,302,1312,capsule,30mg,10.0,strip,88.0,False
7898,Alvipan-DSR Capsule,558,1312,capsule,30mg,10.0,strip,88.0,False
7899,Aciser-DSR Capsule,18,524,capsule,30mg,10.0,strip,78.0,False
7900,Aciser-DSR Capsule,302,524,capsule,30mg,10.0,strip,78.0,False
7901,Aciser-DSR Capsule,558,524,capsule,30mg,10.0,strip,78.0,False
7902,Ampilox C 250mg/250mg Injection,53,35,injection,250mg,,,27.65,False
7903,Asan SP Tablet,16,552,tablet,100mg,10.0,strip,65.0,False
7904,Asan SP Tablet,23,552,tablet,100mg,10.0,strip,65.0,False
7905,Anxisern 10 mg/1 mg Tablet,321,766,tablet,10mg,10.0,strip,38.0,False
7906,Amoxyn 500mg Tablet,1,1313,tablet,500mg,10.0,strip,68.5,False
7907,Amoxytor 500mg Capsule,1,734,capsule,500mg,10.0,strip,63.0,False
7908,Arpimune-O 50mg Capsule,188,16,capsule,50mg,5.0,strip,228.75,False
7909,Amival 50 Tablet,222,13,tablet,50mg,10.0,strip,62.5,False
7912,Anical D Tablet,560,1079,tablet,500mg,10.0,strip,24.0,False
7913,Ambrosal LS Syrup,45,984,syrup,1mg/5ml,100.0,bottle,72.0,False
7914,Ambrosal LS Syrup,176,984,syrup,1mg/5ml,100.0,bottle,72.0,False
7915,Alvoflam-P Tablet,16,850,tablet,100mg,10.0,strip,40.0,False
7916,Alvoflam-P Tablet,23,850,tablet,100mg,10.0,strip,40.0,False
7926,Aziriv 500mg Tablet,2,1319,tablet,500mg,6.0,strip,71.3,False
7927,Actigaba-M 300 Tablet,199,171,tablet,300mg,10.0,strip,169.0,False
7928,Actigaba-M 300 Tablet,284,171,tablet,300mg,10.0,strip,169.0,False
7929,Actigaba-M 300 Tablet,1122,171,tablet,300mg,10.0,strip,169.0,False
7931,Atipam 2mg Tablet,17,61,tablet,2mg,10.0,strip,33.5,False
7934,Aziter 100mg/5ml Syrup,2,96,syrup,100mg/5ml,15.0,bottle,26.66,False
7937,Alirab LSR Capsule,288,499,capsule,75mg,10.0,strip,169.0,False
7938,Alirab LSR Capsule,641,499,capsule,75mg,10.0,strip,169.0,False
7942,Aridef 6 mg Tablet,312,648,tablet,6 mg,10.0,strip,85.0,False
7943,Acezof-Plus Tablet,16,887,tablet,100mg,10.0,strip,38.0,False
7944,Acezof-Plus Tablet,23,887,tablet,100mg,10.0,strip,38.0,False
7945,Atorstin CV 20mg/75mg Capsule,33,49,capsule,20mg,10.0,strip,204.5,False
7946,Atorstin CV 20mg/75mg Capsule,1502,49,capsule,20mg,10.0,strip,204.5,False
7947,Atorstin CV 20mg/75mg Capsule,1755,49,capsule,20mg,10.0,strip,204.5,False
7948,Atorem 40 Tablet,33,248,tablet,40mg,10.0,strip,203.57,False
7949,Atorem 40 Tablet,1502,248,tablet,40mg,10.0,strip,203.57,False
7950,Atorem 40 Tablet,1755,248,tablet,40mg,10.0,strip,203.57,False
7951,Avcal D3 Injection,25,505,injection,,1.0,ml,62.37,False
7957,Alphasan-Trio Tablet,151,920,tablet,75mg,10.0,strip,205.0,False
7958,Abvida-M 50/1000 Eazy Glide Tablet SR,144,5,tablet,1000mg,15.0,strip,254.04,False
7959,Alexpod CV 325mg Tablet,346,1325,tablet,200mg,6.0,strip,172.0,False
7960,Alexpod CV 325mg Tablet,593,1325,tablet,200mg,6.0,strip,172.0,False
7961,Acevak S 100mg/325mg/15mg Tablet,16,1326,tablet,100mg,10.0,strip,90.0,False
7962,Acevak S 100mg/325mg/15mg Tablet,23,1326,tablet,100mg,10.0,strip,90.0,False
7964,Atracade 25mg/ml Injection,239,28,injection,25mg/ml,1.0,ml,120.2,False
7965,Acinual Plus Tablet,249,359,tablet,180mg,10.0,strip,399.0,False
7966,Acinual Plus Tablet,803,359,tablet,180mg,10.0,strip,399.0,False
7970,Artace-GM Tablet,455,1001,tablet,50mg,10.0,strip,169.0,False
7971,Artace-GM Tablet,1563,1001,tablet,50mg,10.0,strip,169.0,False
7973,Aceco-P Tablet,16,1329,tablet,100mg,10.0,strip,49.0,False
7974,Aceco-P Tablet,23,1329,tablet,100mg,10.0,strip,49.0,False
7975,Amitryn 50 SR Tablet,35,83,tablet,50mg,10.0,strip,192.1,False
7976,Amitryn 50 SR Tablet,136,83,tablet,50mg,10.0,strip,192.1,False
7978,Amdex Syrup,68,1330,syrup,4mg,100.0,bottle,42.51,False
7979,Amdex Syrup,386,1330,syrup,4mg,100.0,bottle,42.51,False
7980,Amdex Syrup,592,1330,syrup,4mg,100.0,bottle,42.51,False
7981,Amdex Syrup,830,1330,syrup,4mg,100.0,bottle,42.51,False
7982,Axn Syrup,427,1331,syrup,12.5mg,60.0,bottle,25.0,False
7983,Axn Syrup,931,1331,syrup,12.5mg,60.0,bottle,25.0,False
7984,Amo CV 500mg/125mg Tablet,1,406,tablet,500mg,10.0,strip,139.0,False
7985,Arizine 10mg Tablet,52,1332,tablet,10mg,10.0,strip,20.0,False
7988,Amonate 500mg/125mg Tablet,1,968,tablet,500mg,6.0,strip,140.0,False
7992,Alto X Syrup,3,1334,syrup,15mg/5ml,100.0,bottle,47.08,False
7993,Alto X Syrup,49,1334,syrup,15mg/5ml,100.0,bottle,47.08,False
7994,Alto X Syrup,73,1334,syrup,15mg/5ml,100.0,bottle,47.08,False
7995,Alto X Syrup,743,1334,syrup,15mg/5ml,100.0,bottle,47.08,False
7996,Alphalan 5mg Tablet,514,56,tablet,5mg,25.0,strip,5357.14,False
7998,Amigo 500mg Injection,38,971,injection,500mg,,,68.7,False
8003,Acemiz Spaz 100mg/500mg Tablet,16,19,tablet,100mg,10.0,strip,23.43,False
8004,Acemiz Spaz 100mg/500mg Tablet,23,19,tablet,100mg,10.0,strip,23.43,False
8006,Afocef-AZ Tablet,183,278,tablet,200mg,10.0,strip,166.0,False
8008,Agidol 1.5mg Tablet,373,766,tablet,1.5mg,10.0,strip,17.9,False
8009,Aaiso 20mg Soft Gelatin Capsule,129,160,capsule,20mg,,,155.0,False
8010,Alcast M 5mg/10mg Tablet,94,1336,tablet,5mg,10.0,strip,65.0,False
8020,Allercet L 2.5mg Syrup,94,24,syrup,2.5mg,30.0,bottle,34.0,False
8021,Acliff-SP Tablet,16,1007,tablet,100mg,10.0,strip,68.0,False
8022,Acliff-SP Tablet,23,1007,tablet,100mg,10.0,strip,68.0,False
8023,Akubliss Tablet,99,51,tablet,20mg,10.0,strip,98.0,False
8028,Arden 125mg Tablet,60,273,tablet,125mg,10.0,strip,15.73,False
8029,Arden 125mg Tablet,764,273,tablet,125mg,10.0,strip,15.73,False
8030,Almefkem 500mg Tablet,440,15,tablet,500mg,10.0,strip,23.96,False
8031,Almefkem 500mg Tablet,551,15,tablet,500mg,10.0,strip,23.96,False
8032,Azid XL 200mg/5ml Syrup,2,606,syrup,200mg/5ml,30.0,bottle,92.02,False
8033,Azthris 500 Tablet,2,121,tablet,500mg,3.0,strip,70.0,False
8034,Anset OR 4mg/150mg Tablet,206,1339,tablet,4mg,10.0,strip,59.0,False
8035,Anset OR 4mg/150mg Tablet,564,1339,tablet,4mg,10.0,strip,59.0,False
8036,Anset OR 4mg/150mg Tablet,1274,1339,tablet,4mg,10.0,strip,59.0,False
8039,Azmi 500 Tablet,2,693,tablet,500mg,10.0,strip,210.0,False
8040,Acarboz 25mg Tablet,385,25,tablet,25mg,10.0,strip,71.75,False
8041,Acarboz 25mg Tablet,721,25,tablet,25mg,10.0,strip,71.75,False
8042,Amdepin 10 Tablet,20,8,tablet,10mg,10.0,strip,62.99,False
8043,Amiodon 100mg Tablet,266,104,tablet,100mg,10.0,strip,55.5,False
8044,Aquatel 40 Tablet,83,1341,tablet,40mg,10.0,strip,72.2,False
8045,Atpram-C 0.5 mg/10 mg Tablet,175,818,tablet,0.5mg,10.0,strip,65.0,False
8046,Atpram-C 0.5 mg/10 mg Tablet,179,818,tablet,0.5mg,10.0,strip,65.0,False
8047,Advark-SP Tablet,16,1342,tablet,100mg,10.0,strip,65.0,False
8048,Advark-SP Tablet,23,1342,tablet,100mg,10.0,strip,65.0,False
8049,Azibest 100mg Tablet DT,2,62,tablet,100mg,3.0,strip,20.0,False
8050,Asifin 200mg Tablet,183,1083,tablet,200mg,10.0,strip,195.0,False
8052,Abate-SP Tablet,16,902,tablet,100mg,10.0,strip,65.0,False
8053,Abate-SP Tablet,23,902,tablet,100mg,10.0,strip,65.0,False
8054,Alexo M 10mg/120mg Tablet,6,347,tablet,10mg,10.0,strip,155.0,False
8055,Alexo M 10mg/120mg Tablet,521,347,tablet,10mg,10.0,strip,155.0,False
8058,Anatec TBR Tablet,235,49,tablet,48mg,10.0,strip,210.0,False
8059,Atorvee 20mg Tablet,33,583,tablet,20mg,10.0,strip,105.0,False
8060,Atorvee 20mg Tablet,1502,583,tablet,20mg,10.0,strip,105.0,False
8061,Atorvee 20mg Tablet,1755,583,tablet,20mg,10.0,strip,105.0,False
8062,Apitaz Syrup,48,1345,syrup,2mg/5ml,200.0,bottle,89.0,False
8063,Acevno-SP Tablet,16,667,tablet,100mg,10.0,strip,63.0,False
8064,Acevno-SP Tablet,23,667,tablet,100mg,10.0,strip,63.0,False
8067,Adidox 100mg Capsule,298,1347,capsule,100mg,10.0,strip,46.0,False
8068,Aceclomax P 100mg/325mg Tablet,16,1348,tablet,100mg,10.0,strip,45.0,False
8069,Aceclomax P 100mg/325mg Tablet,23,1348,tablet,100mg,10.0,strip,45.0,False
8070,Alzitin 10 Tablet,57,766,tablet,10mg,10.0,strip,192.0,False
8071,Altracid 40mg Tablet,281,1349,tablet,40mg,10.0,strip,51.0,False
8072,Altracid 40mg Tablet,1077,1349,tablet,40mg,10.0,strip,51.0,False
8073,Aceclomay 100mg Tablet,16,25,tablet,100mg,10.0,strip,46.4,False
8074,Aceclomay 100mg Tablet,23,25,tablet,100mg,10.0,strip,46.4,False
8075,Axzyb Tablet,526,3,tablet,5mg,30.0,units,4200.0,False
8076,Arifine 20mg Tablet,91,95,tablet,20mg,10.0,strip,166.0,False
8077,Alfatam 0.4mg Capsule PR,377,21,capsule,0.4mg,10.0,strip,103.9,False
8078,Alzolam 0.125mg Tablet,15,13,tablet,0.125mg,10.0,strip,16.36,False
8079,Alzolam 0.125mg Tablet,150,13,tablet,0.125mg,10.0,strip,16.36,False
8080,Alzolam 0.125mg Tablet,1561,13,tablet,0.125mg,10.0,strip,16.36,False
8081,Alzolam 0.125mg Tablet,1624,13,tablet,0.125mg,10.0,strip,16.36,False
8082,Anastra 1mg Tablet,115,97,tablet,1mg,14.0,strip,672.12,False
8083,Amidase D 50mg/10mg Tablet,247,368,tablet,50mg,10.0,strip,63.03,False
8084,Amidase D 50mg/10mg Tablet,759,368,tablet,50mg,10.0,strip,63.03,False
8085,Avzol-DSR Capsule,18,541,capsule,30mg,10.0,strip,87.0,False
8086,Avzol-DSR Capsule,302,541,capsule,30mg,10.0,strip,87.0,False
8087,Avzol-DSR Capsule,558,541,capsule,30mg,10.0,strip,87.0,False
8089,Ascolix Syrup,68,117,syrup,2mg/5ml,100.0,bottle,65.0,False
8090,Ascolix Syrup,386,117,syrup,2mg/5ml,100.0,bottle,65.0,False
8091,Ascolix Syrup,592,117,syrup,2mg/5ml,100.0,bottle,65.0,False
8092,Ascolix Syrup,830,117,syrup,2mg/5ml,100.0,bottle,65.0,False
8093,Atril-H Tablet,35,1351,tablet,12.5mg,10.0,strip,35.5,False
8094,Atril-H Tablet,136,1351,tablet,12.5mg,10.0,strip,35.5,False
8096,Axepta 60mg Tablet,244,25,tablet,60mg,10.0,strip,419.0,False
8097,Abnerv-P 750mcg/75mg Capsule,88,694,capsule,,10.0,strip,125.0,False
8099,Alexin Syrup,443,2,syrup,250mg/5ml,30.0,bottle,13.12,False
8100,Antel 20mg Tablet,83,603,tablet,20mg,10.0,strip,30.22,False
8101,Axses-SP 100mg/325mg/15mg Tablet,16,1021,tablet,100mg,10.0,strip,76.0,False
8102,Axses-SP 100mg/325mg/15mg Tablet,23,1021,tablet,100mg,10.0,strip,76.0,False
8103,Albactin 500mg Tablet,159,349,tablet,500mg,10.0,strip,104.0,False
8104,Albactin 500mg Tablet,451,349,tablet,500mg,10.0,strip,104.0,False
8105,Azoo 500 Tablet,2,68,tablet,500mg,3.0,strip,70.0,False
8106,Ambolev Plus Syrup,3,302,syrup,15mg,100.0,bottle,55.0,False
8107,Ambolev Plus Syrup,49,302,syrup,15mg,100.0,bottle,55.0,False
8108,Ambolev Plus Syrup,73,302,syrup,15mg,100.0,bottle,55.0,False
8109,Ambolev Plus Syrup,743,302,syrup,15mg,100.0,bottle,55.0,False
8113,Astodol P Tablet,16,708,tablet,100mg,10.0,strip,42.0,False
8114,Astodol P Tablet,23,708,tablet,100mg,10.0,strip,42.0,False
8115,Aclonac-MR Tablet,16,677,tablet,100mg,10.0,strip,65.0,False
8116,Aclonac-MR Tablet,23,677,tablet,100mg,10.0,strip,65.0,False
8117,Arthlast Tablet,81,105,tablet,30mg,10.0,strip,250.0,False
8118,Acegrot Plus Tablet,16,1354,tablet,100mg,10.0,strip,85.0,False
8119,Acegrot Plus Tablet,23,1354,tablet,100mg,10.0,strip,85.0,False
8122,Amipox Tablet,35,596,tablet,25mg,10.0,strip,52.0,False
8123,Amipox Tablet,136,596,tablet,25mg,10.0,strip,52.0,False
8124,AUGER 500MG/125MG TABLET,1,349,tablet,500mg,6.0,strip,101.68,False
8125,Actorab 20 Tablet,289,544,tablet,20mg,10.0,strip,45.0,False
8127,Alril Tablet,27,313,tablet,2mg,10.0,strip,14.35,False
8129,Azysafe 200mg/5ml Syrup,2,89,syrup,200mg/5ml,15.0,bottle,46.87,False
8130,Aphen SP Tablet,16,1355,tablet,100mg,10.0,strip,65.0,False
8131,Aphen SP Tablet,23,1355,tablet,100mg,10.0,strip,65.0,False
8133,Alzad 400mg Tablet,13,97,tablet,400mg,1.0,strip,12.36,False
8139,Aspidol Tablet,132,524,tablet,75mg,10.0,strip,42.0,False
8140,Aspidol Tablet,1166,524,tablet,75mg,10.0,strip,42.0,False
8141,Aspidol Tablet,1537,524,tablet,75mg,10.0,strip,42.0,False
8142,Aspidol Tablet,1670,524,tablet,75mg,10.0,strip,42.0,False
8144,Anxilor 1mg Tablet,17,71,tablet,1mg,10.0,strip,19.5,False
8145,Angiblock 5mg Capsule,565,15,capsule,5mg,30.0,strip,9.55,False
8146,Ariday 15 Tablet,91,245,tablet,15mg,10.0,strip,120.0,False
8147,Alcoxib 120mg Tablet,441,15,tablet,120mg,10.0,strip,75.0,False
8148,Alcoxib 120mg Tablet,506,15,tablet,120mg,10.0,strip,75.0,False
8156,Antiflam 400 mg/650 mg Tablet,259,318,tablet,400mg,10.0,strip,10.63,False
8157,Antiflam 400 mg/650 mg Tablet,362,318,tablet,400mg,10.0,strip,10.63,False
8158,Augvin CV 500mg/125mg Tablet,1,1358,tablet,500mg,6.0,strip,109.5,False
8159,Ascophylline 100mg Capsule,28,394,capsule,100mg,10.0,strip,85.0,False
8160,Ascophylline 100mg Capsule,1297,394,capsule,100mg,10.0,strip,85.0,False
8161,Ascophylline 100mg Capsule,1553,394,capsule,100mg,10.0,strip,85.0,False
8162,Alkazen 1.37gm Syrup,22,1359,syrup,1.37gm,100.0,bottle,68.0,False
8164,Asic P 100mg/325mg Tablet,16,1361,tablet,100mg,10.0,strip,45.0,False
8165,Asic P 100mg/325mg Tablet,23,1361,tablet,100mg,10.0,strip,45.0,False
8166,Acepra-SP Tablet,16,1130,tablet,100mg,10.0,strip,78.0,False
8167,Acepra-SP Tablet,23,1130,tablet,100mg,10.0,strip,78.0,False
8168,Alonac 100mg Tablet,16,324,tablet,100mg,10.0,strip,48.2,False
8169,Alonac 100mg Tablet,23,324,tablet,100mg,10.0,strip,48.2,False
8170,Autflam-SP Tablet,16,902,tablet,100mg,10.0,strip,89.0,False
8171,Autflam-SP Tablet,23,902,tablet,100mg,10.0,strip,89.0,False
8172,Alfresh 0.5mg Tablet,15,707,tablet,0.5mg,10.0,strip,15.0,False
8173,Alfresh 0.5mg Tablet,150,707,tablet,0.5mg,10.0,strip,15.0,False
8174,Alfresh 0.5mg Tablet,1561,707,tablet,0.5mg,10.0,strip,15.0,False
8175,Alfresh 0.5mg Tablet,1624,707,tablet,0.5mg,10.0,strip,15.0,False
8176,Amirex 200mg Tablet,222,1131,tablet,200mg,10.0,strip,187.0,False
8178,Acemed-SR Plus Tablet,16,536,tablet,100mg,10.0,strip,77.0,False
8179,Acemed-SR Plus Tablet,23,536,tablet,100mg,10.0,strip,77.0,False
8180,Atorkas 10mg Tablet,33,1362,tablet,10mg,10.0,strip,73.7,False
8181,Atorkas 10mg Tablet,1502,1362,tablet,10mg,10.0,strip,73.7,False
8182,Atorkas 10mg Tablet,1755,1362,tablet,10mg,10.0,strip,73.7,False
8183,Acotry 100mg Tablet,50,39,tablet,100mg,15.0,strip,324.0,False
8184,Adhestop 5000IU Injection,466,833,injection,,5.0,ml,127.1,False
8185,Adhestop 5000IU Injection,1182,833,injection,,5.0,ml,127.1,False
8187,Analiv Tablet,207,23,tablet,1000mg,10.0,strip,85.0,False
8188,Analtra P Tablet,67,1363,tablet,,10.0,strip,74.11,False
8189,Analtra P Tablet,1668,1363,tablet,,10.0,strip,74.11,False
8192,Alfastat Gold 20 Capsule,132,113,capsule,75mg,10.0,strip,245.0,False
8193,Alfastat Gold 20 Capsule,1166,113,capsule,75mg,10.0,strip,245.0,False
8194,Alfastat Gold 20 Capsule,1537,113,capsule,75mg,10.0,strip,245.0,False
8195,Alfastat Gold 20 Capsule,1670,113,capsule,75mg,10.0,strip,245.0,False
8197,Acent P 100mg/500mg Tablet,16,375,tablet,100mg,10.0,strip,35.0,False
8198,Acent P 100mg/500mg Tablet,23,375,tablet,100mg,10.0,strip,35.0,False
8201,Algic Plus Eye Drop,89,108,drops,0.5%,5.0,ml,87.4,False
8202,Algic Plus Eye Drop,436,108,drops,0.5%,5.0,ml,87.4,False
8206,Alifix 200mg DT Tablet,183,499,tablet,200mg,10.0,strip,89.0,False
8213,Allwel CV 500mg/125mg Tablet,1,1041,tablet,500mg,6.0,strip,134.5,False
8214,Acezip P 100mg/325mg Tablet,16,1046,tablet,100mg,10.0,strip,48.6,False
8215,Acezip P 100mg/325mg Tablet,23,1046,tablet,100mg,10.0,strip,48.6,False
8216,Amlozaar 25 mg/5 mg Tablet,145,24,tablet,25mg,10.0,strip,32.76,False
8217,Arzu 30 Tablet,91,19,tablet,30mg,10.0,strip,321.32,False
8218,Aviglen MF Tablet,568,1367,tablet,5mg,10.0,strip,30.0,False
8219,Aviglen MF Tablet,703,1367,tablet,5mg,10.0,strip,30.0,False
8227,Anziolet 75mg Tablet,444,63,tablet,75mg,15.0,strip,129.7,False
8229,Atrostat 10mg Tablet,33,120,tablet,10mg,10.0,strip,102.72,False
8230,Atrostat 10mg Tablet,1502,120,tablet,10mg,10.0,strip,102.72,False
8231,Atrostat 10mg Tablet,1755,120,tablet,10mg,10.0,strip,102.72,False
8232,Asthacure Plus Syrup,14,593,syrup,,60.0,bottle,15.0,False
8233,Asthacure Plus Syrup,497,593,syrup,,60.0,bottle,15.0,False
8234,Asthacure Plus Syrup,1172,593,syrup,,60.0,bottle,15.0,False
8235,Alecta 100mg/325mg Tablet,16,1372,tablet,100mg,10.0,strip,38.0,False
8236,Alecta 100mg/325mg Tablet,23,1372,tablet,100mg,10.0,strip,38.0,False
8237,Acirax 800 Tablet,47,304,tablet,800mg,10.0,strip,190.0,False
8238,Anzifen P 100mg/325mg Tablet,16,683,tablet,100mg,10.0,strip,40.0,False
8239,Anzifen P 100mg/325mg Tablet,23,683,tablet,100mg,10.0,strip,40.0,False
8240,Actinac TH 4mg/100mg/325mg Tablet,65,49,tablet,4mg,10.0,strip,208.0,False
8241,Actinac TH 4mg/100mg/325mg Tablet,818,49,tablet,4mg,10.0,strip,208.0,False
8242,Alday Cold Syrup,94,188,syrup,2.5mg,100.0,bottle,50.0,False
8243,Alerfri AF Oral Drops,27,125,drops,1mg/ml,15.0,ml,41.0,False
8244,Altaxel 100mg Injection,493,15,injection,100mg,,,3600.95,False
8245,Andol 10mg Tablet,373,360,tablet,10mg,10.0,strip,54.87,False
8246,Albex 400mg Tablet,13,1313,tablet,400mg,1.0,strip,9.0,False
8247,Amicaba 125mg Injection,38,1373,injection,125mg/ml,2.0,ml,38.0,False
8248,Aritel-H 40mg/12.5mg Tablet,83,648,tablet,40mg,10.0,strip,72.0,False
8249,Arkaprop 40mg Tablet,472,1171,tablet,40mg,10.0,strip,18.48,False
8250,Arkaprop 40mg Tablet,1035,1171,tablet,40mg,10.0,strip,18.48,False
8251,Amiodon 200mg Tablet,266,104,tablet,200mg,10.0,strip,119.06,False
8252,Azoprine 50mg Tablet,40,217,tablet,50mg,10.0,strip,82.0,False
8253,Acesoft-MR Tablet,16,496,tablet,100mg,10.0,strip,75.0,False
8254,Acesoft-MR Tablet,23,496,tablet,100mg,10.0,strip,75.0,False
8255,Asfen 200mg Tablet,523,278,tablet,200mg,6.0,strip,468.0,False
8256,Acegrot-P Tablet,16,1354,tablet,100mg,10.0,strip,45.0,False
8257,Acegrot-P Tablet,23,1354,tablet,100mg,10.0,strip,45.0,False
8258,Amcodex LS Syrup,3,584,syrup,30mg,100.0,bottle,80.0,False
8259,Amcodex LS Syrup,49,584,syrup,30mg,100.0,bottle,80.0,False
8260,Amcodex LS Syrup,73,584,syrup,30mg,100.0,bottle,80.0,False
8261,Amcodex LS Syrup,743,584,syrup,30mg,100.0,bottle,80.0,False
8262,Aldetel H 40mg/12.5mg Tablet,83,478,tablet,40mg,10.0,strip,80.0,False
8266,Afenac TH Tablet,16,341,tablet,,10.0,strip,114.28,False
8267,Afenac TH Tablet,23,341,tablet,,10.0,strip,114.28,False
8268,Antiban Asp 75 mg/75 mg Capsule,132,62,capsule,75mg,10.0,strip,33.0,False
8269,Antiban Asp 75 mg/75 mg Capsule,1166,62,capsule,75mg,10.0,strip,33.0,False
8270,Antiban Asp 75 mg/75 mg Capsule,1537,62,capsule,75mg,10.0,strip,33.0,False
8271,Antiban Asp 75 mg/75 mg Capsule,1670,62,capsule,75mg,10.0,strip,33.0,False
8273,Azicox 500mg Tablet,2,1375,tablet,500mg,3.0,strip,71.5,False
8274,Amine 500mg Injection,38,287,injection,500mg,2.0,ml,59.0,False
8275,Actiflox-SP Tablet,16,851,tablet,100mg,10.0,strip,85.0,False
8276,Actiflox-SP Tablet,23,851,tablet,100mg,10.0,strip,85.0,False
8277,Anthro S 100mg/500mg/15mg Tablet,16,189,tablet,100mg,10.0,strip,39.9,False
8278,Anthro S 100mg/500mg/15mg Tablet,23,189,tablet,100mg,10.0,strip,39.9,False
8279,Ara-P Tablet,16,910,tablet,100mg,10.0,strip,42.0,False
8280,Ara-P Tablet,23,910,tablet,100mg,10.0,strip,42.0,False
8281,Aline 25mg Tablet,35,323,tablet,25mg,10.0,strip,25.2,False
8282,Aline 25mg Tablet,136,323,tablet,25mg,10.0,strip,25.2,False
8283,Ashycloflam MR 100mg/325mg/250mg Tablet,16,417,tablet,100mg,10.0,strip,87.0,False
8284,Ashycloflam MR 100mg/325mg/250mg Tablet,23,417,tablet,100mg,10.0,strip,87.0,False
8285,Ampitrust Injection,53,190,injection,2000mg,,,789.0,False
8290,Azin CX 200mg/250mg Tablet,183,353,tablet,200mg,10.0,strip,190.0,False
8292,Aceno 1mg Tablet,42,21,tablet,1mg,10.0,strip,55.0,False
8301,Andol 1.5mg Tablet,373,360,tablet,1.5mg,10.0,strip,18.48,False
8302,Allrite D 5mg/120mg Tablet,94,21,tablet,5mg,10.0,strip,50.0,False
8308,Acloboot MR 100mg/325mg/250mg Tablet,16,515,tablet,100mg,10.0,strip,85.5,False
8309,Acloboot MR 100mg/325mg/250mg Tablet,23,515,tablet,100mg,10.0,strip,85.5,False
8310,Allofine 100 Tablet,479,50,tablet,100mg,10.0,strip,19.93,False
8311,Atronir Injection,75,1380,injection,,1.0,ml,3.75,False
8312,Atronir Injection,1190,1380,injection,,1.0,ml,3.75,False
8314,Arpitor 10mg Tablet,33,16,tablet,10mg,30.0,strip,60.65,False
8315,Arpitor 10mg Tablet,1502,16,tablet,10mg,30.0,strip,60.65,False
8316,Arpitor 10mg Tablet,1755,16,tablet,10mg,30.0,strip,60.65,False
8317,Autitam Syrup,543,424,syrup,500mg/5ml,100.0,bottle,190.0,False
8320,Acevak Tablet,16,1326,tablet,100mg,10.0,strip,43.5,False
8321,Acevak Tablet,23,1326,tablet,100mg,10.0,strip,43.5,False
8322,Acezoc-SP Tablet,16,1381,tablet,100mg,10.0,strip,80.0,False
8323,Acezoc-SP Tablet,23,1381,tablet,100mg,10.0,strip,80.0,False
8327,Acetis SP Tablet,16,823,tablet,100mg,10.0,strip,73.0,False
8328,Acetis SP Tablet,23,823,tablet,100mg,10.0,strip,73.0,False
8329,Alviroz CV 10mg/75mg Capsule,166,347,capsule,10mg,10.0,strip,129.0,False
8336,Acolate-L 5mg Tablet,94,96,tablet,5mg,10.0,strip,28.8,False
8337,Apizine Syrup,12,31,syrup,5mg/5ml,200.0,bottle,63.75,False
8338,Adobe 10mg Tablet,561,321,tablet,10mg,10.0,strip,87.99,False
8339,Acevin T 100mg/4mg Tablet,16,1384,tablet,100mg,10.0,strip,149.0,False
8340,Acevin T 100mg/4mg Tablet,23,1384,tablet,100mg,10.0,strip,149.0,False
8342,Apra 40mg Tablet,281,1385,tablet,40mg,10.0,strip,50.0,False
8343,Apra 40mg Tablet,1077,1385,tablet,40mg,10.0,strip,50.0,False
8345,Atroval 10mg Tablet,33,1386,tablet,10mg,10.0,strip,48.6,False
8346,Atroval 10mg Tablet,1502,1386,tablet,10mg,10.0,strip,48.6,False
8347,Atroval 10mg Tablet,1755,1386,tablet,10mg,10.0,strip,48.6,False
8348,Apriglim MV 1 Tablet SR,41,254,tablet,1mg,10.0,strip,141.57,False
8360,Aeromax 5mg/10mg Tablet,94,629,tablet,5mg,10.0,strip,115.0,False
8365,Alfuzin D 10mg/0.5mg Tablet ER,24,1391,tablet,10mg,10.0,strip,218.0,False
8368,Accuzon Plus 500 mg/250 mg Injection,241,33,injection,500mg,,,79.75,False
8369,Arthrovit-Plus Tablet,455,498,tablet,50mg,10.0,strip,185.0,False
8370,Arthrovit-Plus Tablet,1563,498,tablet,50mg,10.0,strip,185.0,False
8375,Asart 50mg Tablet,145,17,tablet,50mg,10.0,strip,59.42,False
8380,Abflox 200mg Tablet,89,1121,tablet,200mg,10.0,strip,59.0,False
8381,Abflox 200mg Tablet,436,1121,tablet,200mg,10.0,strip,59.0,False
8382,Azicox 250mg Tablet,2,1375,tablet,250mg,6.0,strip,75.42,False
8383,Ampipen 500mg Capsule,53,14,capsule,500mg,10.0,strip,468.75,False
8384,Aroximat CR 25 Tablet,418,551,tablet,25mg,10.0,strip,125.0,False
8385,Alecet 10mg Tablet,52,35,tablet,10mg,10.0,strip,29.5,False
8386,Asonix Plus 100mg/325mg Tablet,16,35,tablet,100mg,10.0,strip,42.0,False
8387,Asonix Plus 100mg/325mg Tablet,23,35,tablet,100mg,10.0,strip,42.0,False
8392,Aclonac-P Tablet,16,677,tablet,100mg,10.0,strip,50.0,False
8393,Aclonac-P Tablet,23,677,tablet,100mg,10.0,strip,50.0,False
8394,Acetroin 25mg Tablet,127,550,tablet,25mg,10.0,strip,625.0,False
8395,Anaday Tablet,115,57,tablet,1mg,10.0,strip,629.75,False
8396,Atorlip 80 Tablet,33,6,tablet,80mg,10.0,strip,284.16,False
8397,Atorlip 80 Tablet,1502,6,tablet,80mg,10.0,strip,284.16,False
8398,Atorlip 80 Tablet,1755,6,tablet,80mg,10.0,strip,284.16,False
8400,Alkacel 50 Injection,514,314,injection,50mg,,,2400.0,False
8401,Angilo 50 Tablet,145,1395,tablet,50mg,10.0,strip,50.0,False
8402,Acicet 800mg Tablet,47,237,tablet,800mg,10.0,strip,281.0,False
8405,Arflur 50mg Tablet,16,78,tablet,50mg,10.0,strip,14.33,False
8406,Arflur 50mg Tablet,23,78,tablet,50mg,10.0,strip,14.33,False
8407,Acip-TH Tablet,65,457,tablet,4mg,10.0,strip,240.0,False
8408,Acip-TH Tablet,818,457,tablet,4mg,10.0,strip,240.0,False
8409,Asthadox 100mg Capsule,28,366,capsule,100mg,10.0,strip,92.5,False
8410,Asthadox 100mg Capsule,1297,366,capsule,100mg,10.0,strip,92.5,False
8411,Asthadox 100mg Capsule,1553,366,capsule,100mg,10.0,strip,92.5,False
8414,Alernil 120mg Tablet,4,1222,tablet,120mg,10.0,strip,99.0,False
8415,Acecon-P Tablet,16,1396,tablet,100mg,10.0,strip,46.0,False
8416,Acecon-P Tablet,23,1396,tablet,100mg,10.0,strip,46.0,False
8419,Amlodac L 5 mg/5 mg Tablet,20,21,tablet,5mg,10.0,strip,101.5,False
8422,Amvasc 10mg Tablet,20,390,tablet,10mg,10.0,strip,20.8,False
8423,Alone 400mg Tablet,13,312,tablet,400mg,1.0,strip,9.58,False
8424,Asier P 100mg/325mg Tablet,16,499,tablet,100mg,10.0,strip,29.0,False
8425,Asier P 100mg/325mg Tablet,23,499,tablet,100mg,10.0,strip,29.0,False
8428,Antel H 40mg/12.5mg Tablet,83,603,tablet,40mg,10.0,strip,60.71,False
8429,Avokuf AM Syrup,3,646,syrup,15mg,100.0,bottle,80.0,False
8430,Avokuf AM Syrup,49,646,syrup,15mg,100.0,bottle,80.0,False
8431,Avokuf AM Syrup,73,646,syrup,15mg,100.0,bottle,80.0,False
8432,Avokuf AM Syrup,743,646,syrup,15mg,100.0,bottle,80.0,False
8433,Acedol Plus Syrup,16,641,syrup,50mg/5ml,60.0,bottle,52.0,False
8434,Acedol Plus Syrup,23,641,syrup,50mg/5ml,60.0,bottle,52.0,False
8435,Albadin 5mg Tablet,570,347,tablet,5mg,10.0,strip,135.0,False
8439,Amx 250mg Tablet,1,13,tablet,250mg,10.0,strip,19.68,False
8442,Aclovir 200mg Tablet,47,61,tablet,200mg,10.0,strip,55.0,False
8443,Aceprime 8T Tablet,16,546,tablet,100mg,10.0,strip,240.0,False
8444,Aceprime 8T Tablet,23,546,tablet,100mg,10.0,strip,240.0,False
8450,Adheal Plus Tablet,235,1255,tablet,48mg,10.0,strip,154.0,False
8451,Arthocerin-A Tablet,16,116,tablet,100mg,10.0,strip,128.5,False
8452,Arthocerin-A Tablet,23,116,tablet,100mg,10.0,strip,128.5,False
8453,Alkatrol Syrup,22,129,syrup,,100.0,bottle,18.75,False
8454,Alkem Piroxicam 10mg Tablet DT,202,15,tablet,10mg,10.0,strip,40.0,False
8457,Acenaac-SP Tablet,16,482,tablet,100mg,10.0,strip,75.0,False
8458,Acenaac-SP Tablet,23,482,tablet,100mg,10.0,strip,75.0,False
8459,Aspan 40mg Tablet,281,888,tablet,40mg,10.0,strip,54.0,False
8460,Aspan 40mg Tablet,1077,888,tablet,40mg,10.0,strip,54.0,False
8461,Afen P 100 mg/500 mg Tablet,16,154,tablet,100mg,10.0,strip,31.25,False
8462,Afen P 100 mg/500 mg Tablet,23,154,tablet,100mg,10.0,strip,31.25,False
8463,Anti CC Syrup,27,411,syrup,2mg,60.0,bottle,54.0,False
8464,Amitrocalm 10mg Tablet,35,962,tablet,10mg,10.0,strip,25.05,False
8465,Amitrocalm 10mg Tablet,136,962,tablet,10mg,10.0,strip,25.05,False
8466,Apibest Syrup,48,1326,syrup,2mg,200.0,bottle,90.0,False
8470,Atosta F Tablet,33,1064,tablet,10mg,10.0,strip,77.0,False
8471,Atosta F Tablet,1502,1064,tablet,10mg,10.0,strip,77.0,False
8472,Atosta F Tablet,1755,1064,tablet,10mg,10.0,strip,77.0,False
8475,Aquiris 12.5mg Tablet,571,51,tablet,12.5mg,10.0,strip,85.0,False
8476,Ancap 75mg Capsule SR,510,1405,capsule,75mg,10.0,strip,32.6,False
8477,Ancap 75mg Capsule SR,1383,1405,capsule,75mg,10.0,strip,32.6,False
8478,Abdrot Plus  Tablet,119,31,tablet,80mg,10.0,strip,64.48,False
8479,Abdrot Plus  Tablet,220,31,tablet,80mg,10.0,strip,64.48,False
8480,Abdrot Plus  Tablet,1619,31,tablet,80mg,10.0,strip,64.48,False
8481,A Cort 0.5mg Tablet,345,312,tablet,0.5mg,10.0,strip,3.8,False
8482,Astrapan 40 Tablet,281,396,tablet,40mg,10.0,strip,49.0,False
8483,Astrapan 40 Tablet,1077,396,tablet,40mg,10.0,strip,49.0,False
8485,Albicet 5mg Tablet,94,728,tablet,5mg,10.0,strip,25.0,False
8486,Acloveer 400 Tablet,47,297,tablet,400mg,10.0,strip,129.0,False
8492,Aceliv Forte Tablet,235,761,tablet,48mg,10.0,strip,210.0,False
8494,Acufix 200mg Tablet,183,33,tablet,200mg,10.0,strip,106.96,False
8495,Aldo 10 Tablet,20,65,tablet,10mg,10.0,strip,53.35,False
8496,Amlod AT 5mg Tablet,20,1409,tablet,5mg,10.0,strip,23.53,False
8497,AC1 Tablet,16,771,tablet,100mg,10.0,strip,10.0,False
8498,AC1 Tablet,23,771,tablet,100mg,10.0,strip,10.0,False
8499,Airway 5mg/60mg Tablet,52,1289,tablet,5mg,10.0,strip,39.9,False
8502,Astorvas 20mg Tablet,33,262,tablet,20mg,10.0,strip,145.6,False
8503,Astorvas 20mg Tablet,1502,262,tablet,20mg,10.0,strip,145.6,False
8504,Astorvas 20mg Tablet,1755,262,tablet,20mg,10.0,strip,145.6,False
8506,Alfree 5mg/5ml Syrup,52,898,syrup,5mg/5ml,60.0,bottle,34.5,False
8507,Azigal 500mg Tablet,2,262,tablet,500mg,3.0,strip,61.5,False
8508,Atmosril 10mg Tablet,244,1197,tablet,10mg,10.0,strip,55.0,False
8514,Altoran CH 40mg/6.25mg Tablet,146,2,tablet,40mg,10.0,strip,99.0,False
8515,Agelite-LS Syrup,45,1218,syrup,1mg,100.0,bottle,94.9,False
8516,Agelite-LS Syrup,176,1218,syrup,1mg,100.0,bottle,94.9,False
8518,Acecloflam XP 100mg/325mg Tablet,16,15,tablet,100mg,15.0,strip,104.0,False
8519,Acecloflam XP 100mg/325mg Tablet,23,15,tablet,100mg,15.0,strip,104.0,False
8520,Astorvas F 10mg/145mg Tablet,33,1411,tablet,10mg,10.0,strip,220.0,False
8521,Astorvas F 10mg/145mg Tablet,1502,1411,tablet,10mg,10.0,strip,220.0,False
8522,Astorvas F 10mg/145mg Tablet,1755,1411,tablet,10mg,10.0,strip,220.0,False
8524,Aceno 3mg Tablet,42,21,tablet,3mg,10.0,strip,110.0,False
8525,Axone O CV Tablet,346,8,tablet,200mg,6.0,strip,180.0,False
8526,Axone O CV Tablet,593,8,tablet,200mg,6.0,strip,180.0,False
8530,Atorica F Tablet,33,254,tablet,10mg,10.0,strip,142.3,False
8531,Atorica F Tablet,1502,254,tablet,10mg,10.0,strip,142.3,False
8532,Atorica F Tablet,1755,254,tablet,10mg,10.0,strip,142.3,False
8533,Aziclass 500mg Tablet,2,31,tablet,500mg,3.0,strip,68.7,False
8536,Almazine 1mg Tablet,17,557,tablet,1mg,10.0,strip,19.06,False
8540,Atmont 20mg Tablet,33,1415,tablet,20mg,10.0,strip,135.0,False
8541,Atmont 20mg Tablet,1502,1415,tablet,20mg,10.0,strip,135.0,False
8542,Atmont 20mg Tablet,1755,1415,tablet,20mg,10.0,strip,135.0,False
8543,Afasma N 100mg/600mg Tablet,28,71,tablet,100mg,10.0,strip,185.0,False
8544,Afasma N 100mg/600mg Tablet,1297,71,tablet,100mg,10.0,strip,185.0,False
8545,Afasma N 100mg/600mg Tablet,1553,71,tablet,100mg,10.0,strip,185.0,False
8551,Atdox 200 Tablet,346,1417,tablet,200mg,10.0,strip,192.0,False
8552,Atdox 200 Tablet,593,1417,tablet,200mg,10.0,strip,192.0,False
8559,Augwin -DS Dry Syrup,1,326,syrup,400mg/5ml,30.0,bottle,117.0,False
8562,Aquiti 25mg Tablet,484,251,tablet,25mg,10.0,strip,15.71,False
8566,Asnac 100mg/325mg Tablet,16,755,tablet,100mg,10.0,strip,29.0,False
8567,Asnac 100mg/325mg Tablet,23,755,tablet,100mg,10.0,strip,29.0,False
8568,Atlodol-P Tablet,445,823,tablet,37.5mg,10.0,strip,39.0,False
8569,Atlodol-P Tablet,447,823,tablet,37.5mg,10.0,strip,39.0,False
8575,Arirab-Dsr 30mg/20mg Capsule,18,648,capsule,30mg,10.0,strip,70.0,False
8576,Arirab-Dsr 30mg/20mg Capsule,302,648,capsule,30mg,10.0,strip,70.0,False
8577,Arirab-Dsr 30mg/20mg Capsule,558,648,capsule,30mg,10.0,strip,70.0,False
8578,Asolt Tablet,247,189,tablet,50mg,10.0,strip,31.8,False
8579,Asolt Tablet,759,189,tablet,50mg,10.0,strip,31.8,False
8582,Agile 50 mg/500 mg Tablet,247,61,tablet,50mg,10.0,strip,14.78,False
8583,Agile 50 mg/500 mg Tablet,759,61,tablet,50mg,10.0,strip,14.78,False
8584,Amilite 10mg Tablet,35,1088,tablet,10mg,10.0,strip,10.0,False
8585,Amilite 10mg Tablet,136,1088,tablet,10mg,10.0,strip,10.0,False
8590,Arthocare DS Capsule,315,700,capsule,500mg,10.0,strip,150.0,False
8591,Acebran BR Syrup,285,373,syrup,1.25mg/5ml,100.0,bottle,135.0,False
8592,Acelist P 100mg/325mg Tablet,16,469,tablet,100mg,10.0,strip,38.0,False
8593,Acelist P 100mg/325mg Tablet,23,469,tablet,100mg,10.0,strip,38.0,False
8594,Acelomol-SP Tablet,16,1423,tablet,100mg,10.0,strip,72.45,False
8595,Acelomol-SP Tablet,23,1423,tablet,100mg,10.0,strip,72.45,False
8596,Azeon 500mg Tablet,2,890,tablet,500mg,3.0,strip,125.7,False
8597,Amisure 200mg Tablet,222,645,tablet,200mg,10.0,strip,190.4,False
8598,Acenem SP 100mg/325mg/15mg Tablet,16,212,tablet,100mg,10.0,strip,92.0,False
8599,Acenem SP 100mg/325mg/15mg Tablet,23,212,tablet,100mg,10.0,strip,92.0,False
8600,Avoxime 200mg Tablet DT,183,646,tablet,200mg,10.0,strip,139.0,False
8602,Alzocept-5 M Tablet,116,524,tablet,5mg,10.0,strip,186.0,False
8603,Actnew Tablet,50,5,tablet,100mg,10.0,strip,208.91,False
8604,Augpen 500 mg/100 mg Injection,1,57,injection,500mg,,,111.91,False
8605,Alvicort 6mg Tablet,312,347,tablet,6mg,6.0,strip,65.0,False
8609,Acarsafe 50 Tablet,385,35,tablet,50mg,10.0,strip,115.13,False
8610,Acarsafe 50 Tablet,721,35,tablet,50mg,10.0,strip,115.13,False
8611,Atorfirst 10mg Tablet,33,881,tablet,10mg,10.0,strip,58.5,False
8612,Atorfirst 10mg Tablet,1502,881,tablet,10mg,10.0,strip,58.5,False
8613,Atorfirst 10mg Tablet,1755,881,tablet,10mg,10.0,strip,58.5,False
8616,Agidol 5mg Tablet,373,766,tablet,5mg,10.0,strip,37.6,False
8617,Ace Q Para 100mg/500mg Tablet,16,1426,tablet,100mg,10.0,strip,38.0,False
8618,Ace Q Para 100mg/500mg Tablet,23,1426,tablet,100mg,10.0,strip,38.0,False
8619,Aczit 20mg Capsule,129,191,capsule,20mg,10.0,strip,115.38,False
8620,Atorec 80 Tablet,33,46,tablet,80mg,10.0,strip,448.45,False
8621,Atorec 80 Tablet,1502,46,tablet,80mg,10.0,strip,448.45,False
8622,Atorec 80 Tablet,1755,46,tablet,80mg,10.0,strip,448.45,False
8628,Acelovin P 100mg/325mg Tablet,16,929,tablet,100mg,10.0,strip,45.0,False
8629,Acelovin P 100mg/325mg Tablet,23,929,tablet,100mg,10.0,strip,45.0,False
8632,Auctista M 500mg/20mg Tablet,144,1429,tablet,500mg,10.0,strip,115.0,False
8633,Aquatel CH 40mg/12.5mg Tablet,83,1341,tablet,40mg,10.0,strip,124.4,False
8634,Alfufast 10mg Tablet,24,52,tablet,10mg,10.0,strip,135.0,False
8636,Aldase OD 100 mg/30 mg Tablet,247,174,tablet,100mg,10.0,strip,144.9,False
8637,Aldase OD 100 mg/30 mg Tablet,759,174,tablet,100mg,10.0,strip,144.9,False
8639,Aldezol DF 400mg/500mg Tablet,269,74,tablet,400mg,15.0,strip,22.94,False
8644,Alsigra 50mg Tablet,77,2,tablet,50mg,10.0,strip,72.0,False
8645,Atorica 20 Tablet,33,254,tablet,20mg,10.0,strip,135.38,False
8646,Atorica 20 Tablet,1502,254,tablet,20mg,10.0,strip,135.38,False
8647,Atorica 20 Tablet,1755,254,tablet,20mg,10.0,strip,135.38,False
8648,Amburox Syrup,3,929,syrup,15mg/5ml,100.0,bottle,46.12,False
8649,Amburox Syrup,49,929,syrup,15mg/5ml,100.0,bottle,46.12,False
8650,Amburox Syrup,73,929,syrup,15mg/5ml,100.0,bottle,46.12,False
8651,Amburox Syrup,743,929,syrup,15mg/5ml,100.0,bottle,46.12,False
8653,Ambolev AM 5mg/75mg Tablet,94,302,tablet,5mg,10.0,strip,60.0,False
8654,Alkolin Syrup,22,1076,syrup,1.37gm,100.0,bottle,75.0,False
8656,Acebrel Plus Syrup,285,127,syrup,1.25mg/5ml,100.0,bottle,69.0,False
8658,Amroxil CV 625 Tablet,1,127,tablet,500mg,6.0,strip,129.0,False
8659,Akupar 100mg/325mg Tablet,16,767,tablet,100mg,10.0,strip,45.0,False
8660,Akupar 100mg/325mg Tablet,23,767,tablet,100mg,10.0,strip,45.0,False
8662,Acewin OD Capsule,16,537,capsule,,10.0,strip,12.13,False
8663,Acewin OD Capsule,23,537,capsule,,10.0,strip,12.13,False
8664,AX Cool Syrup,245,1288,syrup,400mg/5ml,170.0,bottle,62.0,False
8665,Axces CT Tablet,16,416,tablet,100mg,10.0,strip,135.0,False
8666,Axces CT Tablet,23,416,tablet,100mg,10.0,strip,135.0,False
8668,Acetech P 100mg/500mg Tablet,16,481,tablet,100mg,10.0,strip,25.0,False
8669,Acetech P 100mg/500mg Tablet,23,481,tablet,100mg,10.0,strip,25.0,False
8670,Antif 150mg Tablet,63,1436,tablet,150mg,1.0,strip,16.22,False
8671,Antif 150mg Tablet,369,1436,tablet,150mg,1.0,strip,16.22,False
8672,Antif 150mg Tablet,1308,1436,tablet,150mg,1.0,strip,16.22,False
8674,Albicobal Plus Injection,88,728,injection,,2.0,ml,65.0,False
8680,Arorab Plus 75mg/40mg Capsule,288,171,capsule,75mg,10.0,strip,229.0,False
8681,Arorab Plus 75mg/40mg Capsule,641,171,capsule,75mg,10.0,strip,229.0,False
8682,Alencef O 200mg/200mg Tablet,183,503,tablet,200mg,10.0,strip,180.0,False
8683,Alonac P 100mg/650mg Tablet,16,324,tablet,100mg,10.0,strip,41.0,False
8684,Alonac P 100mg/650mg Tablet,23,324,tablet,100mg,10.0,strip,41.0,False
8685,Alupure 100 Tablet,479,734,tablet,100mg,10.0,strip,21.2,False
8686,Azol 20 Capsule,360,260,capsule,20mg,10.0,strip,32.0,False
8689,Augduo Syrup,1,827,syrup,200mg,30.0,bottle,60.75,False
8690,Ace Plus 100mg Tablet,247,367,tablet,100mg,15.0,strip,67.62,False
8691,Ace Plus 100mg Tablet,759,367,tablet,100mg,15.0,strip,67.62,False
8692,Androsure 1000mg Injection,76,21,injection,1000mg,4.0,ml,612.5,False
8693,Acufen XP Tablet,16,116,tablet,100mg,10.0,strip,25.88,False
8694,Acufen XP Tablet,23,116,tablet,100mg,10.0,strip,25.88,False
8695,Alsigra 100mg Tablet,77,2,tablet,100mg,4.0,strip,121.5,False
8701,Aclopride PT 4mg/100mg/325mg Tablet,65,394,tablet,4mg,10.0,strip,179.5,False
8702,Aclopride PT 4mg/100mg/325mg Tablet,818,394,tablet,4mg,10.0,strip,179.5,False
8703,Aekil Plus Tablet,106,1442,tablet,50mg,10.0,strip,15.6,False
8704,Aekil Plus Tablet,267,1442,tablet,50mg,10.0,strip,15.6,False
8705,Aekil Plus Tablet,323,1442,tablet,50mg,10.0,strip,15.6,False
8706,Acewok TZ 100mg/2mg Tablet,16,302,tablet,100mg,10.0,strip,69.0,False
8707,Acewok TZ 100mg/2mg Tablet,23,302,tablet,100mg,10.0,strip,69.0,False
8709,Allegratune 120 Tablet,4,1443,tablet,120mg,10.0,strip,92.0,False
8710,Arcmont LC Oral Drops,94,1444,drops,2.5mg,30.0,bottle,65.0,False
8712,Adorcal-CC Tablet,573,1240,tablet,250mg,30.0,units,240.0,False
8713,Agyvit-G Tablet,199,1446,tablet,300mg,10.0,strip,125.0,False
8714,Agyvit-G Tablet,284,1446,tablet,300mg,10.0,strip,125.0,False
8715,Agyvit-G Tablet,1122,1446,tablet,300mg,10.0,strip,125.0,False
8716,Aticus SP 100mg/325mg/15mg Tablet,16,1447,tablet,100mg,10.0,strip,105.0,False
8717,Aticus SP 100mg/325mg/15mg Tablet,23,1447,tablet,100mg,10.0,strip,105.0,False
8718,Anti Spas 10mg/250mg Tablet,178,1448,tablet,10mg,10.0,strip,29.5,False
8719,Anti Spas 10mg/250mg Tablet,291,1448,tablet,10mg,10.0,strip,29.5,False
8720,Anti Spas 10mg/250mg Tablet,310,1448,tablet,10mg,10.0,strip,29.5,False
8725,Allergesic 5mg Tablet,256,349,tablet,5mg,10.0,strip,36.5,False
8726,Azito 250mg Tablet,2,119,tablet,250mg,6.0,strip,107.72,False
8727,Alirab DSR Capsule,18,499,capsule,30mg,10.0,strip,100.0,False
8728,Alirab DSR Capsule,302,499,capsule,30mg,10.0,strip,100.0,False
8729,Alirab DSR Capsule,558,499,capsule,30mg,10.0,strip,100.0,False
8730,Ashkoff Blue Syrup,3,417,syrup,15mg/5ml,100.0,bottle,65.0,False
8731,Ashkoff Blue Syrup,49,417,syrup,15mg/5ml,100.0,bottle,65.0,False
8732,Ashkoff Blue Syrup,73,417,syrup,15mg/5ml,100.0,bottle,65.0,False
8733,Ashkoff Blue Syrup,743,417,syrup,15mg/5ml,100.0,bottle,65.0,False
8734,Amival 200 Tablet,222,13,tablet,200mg,10.0,strip,194.7,False
8735,Afex Tablet,285,959,tablet,2.5mg,10.0,strip,7.0,False
8743,Alfuzin 10mg Tablet,24,764,tablet,10mg,10.0,strip,80.0,False
8746,Ambulax-HD 0.125mg/20mg Tablet,15,43,tablet,0.125mg,10.0,strip,67.65,False
8747,Ambulax-HD 0.125mg/20mg Tablet,150,43,tablet,0.125mg,10.0,strip,67.65,False
8748,Ambulax-HD 0.125mg/20mg Tablet,1561,43,tablet,0.125mg,10.0,strip,67.65,False
8749,Ambulax-HD 0.125mg/20mg Tablet,1624,43,tablet,0.125mg,10.0,strip,67.65,False
8750,AC Fix 200mg Tablet,183,571,tablet,200mg,4.0,strip,80.07,False
8753,Azithrorite 500mg Tablet,2,1096,tablet,500mg,3.0,strip,53.49,False
8754,Angloflu 150mg Tablet,63,209,tablet,150mg,1.0,strip,4.46,False
8755,Angloflu 150mg Tablet,369,209,tablet,150mg,1.0,strip,4.46,False
8756,Angloflu 150mg Tablet,1308,209,tablet,150mg,1.0,strip,4.46,False
8757,Alzepam 10mg Tablet,574,557,tablet,10mg,10.0,strip,10.95,False
8758,Aclomed P 100mg/500mg Tablet,16,1455,tablet,100mg,1.0,strip,32.0,False
8759,Aclomed P 100mg/500mg Tablet,23,1455,tablet,100mg,1.0,strip,32.0,False
8761,Ameox 25mg Tablet,35,914,tablet,25mg,10.0,strip,25.2,False
8762,Ameox 25mg Tablet,136,914,tablet,25mg,10.0,strip,25.2,False
8763,Arden 650mg Tablet,60,273,tablet,650mg,15.0,strip,30.91,False
8764,Arden 650mg Tablet,764,273,tablet,650mg,15.0,strip,30.91,False
8765,Arvat CV 10mg/75mg Tablet,166,1456,tablet,10mg,10.0,strip,59.0,False
8766,Audifen-SP Tablet,16,1199,tablet,100mg,10.0,strip,80.0,False
8767,Audifen-SP Tablet,23,1199,tablet,100mg,10.0,strip,80.0,False
8768,Acedaz P 100mg/325mg Tablet,16,1457,tablet,100mg,10.0,strip,48.0,False
8769,Acedaz P 100mg/325mg Tablet,23,1457,tablet,100mg,10.0,strip,48.0,False
8770,Alphacept 4mg Capsule,216,19,capsule,4mg,10.0,strip,148.45,False
8773,Atrowok 0.6mg Injection,75,97,injection,0.6mg,1.0,ml,4.45,False
8774,Atrowok 0.6mg Injection,1190,97,injection,0.6mg,1.0,ml,4.45,False
8775,Asart HT 50 mg/12.5 mg Tablet,145,17,tablet,50mg,10.0,strip,67.58,False
8776,Alernyl 5 mg/10 mg Syrup,52,158,syrup,5mg,60.0,bottle,46.2,False
8778,Acicool-RD Capsule SR,18,612,capsule,30mg,10.0,strip,86.0,False
8779,Acicool-RD Capsule SR,302,612,capsule,30mg,10.0,strip,86.0,False
8780,Acicool-RD Capsule SR,558,612,capsule,30mg,10.0,strip,86.0,False
8781,Acevog P 100mg/325mg Tablet,16,1300,tablet,100mg,10.0,strip,39.0,False
8782,Acevog P 100mg/325mg Tablet,23,1300,tablet,100mg,10.0,strip,39.0,False
8783,Acidale Tablet,16,1460,tablet,100mg,10.0,strip,44.0,False
8784,Acidale Tablet,23,1460,tablet,100mg,10.0,strip,44.0,False
8790,AMCV 625 Duo Tablet,1,1462,tablet,500mg,6.0,strip,113.0,False
8793,Acetynet-AC Tablet,28,39,tablet,100mg,10.0,strip,210.0,False
8794,Acetynet-AC Tablet,1297,39,tablet,100mg,10.0,strip,210.0,False
8795,Acetynet-AC Tablet,1553,39,tablet,100mg,10.0,strip,210.0,False
8797,Amitrip AZ Tablet,35,751,tablet,,10.0,strip,24.58,False
8798,Amitrip AZ Tablet,136,751,tablet,,10.0,strip,24.58,False
8800,Adicef 200mg Tablet,346,775,tablet,200mg,1.0,strip,19.99,False
8801,Adicef 200mg Tablet,593,775,tablet,200mg,1.0,strip,19.99,False
8802,Ampitum 1000 mg/500 mg Injection,53,78,injection,1000mg,5.0,ml,96.0,False
8803,Amexine 500mg/8mg Capsule,1,14,capsule,500mg,10.0,strip,55.57,False
8806,Adp 2.5mg Tablet,20,250,tablet,2.5mg,15.0,strip,25.89,False
8810,Acegone-SP Tablet,16,1467,tablet,100mg,10.0,strip,72.0,False
8811,Acegone-SP Tablet,23,1467,tablet,100mg,10.0,strip,72.0,False
8812,Anim P 100mg/325mg Tablet,37,815,tablet,100mg,10.0,strip,35.0,False
8813,Anim P 100mg/325mg Tablet,686,815,tablet,100mg,10.0,strip,35.0,False
8823,Acezol P 100mg/325mg Tablet,16,1041,tablet,100mg,10.0,strip,29.0,False
8824,Acezol P 100mg/325mg Tablet,23,1041,tablet,100mg,10.0,strip,29.0,False
8825,Azidac 250mg Tablet,2,373,tablet,250mg,3.0,strip,71.34,False
8826,AB-Pacli 100mg Injection,493,368,injection,100mg,,,6563.58,False
8829,Arkapan-DSR Capsule,18,1300,capsule,30mg,10.0,strip,80.0,False
8830,Arkapan-DSR Capsule,302,1300,capsule,30mg,10.0,strip,80.0,False
8831,Arkapan-DSR Capsule,558,1300,capsule,30mg,10.0,strip,80.0,False
8832,Acefan P 100mg/325mg Tablet,16,957,tablet,100mg,10.0,strip,45.0,False
8833,Acefan P 100mg/325mg Tablet,23,957,tablet,100mg,10.0,strip,45.0,False
8835,Atorfit Max Tablet,33,49,tablet,10mg,10.0,strip,131.67,False
8836,Atorfit Max Tablet,1502,49,tablet,10mg,10.0,strip,131.67,False
8837,Atorfit Max Tablet,1755,49,tablet,10mg,10.0,strip,131.67,False
8839,Aride 50mg Tablet,222,863,tablet,50mg,10.0,strip,70.0,False
8840,Angiopril 25mg Tablet,539,11,tablet,25mg,10.0,strip,25.98,False
8841,Angiopril 25mg Tablet,748,11,tablet,25mg,10.0,strip,25.98,False
8842,Amalzol-D Tablet,18,759,tablet,10mg,10.0,strip,68.0,False
8843,Amalzol-D Tablet,302,759,tablet,10mg,10.0,strip,68.0,False
8844,Amalzol-D Tablet,558,759,tablet,10mg,10.0,strip,68.0,False
8848,Asomex-M 5 Tablet PR,85,46,tablet,5mg,10.0,strip,149.2,False
8852,Amlan 10mg Tablet,20,217,tablet,10mg,10.0,strip,37.0,False
8853,Astar 200mg Tablet SR,16,260,tablet,200mg,10.0,strip,55.0,False
8854,Astar 200mg Tablet SR,23,260,tablet,200mg,10.0,strip,55.0,False
8855,Alert L 5mg Tablet,94,15,tablet,5mg,10.0,strip,33.33,False
8856,Alcid O Syrup,245,15,syrup,,170.0,bottle,40.0,False
8858,Aloxy Tablet,7,561,tablet,25mg,10.0,strip,38.0,False
8860,Aldecef CV 200mg/125mg Tablet,346,478,tablet,200mg,10.0,strip,299.0,False
8861,Aldecef CV 200mg/125mg Tablet,593,478,tablet,200mg,10.0,strip,299.0,False
8866,Acctum 500 Tablet,147,659,tablet,500mg,6.0,strip,305.0,False
8867,Amidon-H Tablet,35,1475,tablet,12.5mg,10.0,strip,37.5,False
8868,Amidon-H Tablet,136,1475,tablet,12.5mg,10.0,strip,37.5,False
8871,Alceff 250mg Capsule,443,15,capsule,250mg,10.0,strip,15.31,False
8872,Auxime O 200 mg/200 mg Tablet,183,416,tablet,200mg,10.0,strip,175.0,False
8874,Anfix 200mg Tablet,183,149,tablet,200mg,10.0,strip,90.3,False
8878,Atorvatin Gold 10/75/75 Capsule,132,470,capsule,75mg,10.0,strip,42.0,False
8879,Atorvatin Gold 10/75/75 Capsule,1166,470,capsule,75mg,10.0,strip,42.0,False
8880,Atorvatin Gold 10/75/75 Capsule,1537,470,capsule,75mg,10.0,strip,42.0,False
8881,Atorvatin Gold 10/75/75 Capsule,1670,470,capsule,75mg,10.0,strip,42.0,False
8882,Acethama-M Tablet SR,28,39,tablet,200mg,10.0,strip,171.0,False
8883,Acethama-M Tablet SR,1297,39,tablet,200mg,10.0,strip,171.0,False
8884,Acethama-M Tablet SR,1553,39,tablet,200mg,10.0,strip,171.0,False
8886,Arorab IT 20mg/150mg Capsule SR,289,171,capsule,20mg,10.0,strip,150.0,False
8887,Asterab-LS Capsule SR,288,567,capsule,75mg,10.0,strip,161.0,False
8888,Asterab-LS Capsule SR,641,567,capsule,75mg,10.0,strip,161.0,False
8889,Artazin 10 Tablet,7,1292,tablet,10mg,10.0,strip,22.0,False
8890,Astnim 100mg Tablet,37,1478,tablet,100mg,10.0,strip,23.0,False
8891,Astnim 100mg Tablet,686,1478,tablet,100mg,10.0,strip,23.0,False
8894,Alepride-M2 Tablet SR,41,274,tablet,2mg,10.0,strip,60.0,False
8895,Amlorace 5mg Tablet,20,262,tablet,5mg,10.0,strip,26.42,False
8897,Amvalor Chrono 300 Tablet CR,577,156,tablet,200mg,10.0,strip,48.92,False
8898,Ambro S Tablet,3,341,tablet,30mg,10.0,strip,12.9,False
8899,Ambro S Tablet,49,341,tablet,30mg,10.0,strip,12.9,False
8900,Ambro S Tablet,73,341,tablet,30mg,10.0,strip,12.9,False
8901,Ambro S Tablet,743,341,tablet,30mg,10.0,strip,12.9,False
8903,Alkeprost 500mg Tablet,231,15,tablet,500mg,60.0,units,13000.0,False
8904,Acemont FX 10mg/120mg/200mg Tablet PR,6,1225,tablet,10mg,10.0,strip,250.0,False
8905,Acemont FX 10mg/120mg/200mg Tablet PR,521,1225,tablet,10mg,10.0,strip,250.0,False
8909,Amlor 10mg Tablet,20,236,tablet,10mg,10.0,strip,35.0,False
8916,Apropride 100mg Tablet,222,524,tablet,100mg,10.0,strip,112.0,False
8917,Alminth 400mg Tablet,13,11,tablet,400mg,3.0,strip,7.0,False
8918,Aciban 40mg Injection,281,8,injection,40mg,10.0,ml,46.8,False
8919,Aciban 40mg Injection,1077,8,injection,40mg,10.0,ml,46.8,False
8920,Amoclox LB  Tablet,1,537,tablet,250mg,10.0,strip,22.07,False
8922,Altex Sugar-Free Syrup,3,134,syrup,30mg/5ml,100.0,bottle,79.0,False
8923,Altex Sugar-Free Syrup,49,134,syrup,30mg/5ml,100.0,bottle,79.0,False
8924,Altex Sugar-Free Syrup,73,134,syrup,30mg/5ml,100.0,bottle,79.0,False
8925,Altex Sugar-Free Syrup,743,134,syrup,30mg/5ml,100.0,bottle,79.0,False
8926,Aclovin-P 100mg/325mg Tablet,16,564,tablet,100mg,10.0,strip,17.5,False
8927,Aclovin-P 100mg/325mg Tablet,23,564,tablet,100mg,10.0,strip,17.5,False
8929,Aginal 10mg Tablet,20,2,tablet,10mg,10.0,strip,7.8,False
8930,Atacurium 25mg/ml Injection,239,120,injection,25mg/ml,5.0,ml,133.17,False
8935,Amsha Forte 25mg/10mg Tablet,35,863,tablet,25mg,10.0,strip,30.0,False
8936,Amsha Forte 25mg/10mg Tablet,136,863,tablet,25mg,10.0,strip,30.0,False
8938,Azeetop 250mg Tablet,2,364,tablet,250mg,6.0,strip,66.0,False
8939,Adglim MP 2mg/500mg/15mg Tablet,41,497,tablet,2mg,10.0,strip,73.0,False
8940,Azidus 100mg Oral Drops,2,142,drops,100mg,15.0,bottle,26.14,False
8941,Alpraz 0.25mg Tablet,15,843,tablet,0.25mg,10.0,strip,16.0,False
8942,Alpraz 0.25mg Tablet,150,843,tablet,0.25mg,10.0,strip,16.0,False
8943,Alpraz 0.25mg Tablet,1561,843,tablet,0.25mg,10.0,strip,16.0,False
8944,Alpraz 0.25mg Tablet,1624,843,tablet,0.25mg,10.0,strip,16.0,False
8945,Anzipan 40mg Tablet,281,683,tablet,40mg,10.0,strip,62.0,False
8946,Anzipan 40mg Tablet,1077,683,tablet,40mg,10.0,strip,62.0,False
8947,Aclosara SP 100mg/325mg/15mg Tablet,16,949,tablet,100mg,10.0,strip,70.0,False
8948,Aclosara SP 100mg/325mg/15mg Tablet,23,949,tablet,100mg,10.0,strip,70.0,False
8951,Anept 12.5mg Tablet,578,766,tablet,12.5mg,10.0,strip,160.0,False
8952,Amitryp-Plus Tablet,35,612,tablet,12.5mg,10.0,strip,32.0,False
8953,Amitryp-Plus Tablet,136,612,tablet,12.5mg,10.0,strip,32.0,False
8954,Anxi F 0.5 Tablet,153,404,tablet,0.5mg,10.0,strip,50.0,False
8955,Anxi F 0.5 Tablet,486,404,tablet,0.5mg,10.0,strip,50.0,False
8956,Apfit Syrup,48,1485,syrup,2mg,200.0,bottle,87.5,False
8957,Anazine 5mg Tablet,94,1153,tablet,5mg,10.0,strip,35.0,False
8958,Acetar MR 100mg/325mg/250mg Tablet,16,403,tablet,100mg,10.0,strip,55.0,False
8959,Acetar MR 100mg/325mg/250mg Tablet,23,403,tablet,100mg,10.0,strip,55.0,False
8960,Am Dot 5mg Tablet,20,357,tablet,5mg,10.0,strip,29.9,False
8962,Asviia Injection,579,21,injection,,5.0,ml,20383.71,False
8963,Aloric 300mg Tablet,479,25,tablet,300mg,10.0,strip,127.0,False
8965,Aristogyl Plus Tablet,269,10,tablet,400mg,10.0,strip,12.21,False
8966,Alarm 0.5mg Tablet,15,775,tablet,0.5mg,10.0,strip,16.25,False
8967,Alarm 0.5mg Tablet,150,775,tablet,0.5mg,10.0,strip,16.25,False
8968,Alarm 0.5mg Tablet,1561,775,tablet,0.5mg,10.0,strip,16.25,False
8969,Alarm 0.5mg Tablet,1624,775,tablet,0.5mg,10.0,strip,16.25,False
8970,Atr EZ 10mg/10mg Tablet,33,297,tablet,10mg,10.0,strip,132.0,False
8971,Atr EZ 10mg/10mg Tablet,1502,297,tablet,10mg,10.0,strip,132.0,False
8972,Atr EZ 10mg/10mg Tablet,1755,297,tablet,10mg,10.0,strip,132.0,False
8973,Adzo-AP Tablet,16,861,tablet,100mg,10.0,strip,84.0,False
8974,Adzo-AP Tablet,23,861,tablet,100mg,10.0,strip,84.0,False
8975,Ab Cold Tablet,106,1121,tablet,30mg,10.0,strip,29.0,False
8976,Ab Cold Tablet,267,1121,tablet,30mg,10.0,strip,29.0,False
8977,Ab Cold Tablet,323,1121,tablet,30mg,10.0,strip,29.0,False
8978,Almogril 12.5mg Tablet,294,19,tablet,12.5mg,10.0,strip,84.0,False
8979,Astharil-LS Oral Drops,3,1289,drops,7.5mg,15.0,bottle,69.0,False
8980,Astharil-LS Oral Drops,49,1289,drops,7.5mg,15.0,bottle,69.0,False
8981,Astharil-LS Oral Drops,73,1289,drops,7.5mg,15.0,bottle,69.0,False
8982,Astharil-LS Oral Drops,743,1289,drops,7.5mg,15.0,bottle,69.0,False
8983,Acronite 150 Tablet,209,766,tablet,150mg,10.0,strip,233.0,False
8984,Afitra-SB 50 Capsule,156,506,capsule,50mg,10.0,strip,150.0,False
8988,Aripaxe 5 Tablet,91,524,tablet,5mg,10.0,strip,56.0,False
8992,Azita 250mg Tablet,2,578,tablet,250mg,6.0,strip,48.81,False
8995,Arium 25mg/ml Injection,239,314,injection,25mg/ml,5.0,ml,126.4,False
8996,Alp Plus Tablet,15,381,tablet,0.25mg,10.0,strip,35.0,False
8997,Alp Plus Tablet,150,381,tablet,0.25mg,10.0,strip,35.0,False
8998,Alp Plus Tablet,1561,381,tablet,0.25mg,10.0,strip,35.0,False
8999,Alp Plus Tablet,1624,381,tablet,0.25mg,10.0,strip,35.0,False
9000,Aeroway 100mg Capsule,28,749,capsule,100mg,10.0,strip,85.0,False
9001,Aeroway 100mg Capsule,1297,749,capsule,100mg,10.0,strip,85.0,False
9002,Aeroway 100mg Capsule,1553,749,capsule,100mg,10.0,strip,85.0,False
9003,Amrab 200mg/20mg Capsule SR,16,981,capsule,200mg,10.0,strip,125.0,False
9004,Amrab 200mg/20mg Capsule SR,23,981,capsule,200mg,10.0,strip,125.0,False
9005,Acepine-MR Tablet,16,1188,tablet,100mg,10.0,strip,95.0,False
9006,Acepine-MR Tablet,23,1188,tablet,100mg,10.0,strip,95.0,False
9011,Actol 800mg Tablet,580,571,tablet,800mg,10.0,strip,44.04,False
9016,Amitryplin 25mg Tablet,35,1187,tablet,25mg,10.0,strip,23.0,False
9017,Amitryplin 25mg Tablet,136,1187,tablet,25mg,10.0,strip,23.0,False
9025,Azovid 500mg Tablet,2,61,tablet,500mg,3.0,strip,120.0,False
9026,Amlozen AT 5mg/50mg Tablet,20,923,tablet,5mg,10.0,strip,45.0,False
9027,Audipant-DSR Capsule,18,1199,capsule,30mg,10.0,strip,110.0,False
9028,Audipant-DSR Capsule,302,1199,capsule,30mg,10.0,strip,110.0,False
9029,Audipant-DSR Capsule,558,1199,capsule,30mg,10.0,strip,110.0,False
9030,Afnadol SP 100mg/325mg/15mg Tablet,16,281,tablet,100mg,10.0,strip,95.0,False
9031,Afnadol SP 100mg/325mg/15mg Tablet,23,281,tablet,100mg,10.0,strip,95.0,False
9033,Amtas-AT Tablet,20,25,tablet,5mg,10.0,strip,23.0,False
9035,Aceclan SP Tablet,16,603,tablet,100mg,10.0,strip,99.0,False
9036,Aceclan SP Tablet,23,603,tablet,100mg,10.0,strip,99.0,False
9037,Afmed 40mg Tablet,394,1494,tablet,40mg,28.0,units,6030.0,False
9038,Allenil 5mg Tablet,324,11,tablet,5mg,10.0,strip,74.0,False
9039,Allenil 5mg Tablet,1558,11,tablet,5mg,10.0,strip,74.0,False
9040,Acemarc-RB 200mg/20mg Tablet,16,604,tablet,200mg,10.0,strip,75.0,False
9041,Acemarc-RB 200mg/20mg Tablet,23,604,tablet,200mg,10.0,strip,75.0,False
9042,Acenil-MR Tablet,16,485,tablet,100mg,10.0,strip,60.0,False
9043,Acenil-MR Tablet,23,485,tablet,100mg,10.0,strip,60.0,False
9046,Acimol S 100mg/325mg/10mg Tablet,16,1497,tablet,100mg,10.0,strip,69.99,False
9047,Acimol S 100mg/325mg/10mg Tablet,23,1497,tablet,100mg,10.0,strip,69.99,False
9054,Acosat 100mg Tablet,50,153,tablet,100mg,15.0,strip,180.0,False
9055,Acepine-SP Tablet,16,1188,tablet,100mg,10.0,strip,80.0,False
9056,Acepine-SP Tablet,23,1188,tablet,100mg,10.0,strip,80.0,False
9061,Akucef 500mg Tablet,147,51,tablet,500mg,10.0,strip,559.0,False
9066,Adpace 2 mg/50 mg Tablet,582,13,tablet,2mg,10.0,strip,64.0,False
9067,Adpace 2 mg/50 mg Tablet,941,13,tablet,2mg,10.0,strip,64.0,False
9070,Azican LB 500 Tablet,2,569,tablet,500mg,3.0,strip,85.0,False
9078,Atomox 10 Tablet,244,645,tablet,10mg,10.0,strip,72.0,False
9079,Amtel 40mg Tablet,83,1502,tablet,40mg,10.0,strip,79.0,False
9080,Arloc 40mg Tablet,281,260,tablet,40mg,10.0,strip,82.5,False
9081,Arloc 40mg Tablet,1077,260,tablet,40mg,10.0,strip,82.5,False
9084,Adrim 10mg Injection,233,132,injection,10mg,5.0,ml,214.28,False
9085,Atiline A 5mg/50mg Tablet,20,875,tablet,5mg,10.0,strip,22.32,False
9086,Atypride 200mg Tablet,222,1503,tablet,200mg,10.0,strip,152.83,False
9087,A 1 5mg Tablet,20,994,tablet,5mg,10.0,strip,12.33,False
9089,Alzam 0.25mg Tablet,15,609,tablet,0.25mg,10.0,strip,9.6,False
9090,Alzam 0.25mg Tablet,150,609,tablet,0.25mg,10.0,strip,9.6,False
9091,Alzam 0.25mg Tablet,1561,609,tablet,0.25mg,10.0,strip,9.6,False
9092,Alzam 0.25mg Tablet,1624,609,tablet,0.25mg,10.0,strip,9.6,False
9093,Antixa 300mg Injection,556,46,injection,300mg,3.0,ml,2610.0,False
9095,Auxi CV 500mg/125mg Tablet,1,499,tablet,500mg,10.0,strip,169.0,False
9096,Amidase DP Tablet,247,368,tablet,50mg,10.0,strip,70.38,False
9097,Amidase DP Tablet,759,368,tablet,50mg,10.0,strip,70.38,False
9099,Actigrain P 40mg/10mg Capsule SR,472,562,capsule,40mg,10.0,strip,93.5,False
9100,Actigrain P 40mg/10mg Capsule SR,1035,562,capsule,40mg,10.0,strip,93.5,False
9101,Amloheart 5mg Tablet,20,697,tablet,5mg,10.0,strip,19.0,False
9102,Afec-P 100mg/325mg Tablet,16,565,tablet,100mg,10.0,strip,29.0,False
9103,Afec-P 100mg/325mg Tablet,23,565,tablet,100mg,10.0,strip,29.0,False
9104,Amlogold AT 5 mg/50 mg Tablet,20,367,tablet,5mg,10.0,strip,35.0,False
9106,Alkapot Syrup,22,498,syrup,,100.0,bottle,41.35,False
9107,And 50mg Injection,268,745,injection,50mg,1.0,ml,125.0,False
9108,Atolife 10 Tablet,33,302,tablet,10mg,10.0,strip,59.1,False
9109,Atolife 10 Tablet,1502,302,tablet,10mg,10.0,strip,59.1,False
9110,Atolife 10 Tablet,1755,302,tablet,10mg,10.0,strip,59.1,False
9113,Amity 25mg Tablet,35,326,tablet,25mg,10.0,strip,23.4,False
9114,Amity 25mg Tablet,136,326,tablet,25mg,10.0,strip,23.4,False
9118,Athro 500 Tablet,2,1508,tablet,500mg,3.0,strip,67.0,False
9119,Azimox 250 Tablet,2,1057,tablet,250mg,6.0,strip,66.0,False
9121,Amlocaid-M Tablet PR,20,1509,tablet,5mg,10.0,strip,79.0,False
9122,Adinep 10mg Tablet,561,71,tablet,10mg,10.0,strip,71.87,False
9124,Aclovir 400mg Tablet DT,47,61,tablet,400mg,5.0,strip,61.9,False
9126,Axcil CV 500mg/125mg Tablet,1,432,tablet,500mg,6.0,strip,113.3,False
9128,Arena 750mcg/75mg Tablet,88,1511,tablet,,10.0,strip,120.0,False
9129,Amizest 200mg Tablet,222,394,tablet,200mg,10.0,strip,179.5,False
9130,Amaclin CV 250mg/125mg Tablet,1,1512,tablet,250mg,10.0,strip,158.0,False
9135,Afderm 100 Capsule,156,209,capsule,100mg,7.0,strip,93.17,False
9137,Amifrus 20mg/50mg Tablet,54,26,tablet,20mg,10.0,strip,45.0,False
9138,Altin 0.25mg/20mg Tablet,15,287,tablet,0.25mg,10.0,strip,25.0,False
9139,Altin 0.25mg/20mg Tablet,150,287,tablet,0.25mg,10.0,strip,25.0,False
9140,Altin 0.25mg/20mg Tablet,1561,287,tablet,0.25mg,10.0,strip,25.0,False
9141,Altin 0.25mg/20mg Tablet,1624,287,tablet,0.25mg,10.0,strip,25.0,False
9144,Aceford SP 100mg/325mg/15mg Tablet,16,1515,tablet,100mg,10.0,strip,85.0,False
9145,Aceford SP 100mg/325mg/15mg Tablet,23,1515,tablet,100mg,10.0,strip,85.0,False
9146,Allermont L 5mg/10mg Tablet,94,1516,tablet,5mg,10.0,strip,119.0,False
9147,Aelonac-SP Tablet,16,1517,tablet,100mg,10.0,strip,82.0,False
9148,Aelonac-SP Tablet,23,1517,tablet,100mg,10.0,strip,82.0,False
9151,Activert 8mg Tablet,421,562,tablet,8mg,10.0,strip,42.0,False
9156,Algesia 100mg Tablet,16,33,tablet,100mg,10.0,strip,87.92,False
9157,Algesia 100mg Tablet,23,33,tablet,100mg,10.0,strip,87.92,False
9159,Amphy IBL 1000 Tablet,1,189,tablet,500mg,10.0,strip,540.0,False
9160,Assault 200 mg/500 mg Tablet,89,15,tablet,200mg,10.0,strip,120.0,False
9161,Assault 200 mg/500 mg Tablet,436,15,tablet,200mg,10.0,strip,120.0,False
9163,Arthorid 100mg Tablet,37,260,tablet,100mg,10.0,strip,26.23,False
9164,Arthorid 100mg Tablet,686,260,tablet,100mg,10.0,strip,26.23,False
9165,Attera 40mg Tablet,244,95,tablet,40mg,10.0,strip,195.0,False
9166,Alphacept-D 4 Capsule Combipack,216,19,capsule,4mg,20.0,units,302.0,False
9167,Artither 150mg Injection,483,1519,injection,150mg,2.0,ml,88.0,False
9170,Accurate 20mg Soft Gelatin Capsule,129,1522,capsule,20mg,,,184.5,False
9171,Alprasil 0.5mg Tablet,15,1523,tablet,0.5mg,10.0,strip,20.0,False
9172,Alprasil 0.5mg Tablet,150,1523,tablet,0.5mg,10.0,strip,20.0,False
9173,Alprasil 0.5mg Tablet,1561,1523,tablet,0.5mg,10.0,strip,20.0,False
9174,Alprasil 0.5mg Tablet,1624,1523,tablet,0.5mg,10.0,strip,20.0,False
9175,Arth 500 mg/400 mg Tablet,315,57,tablet,500mg,10.0,strip,140.0,False
9176,Actocet Tablet,94,544,tablet,5mg,10.0,strip,35.0,False
9177,Azith 250mg Tablet,2,287,tablet,250mg,10.0,strip,114.12,False
9178,Aziscot 500mg Tablet,2,710,tablet,500mg,10.0,strip,196.56,False
9179,Aclof P 100 mg/500 mg Tablet,16,1524,tablet,100mg,10.0,strip,34.0,False
9180,Aclof P 100 mg/500 mg Tablet,23,1524,tablet,100mg,10.0,strip,34.0,False
9182,Atric Plus Syrup,48,374,syrup,2mg,200.0,bottle,59.35,False
9183,Alinzo 600mg Tablet,584,347,tablet,600mg,10.0,strip,335.0,False
9184,Arflex-R Capsule SR,16,127,capsule,200mg,10.0,strip,98.0,False
9185,Arflex-R Capsule SR,23,127,capsule,200mg,10.0,strip,98.0,False
9188,Ambrodex-D Syrup,27,327,syrup,4mg,100.0,bottle,47.0,False
9189,Azlin 500 Tablet,2,21,tablet,500mg,3.0,strip,70.0,False
9190,Astharil-DMR Syrup,30,1289,syrup,100mg,60.0,bottle,44.9,False
9191,Astharil-DMR Syrup,86,1289,syrup,100mg,60.0,bottle,44.9,False
9192,Astharil-DMR Syrup,364,1289,syrup,100mg,60.0,bottle,44.9,False
9194,Aptflam-P Tablet,16,1019,tablet,100mg,10.0,strip,39.0,False
9195,Aptflam-P Tablet,23,1019,tablet,100mg,10.0,strip,39.0,False
9199,Alepod CV Dry Syrup,346,274,syrup,50mg/5ml,30.0,bottle,115.0,False
9200,Alepod CV Dry Syrup,593,274,syrup,50mg/5ml,30.0,bottle,115.0,False
9201,Azifine 500mg Tablet,2,3,tablet,500mg,5.0,strip,192.0,False
9202,Atorstin F 10mg/160mg Tablet,33,49,tablet,10mg,10.0,strip,187.5,False
9203,Atorstin F 10mg/160mg Tablet,1502,49,tablet,10mg,10.0,strip,187.5,False
9204,Atorstin F 10mg/160mg Tablet,1755,49,tablet,10mg,10.0,strip,187.5,False
9205,Ariphrenz 10mg Tablet,91,15,tablet,10mg,10.0,strip,140.0,False
9209,Akuminic P Syrup,27,51,syrup,1mg/5ml,60.0,bottle,54.0,False
9210,Alice 650mg Tablet,60,61,tablet,650mg,10.0,strip,3.31,False
9211,Alice 650mg Tablet,764,61,tablet,650mg,10.0,strip,3.31,False
9212,Azileo 500mg Tablet,2,845,tablet,500mg,6.0,strip,17.32,False
9214,Amrox Oral Drops,3,52,drops,,15.0,bottle,40.62,False
9215,Amrox Oral Drops,49,52,drops,,15.0,bottle,40.62,False
9216,Amrox Oral Drops,73,52,drops,,15.0,bottle,40.62,False
9217,Amrox Oral Drops,743,52,drops,,15.0,bottle,40.62,False
9227,Aripicon 10mg Tablet,91,766,tablet,10mg,10.0,strip,115.0,False
9228,Alpa 0.5mg Tablet,15,1409,tablet,0.5mg,10.0,strip,21.8,False
9229,Alpa 0.5mg Tablet,150,1409,tablet,0.5mg,10.0,strip,21.8,False
9230,Alpa 0.5mg Tablet,1561,1409,tablet,0.5mg,10.0,strip,21.8,False
9231,Alpa 0.5mg Tablet,1624,1409,tablet,0.5mg,10.0,strip,21.8,False
9232,Accet 100mg/325mg Tablet,16,251,tablet,100mg,10.0,strip,61.5,False
9233,Accet 100mg/325mg Tablet,23,251,tablet,100mg,10.0,strip,61.5,False
9234,ACL 500mg/125mg Tablet,1,916,tablet,500mg,10.0,strip,216.0,False
9235,Aliza 80mg Tablet,246,1083,tablet,80mg,10.0,strip,32.0,False
9236,Aliza 80mg Tablet,353,1083,tablet,80mg,10.0,strip,32.0,False
9242,Anxiless 0.5mg Tablet,15,1448,tablet,0.5mg,10.0,strip,21.95,False
9243,Anxiless 0.5mg Tablet,150,1448,tablet,0.5mg,10.0,strip,21.95,False
9244,Anxiless 0.5mg Tablet,1561,1448,tablet,0.5mg,10.0,strip,21.95,False
9245,Anxiless 0.5mg Tablet,1624,1448,tablet,0.5mg,10.0,strip,21.95,False
9246,Aciclaz-SP Tablet,16,937,tablet,100mg,10.0,strip,80.0,False
9247,Aciclaz-SP Tablet,23,937,tablet,100mg,10.0,strip,80.0,False
9248,Amalar XL Forte 80mg/480mg Tablet,366,24,tablet,80mg,6.0,strip,144.0,False
9249,Arden A 100mg/325mg Tablet,16,273,tablet,100mg,15.0,strip,65.22,False
9250,Arden A 100mg/325mg Tablet,23,273,tablet,100mg,15.0,strip,65.22,False
9252,Aziclass 250mg Tablet,2,31,tablet,250mg,6.0,strip,66.6,False
9254,Abmal 150mg Injection,452,15,injection,150mg,2.0,ml,13.12,False
9258,Atazor 200mg Capsule,477,46,capsule,200mg,60.0,units,3155.0,False
9260,Azunate 100mg Tablet,263,33,tablet,100mg,6.0,strip,231.26,False
9262,Asteclav 500mg/125mg Tablet,1,567,tablet,500mg,10.0,strip,229.9,False
9263,Acepred 4 Tablet,420,679,tablet,4mg,10.0,strip,50.0,False
9265,Alcicold-Plus Tablet,3,850,tablet,60mg,10.0,strip,68.0,False
9266,Alcicold-Plus Tablet,49,850,tablet,60mg,10.0,strip,68.0,False
9267,Alcicold-Plus Tablet,73,850,tablet,60mg,10.0,strip,68.0,False
9268,Alcicold-Plus Tablet,743,850,tablet,60mg,10.0,strip,68.0,False
9269,Arize 10mg Tablet,91,324,tablet,10mg,10.0,strip,76.5,False
9271,Amrol 5mg/50mg Tablet,20,1184,tablet,5mg,10.0,strip,82.0,False
9272,Afidox Tablet,248,1531,tablet,10mg,10.0,strip,45.0,False
9274,Abtelmi-Amh Tablet,83,5,tablet,40mg,10.0,strip,152.7,False
9275,Amlopres-Z 50mg/5mg Tablet,145,6,tablet,50mg,10.0,strip,75.0,False
9276,Amlosun 5 Tablet,20,13,tablet,5mg,10.0,strip,26.54,False
9278,Amigatin 300 mg/10 mg Tablet,199,336,tablet,300mg,10.0,strip,185.53,False
9279,Amigatin 300 mg/10 mg Tablet,284,336,tablet,300mg,10.0,strip,185.53,False
9280,Amigatin 300 mg/10 mg Tablet,1122,336,tablet,300mg,10.0,strip,185.53,False
9281,Aclofen S Tablet,16,61,tablet,100mg,10.0,strip,25.81,False
9282,Aclofen S Tablet,23,61,tablet,100mg,10.0,strip,25.81,False
9283,Acimol 100mg/500mg Tablet,16,1532,tablet,100mg,10.0,strip,35.0,False
9284,Acimol 100mg/500mg Tablet,23,1532,tablet,100mg,10.0,strip,35.0,False
9287,Axi AZL Tablet,183,913,tablet,200mg,10.0,strip,300.0,False
9288,Astharil-AS Syrup,3,1289,syrup,30mg/5ml,100.0,bottle,49.9,False
9289,Astharil-AS Syrup,49,1289,syrup,30mg/5ml,100.0,bottle,49.9,False
9290,Astharil-AS Syrup,73,1289,syrup,30mg/5ml,100.0,bottle,49.9,False
9291,Astharil-AS Syrup,743,1289,syrup,30mg/5ml,100.0,bottle,49.9,False
9294,Abro 100mg Capsule,28,49,capsule,100mg,10.0,strip,75.0,False
9295,Abro 100mg Capsule,1297,49,capsule,100mg,10.0,strip,75.0,False
9296,Abro 100mg Capsule,1553,49,capsule,100mg,10.0,strip,75.0,False
9302,Allermax 5 mg/10 mg Tablet,94,78,tablet,5mg,10.0,strip,92.0,False
9303,Adelphane 0.1mg/10mg Tablet,399,84,tablet,0.1mg,10.0,strip,12.45,False
9306,Akurit Kid LD Tablet,123,19,tablet,,100.0,units,8.25,False
9307,Amal T 25mg Tablet,222,53,tablet,25mg,10.0,strip,48.0,False
9308,Alciz M 5mg/10mg Tablet,94,901,tablet,5mg,10.0,strip,99.0,False
9309,Azro 250mg Tablet,2,5,tablet,250mg,10.0,strip,117.88,False
9310,Acevis-S Tablet,16,1537,tablet,100mg,10.0,strip,85.0,False
9311,Acevis-S Tablet,23,1537,tablet,100mg,10.0,strip,85.0,False
9312,Ampi 500mg Injection,53,777,injection,500mg,,,16.0,False
9313,Alviroz 5mg Tablet,166,119,tablet,5mg,10.0,strip,85.0,False
9315,Acenal 100mg Tablet,16,421,tablet,100mg,10.0,strip,31.42,False
9316,Acenal 100mg Tablet,23,421,tablet,100mg,10.0,strip,31.42,False
9318,Alcast 5mg Tablet,94,1336,tablet,5mg,10.0,strip,20.0,False
9324,Azisal 500 Tablet,2,1132,tablet,500mg,3.0,strip,70.6,False
9327,Alvinac-SP Tablet,16,1312,tablet,100mg,10.0,strip,77.0,False
9328,Alvinac-SP Tablet,23,1312,tablet,100mg,10.0,strip,77.0,False
9329,Ambiril-LS Syrup,3,1540,syrup,30mg/5ml,100.0,bottle,75.6,False
9330,Ambiril-LS Syrup,49,1540,syrup,30mg/5ml,100.0,bottle,75.6,False
9331,Ambiril-LS Syrup,73,1540,syrup,30mg/5ml,100.0,bottle,75.6,False
9332,Ambiril-LS Syrup,743,1540,syrup,30mg/5ml,100.0,bottle,75.6,False
9335,Acedel-P Tablet,16,1122,tablet,100mg,10.0,strip,44.0,False
9336,Acedel-P Tablet,23,1122,tablet,100mg,10.0,strip,44.0,False
9337,Abcef AZ Tablet,183,428,tablet,200mg,10.0,strip,246.76,False
9338,Asthelite PD Syrup,587,1436,syrup,50mg,100.0,bottle,14.35,False
9340,Anxibrium 10mg Tablet,321,941,tablet,10mg,10.0,strip,22.32,False
9341,Astepan-D 10mg/40mg Tablet,18,567,tablet,10mg,10.0,strip,69.9,False
9342,Astepan-D 10mg/40mg Tablet,302,567,tablet,10mg,10.0,strip,69.9,False
9343,Astepan-D 10mg/40mg Tablet,558,567,tablet,10mg,10.0,strip,69.9,False
9344,Alf P 100mg/500mg Tablet,16,1215,tablet,100mg,10.0,strip,23.0,False
9345,Alf P 100mg/500mg Tablet,23,1215,tablet,100mg,10.0,strip,23.0,False
9349,Acewok 200mg Tablet SR,16,302,tablet,200mg,10.0,strip,40.5,False
9350,Acewok 200mg Tablet SR,23,302,tablet,200mg,10.0,strip,40.5,False
9351,Atahist 10mg Syrup,7,373,syrup,10mg,100.0,bottle,85.0,False
9352,Acewalk Plus Tablet,16,1543,tablet,100mg,10.0,strip,68.8,False
9353,Acewalk Plus Tablet,23,1543,tablet,100mg,10.0,strip,68.8,False
9354,Aciboon P 100mg/325mg Tablet,16,1544,tablet,100mg,10.0,strip,45.0,False
9355,Aciboon P 100mg/325mg Tablet,23,1544,tablet,100mg,10.0,strip,45.0,False
9357,Alkafirst Syrup Sugar Free,22,1113,syrup,,100.0,bottle,60.0,False
9360,Apilex Syrup,48,1547,syrup,2mg,200.0,bottle,95.0,False
9362,Aldon 2mg Oral Drops,206,478,drops,2mg,30.0,bottle,35.0,False
9363,Aldon 2mg Oral Drops,564,478,drops,2mg,30.0,bottle,35.0,False
9364,Aldon 2mg Oral Drops,1274,478,drops,2mg,30.0,bottle,35.0,False
9365,Amlogift 5mg Tablet,20,12,tablet,5mg,15.0,strip,38.84,False
9366,Acewell-SP Tablet,16,1104,tablet,100mg,10.0,strip,82.0,False
9367,Acewell-SP Tablet,23,1104,tablet,100mg,10.0,strip,82.0,False
9371,Anbid 250 Tablet,147,149,tablet,250mg,10.0,strip,385.0,False
9372,Acekay Plus 100 mg/500 mg Tablet,16,129,tablet,100mg,10.0,strip,40.0,False
9373,Acekay Plus 100 mg/500 mg Tablet,23,129,tablet,100mg,10.0,strip,40.0,False
9380,Alten 40mg Tablet,33,53,tablet,40mg,15.0,strip,334.0,False
9381,Alten 40mg Tablet,1502,53,tablet,40mg,15.0,strip,334.0,False
9382,Alten 40mg Tablet,1755,53,tablet,40mg,15.0,strip,334.0,False
9387,Articlor 50mg Drop,588,962,drops,50mg,10.0,ml,110.0,False
9388,Aciz Plus 100 mg/650 mg Tablet,16,922,tablet,100mg,10.0,strip,35.57,False
9389,Aciz Plus 100 mg/650 mg Tablet,23,922,tablet,100mg,10.0,strip,35.57,False
9390,Aclogem P 100 mg/500 mg Tablet,16,1084,tablet,100mg,10.0,strip,31.6,False
9391,Aclogem P 100 mg/500 mg Tablet,23,1084,tablet,100mg,10.0,strip,31.6,False
9392,Ambiflam 400mg/500mg Tablet,259,338,tablet,400mg,10.0,strip,13.0,False
9393,Ambiflam 400mg/500mg Tablet,362,338,tablet,400mg,10.0,strip,13.0,False
9394,Antivom 10mg/10mg Tablet,248,1550,tablet,10mg,10.0,strip,18.5,False
9397,Aterix 500mg Tablet,2,46,tablet,500mg,3.0,strip,28.75,False
9398,Aciphylin 100mg Capsule,28,682,capsule,100mg,10.0,strip,85.0,False
9399,Aciphylin 100mg Capsule,1297,682,capsule,100mg,10.0,strip,85.0,False
9400,Aciphylin 100mg Capsule,1553,682,capsule,100mg,10.0,strip,85.0,False
9401,Altacef 500mg Tablet,147,3,tablet,500mg,5.0,strip,320.0,False
9402,Andrecin Eye Drop,485,25,drops,,5.0,ml,11.0,False
9403,Andrecin Eye Drop,589,25,drops,,5.0,ml,11.0,False
9406,Aviclo-SP Tablet,16,815,tablet,100mg,10.0,strip,105.0,False
9407,Aviclo-SP Tablet,23,815,tablet,100mg,10.0,strip,105.0,False
9408,Almep 4mg Tablet,420,1215,tablet,4mg,10.0,strip,32.5,False
9411,Amolife 100mg Tablet,378,385,tablet,100mg,10.0,strip,107.8,False
9412,Adgel Ointment,247,368,ointment,,30.0,tube,36.25,False
9413,Adgel Ointment,759,368,ointment,,30.0,tube,36.25,False
9415,Alfuzosin-D Tablet ER,24,39,tablet,10mg,10.0,strip,249.0,False
9416,Apivin Syrup,48,847,syrup,2mg,200.0,bottle,85.5,False
9417,Atorwal AS 10mg/75mg Capsule,33,105,capsule,10mg,15.0,strip,45.6,False
9418,Atorwal AS 10mg/75mg Capsule,1502,105,capsule,10mg,15.0,strip,45.6,False
9419,Atorwal AS 10mg/75mg Capsule,1755,105,capsule,10mg,15.0,strip,45.6,False
9421,Agelite-DX Syrup,8,1218,syrup,5mg,100.0,bottle,94.9,False
9422,Agelite-DX Syrup,10,1218,syrup,5mg,100.0,bottle,94.9,False
9423,Agelite-DX Syrup,301,1218,syrup,5mg,100.0,bottle,94.9,False
9424,Agelite-DX Syrup,1251,1218,syrup,5mg,100.0,bottle,94.9,False
9425,Agelite-DX Syrup,1508,1218,syrup,5mg,100.0,bottle,94.9,False
9426,Alkarik Syrup,22,1218,syrup,1.4gm,100.0,bottle,90.15,False
9428,Avopod 200mg Tablet DT,346,646,tablet,200mg,10.0,strip,230.0,False
9429,Avopod 200mg Tablet DT,593,646,tablet,200mg,10.0,strip,230.0,False
9430,Amocrin CV 500mg/125mg Tablet,1,937,tablet,500mg,6.0,strip,118.0,False
9434,ALFAM 400MG TABLET,259,74,tablet,400mg,10.0,strip,5.93,False
9435,ALFAM 400MG TABLET,362,74,tablet,400mg,10.0,strip,5.93,False
9436,Azitis 250mg Tablet,2,710,tablet,250mg,6.0,strip,57.07,False
9440,Aromentin Dry Syrup,1,493,syrup,200mg,30.0,bottle,57.12,False
9441,Acifit-DSR Capsule,18,1559,capsule,30mg,10.0,strip,77.0,False
9442,Acifit-DSR Capsule,302,1559,capsule,30mg,10.0,strip,77.0,False
9443,Acifit-DSR Capsule,558,1559,capsule,30mg,10.0,strip,77.0,False
9446,Arizex-Plus Tablet,116,766,tablet,5mg,10.0,strip,145.0,False
9447,Abicold Tablet,106,536,tablet,30mg,10.0,strip,37.0,False
9448,Abicold Tablet,267,536,tablet,30mg,10.0,strip,37.0,False
9449,Abicold Tablet,323,536,tablet,30mg,10.0,strip,37.0,False
9450,Acikinz-SP Tablet,16,1560,tablet,100mg,10.0,strip,77.0,False
9451,Acikinz-SP Tablet,23,1560,tablet,100mg,10.0,strip,77.0,False
9455,Acutiva Tablet,16,715,tablet,100mg,10.0,strip,48.0,False
9456,Acutiva Tablet,23,715,tablet,100mg,10.0,strip,48.0,False
9458,Amodin AT 5mg/50mg Tablet,20,1089,tablet,5mg,10.0,strip,55.0,False
9459,Atorniz-FB Tablet,33,52,tablet,10mg,10.0,strip,115.0,False
9460,Atorniz-FB Tablet,1502,52,tablet,10mg,10.0,strip,115.0,False
9461,Atorniz-FB Tablet,1755,52,tablet,10mg,10.0,strip,115.0,False
9463,Abvoge GM 2 Tablet SR,41,5,tablet,2mg,10.0,strip,117.03,False
9467,Anxiclo 0.5mg Tablet MD,175,1563,tablet,0.5mg,10.0,strip,20.0,False
9468,Anxiclo 0.5mg Tablet MD,179,1563,tablet,0.5mg,10.0,strip,20.0,False
9469,Albast Tablet,590,533,tablet,10mg,10.0,strip,28.13,False
9470,Adlox 500mg Tablet,159,368,tablet,500mg,1.0,strip,7.5,False
9471,Adlox 500mg Tablet,451,368,tablet,500mg,1.0,strip,7.5,False
9473,Ameco Plus Injection,88,1084,injection,,2.0,ml,149.0,False
9474,Aztatin 10mg Tablet,591,13,tablet,10mg,10.0,strip,34.75,False
9475,Asthamon 4mg Tablet,6,324,tablet,4mg,10.0,strip,63.0,False
9476,Asthamon 4mg Tablet,521,324,tablet,4mg,10.0,strip,63.0,False
9477,Allset 10mg Tablet,52,1565,tablet,10mg,10.0,strip,89.0,False
9478,Asmatide BR 8 mg/4 mg/200 mg Tablet,68,23,tablet,8mg,10.0,strip,3.76,False
9479,Asmatide BR 8 mg/4 mg/200 mg Tablet,386,23,tablet,8mg,10.0,strip,3.76,False
9480,Asmatide BR 8 mg/4 mg/200 mg Tablet,592,23,tablet,8mg,10.0,strip,3.76,False
9481,Asmatide BR 8 mg/4 mg/200 mg Tablet,830,23,tablet,8mg,10.0,strip,3.76,False
9482,Acemol MF Syrup,440,629,syrup,50mg,60.0,bottle,42.0,False
9483,Acemol MF Syrup,551,629,syrup,50mg,60.0,bottle,42.0,False
9486,Amoline H 5mg/12.5mg Tablet,20,130,tablet,5mg,10.0,strip,10.0,False
9487,Arsodoc 300mg Tablet,109,585,tablet,300mg,10.0,strip,324.0,False
9488,Aceton-MR Tablet,16,263,tablet,100mg,10.0,strip,90.0,False
9489,Aceton-MR Tablet,23,263,tablet,100mg,10.0,strip,90.0,False
9490,Alcipro 1000mg Tablet,118,15,tablet,1000mg,5.0,strip,75.0,False
9491,Alceclo Plus Tablet,16,227,tablet,100mg,10.0,strip,65.0,False
9492,Alceclo Plus Tablet,23,227,tablet,100mg,10.0,strip,65.0,False
9496,Axces P 100mg/500mg Tablet,16,416,tablet,100mg,10.0,strip,51.5,False
9497,Axces P 100mg/500mg Tablet,23,416,tablet,100mg,10.0,strip,51.5,False
9498,Apdrops XG Eye Drop,102,49,drops,,5.0,bottle,116.0,False
9499,Apdrops XG Eye Drop,108,49,drops,,5.0,bottle,116.0,False
9500,Apdrops XG Eye Drop,710,49,drops,,5.0,bottle,116.0,False
9501,Astorvas 10 Tablet,33,262,tablet,10mg,10.0,strip,58.6,False
9502,Astorvas 10 Tablet,1502,262,tablet,10mg,10.0,strip,58.6,False
9503,Astorvas 10 Tablet,1755,262,tablet,10mg,10.0,strip,58.6,False
9505,Active Junior Syrup,3,513,syrup,7.5mg,60.0,bottle,69.0,False
9506,Active Junior Syrup,49,513,syrup,7.5mg,60.0,bottle,69.0,False
9507,Active Junior Syrup,73,513,syrup,7.5mg,60.0,bottle,69.0,False
9508,Active Junior Syrup,743,513,syrup,7.5mg,60.0,bottle,69.0,False
9511,Aceprime-MR Tablet,16,546,tablet,100mg,10.0,strip,65.0,False
9512,Aceprime-MR Tablet,23,546,tablet,100mg,10.0,strip,65.0,False
9514,Agelite-D Syrup Sugar Free,8,1218,syrup,5mg/5ml,100.0,bottle,98.15,False
9515,Agelite-D Syrup Sugar Free,10,1218,syrup,5mg/5ml,100.0,bottle,98.15,False
9516,Agelite-D Syrup Sugar Free,301,1218,syrup,5mg/5ml,100.0,bottle,98.15,False
9517,Agelite-D Syrup Sugar Free,1251,1218,syrup,5mg/5ml,100.0,bottle,98.15,False
9518,Agelite-D Syrup Sugar Free,1508,1218,syrup,5mg/5ml,100.0,bottle,98.15,False
9519,Altonil LS 10mg/0.25mg Tablet,93,53,tablet,10mg,10.0,strip,102.67,False
9520,Aceros MR 100mg/325mg/250mg Tablet,16,583,tablet,100mg,10.0,strip,65.0,False
9521,Aceros MR 100mg/325mg/250mg Tablet,23,583,tablet,100mg,10.0,strip,65.0,False
9523,Allerfex 180mg Tablet,4,11,tablet,180mg,10.0,strip,141.3,False
9524,Abrozu Gold 75mg/20mg/75mg Capsule,132,5,capsule,75mg,10.0,strip,201.6,False
9525,Abrozu Gold 75mg/20mg/75mg Capsule,1166,5,capsule,75mg,10.0,strip,201.6,False
9526,Abrozu Gold 75mg/20mg/75mg Capsule,1537,5,capsule,75mg,10.0,strip,201.6,False
9527,Abrozu Gold 75mg/20mg/75mg Capsule,1670,5,capsule,75mg,10.0,strip,201.6,False
9529,Artisid 50mg Capsule,510,13,capsule,50mg,10.0,strip,33.15,False
9530,Artisid 50mg Capsule,1383,13,capsule,50mg,10.0,strip,33.15,False
9531,Acimax P 100 mg/500 mg Tablet,16,982,tablet,100mg,10.0,strip,34.82,False
9532,Acimax P 100 mg/500 mg Tablet,23,982,tablet,100mg,10.0,strip,34.82,False
9533,Aciz SP 100 mg/500 mg/10 mg Tablet,16,922,tablet,100mg,10.0,strip,65.0,False
9534,Aciz SP 100 mg/500 mg/10 mg Tablet,23,922,tablet,100mg,10.0,strip,65.0,False
9535,Auxtil 250mg Tablet,147,304,tablet,250mg,10.0,strip,240.0,False
9538,Atydep 150mg Tablet SR,502,1503,tablet,150mg,10.0,strip,98.0,False
9540,Amyclav 625 Tablet,1,1296,tablet,500mg,6.0,units,112.8,False
9544,Amgat 625 Tablet,1,21,tablet,500mg,10.0,strip,200.59,False
9548,Avkof Syrup,528,294,syrup,10mg,100.0,bottle,130.0,False
9549,Acetica-SP Tablet,16,1573,tablet,100mg,10.0,strip,91.0,False
9550,Acetica-SP Tablet,23,1573,tablet,100mg,10.0,strip,91.0,False
9552,ATR 20 Tablet,33,297,tablet,20mg,10.0,strip,165.1,False
9553,ATR 20 Tablet,1502,297,tablet,20mg,10.0,strip,165.1,False
9554,ATR 20 Tablet,1755,297,tablet,20mg,10.0,strip,165.1,False
9555,Atorlip EZ 10mg/10mg Tablet,33,6,tablet,10mg,10.0,strip,113.4,False
9556,Atorlip EZ 10mg/10mg Tablet,1502,6,tablet,10mg,10.0,strip,113.4,False
9557,Atorlip EZ 10mg/10mg Tablet,1755,6,tablet,10mg,10.0,strip,113.4,False
9559,Among 6 Tablet,281,1575,tablet,40mg,10.0,strip,55.0,False
9560,Among 6 Tablet,1077,1575,tablet,40mg,10.0,strip,55.0,False
9561,Alergid L 5mg Tablet,94,236,tablet,5mg,10.0,strip,6.06,False
9562,Acex 250mg Tablet,2,1576,tablet,250mg,10.0,strip,140.0,False
9564,Azibact CF 200 mg/250 mg Tablet,346,48,tablet,200mg,10.0,strip,193.52,False
9565,Azibact CF 200 mg/250 mg Tablet,593,48,tablet,200mg,10.0,strip,193.52,False
9567,Alock E 90mg Tablet,441,672,tablet,90mg,10.0,strip,102.0,False
9568,Alock E 90mg Tablet,506,672,tablet,90mg,10.0,strip,102.0,False
9571,Acion 100mg/325mg Tablet,16,1579,tablet,100mg,10.0,strip,32.0,False
9572,Acion 100mg/325mg Tablet,23,1579,tablet,100mg,10.0,strip,32.0,False
9573,Alercid M Syrup,94,1326,syrup,2.5mg,60.0,bottle,75.0,False
9575,Alkort 40mg Injection,456,1517,injection,40mg,,,99.0,False
9581,Anadryl Syrup,468,1347,syrup,138mg/5ml,100.0,bottle,75.0,False
9582,Anadryl Syrup,494,1347,syrup,138mg/5ml,100.0,bottle,75.0,False
9583,Adimont-L Tablet,94,1347,tablet,5mg,10.0,strip,110.0,False
9587,Alzocin 10 Tablet PR,24,734,tablet,10mg,10.0,strip,155.0,False
9589,AMPHOLIP 10 MG INJECTION,262,28,injection,10mg,2.0,ml,1253.0,False
9594,Arpidon 5mg Tablet,91,1131,tablet,5mg,10.0,strip,47.0,False
9596,Aclomore 100 mg/500 mg/15 mg Tablet,16,50,tablet,100mg,10.0,strip,54.45,False
9597,Aclomore 100 mg/500 mg/15 mg Tablet,23,50,tablet,100mg,10.0,strip,54.45,False
9598,Adobe 5mg Tablet,561,321,tablet,5mg,10.0,strip,55.0,False
9599,Apecyp Syrup,48,1355,syrup,2mg,200.0,bottle,66.0,False
9602,Acevir-P Tablet,16,920,tablet,100mg,10.0,strip,45.0,False
9603,Acevir-P Tablet,23,920,tablet,100mg,10.0,strip,45.0,False
9609,Acenate TH 100mg/4mg Tablet,16,836,tablet,100mg,10.0,strip,166.0,False
9610,Acenate TH 100mg/4mg Tablet,23,836,tablet,100mg,10.0,strip,166.0,False
9611,Acetus-S Tablet,16,1586,tablet,100mg,10.0,strip,63.0,False
9612,Acetus-S Tablet,23,1586,tablet,100mg,10.0,strip,63.0,False
9613,Azipride Forte 200mg/250mg Tablet,183,1165,tablet,200mg,10.0,strip,236.4,False
9614,Arokast L Syrup,94,192,syrup,2.5mg,60.0,bottle,75.0,False
9615,Atonext 18 Tablet,244,248,tablet,18mg,10.0,strip,120.0,False
9616,Acewok 100mg/325mg/250mg Tablet MR,16,302,tablet,100mg,10.0,strip,85.0,False
9617,Acewok 100mg/325mg/250mg Tablet MR,23,302,tablet,100mg,10.0,strip,85.0,False
9618,Aceclotrue P 100mg/325mg Tablet,16,702,tablet,100mg,10.0,strip,62.0,False
9619,Aceclotrue P 100mg/325mg Tablet,23,702,tablet,100mg,10.0,strip,62.0,False
9620,Axentri 150mg Tablet,594,46,tablet,150mg,10.0,strip,1746.03,False
9623,Alarm Plus 0.5 mg/25 mg Tablet,15,775,tablet,0.5mg,10.0,strip,50.9,False
9624,Alarm Plus 0.5 mg/25 mg Tablet,150,775,tablet,0.5mg,10.0,strip,50.9,False
9625,Alarm Plus 0.5 mg/25 mg Tablet,1561,775,tablet,0.5mg,10.0,strip,50.9,False
9626,Alarm Plus 0.5 mg/25 mg Tablet,1624,775,tablet,0.5mg,10.0,strip,50.9,False
9627,Azeloc 500mg Tablet,2,1587,tablet,500mg,3.0,strip,58.5,False
9628,Altex Syrup,3,134,syrup,30mg/5ml,100.0,bottle,78.0,False
9629,Altex Syrup,49,134,syrup,30mg/5ml,100.0,bottle,78.0,False
9630,Altex Syrup,73,134,syrup,30mg/5ml,100.0,bottle,78.0,False
9631,Altex Syrup,743,134,syrup,30mg/5ml,100.0,bottle,78.0,False
9632,Anilide P 100mg/500mg Tablet,37,1079,tablet,100mg,10.0,strip,25.0,False
9633,Anilide P 100mg/500mg Tablet,686,1079,tablet,100mg,10.0,strip,25.0,False
9635,Azineel 500mg Tablet,2,485,tablet,500mg,3.0,strip,64.5,False
9636,Adentin 500mg/125mg Tablet,1,1588,tablet,500mg,10.0,strip,250.0,False
9639,Accos P 100mg/325mg Tablet,16,1590,tablet,100mg,10.0,strip,40.0,False
9640,Accos P 100mg/325mg Tablet,23,1590,tablet,100mg,10.0,strip,40.0,False
9642,Alprater 1mg Tablet,15,96,tablet,1mg,10.0,strip,29.0,False
9643,Alprater 1mg Tablet,150,96,tablet,1mg,10.0,strip,29.0,False
9644,Alprater 1mg Tablet,1561,96,tablet,1mg,10.0,strip,29.0,False
9645,Alprater 1mg Tablet,1624,96,tablet,1mg,10.0,strip,29.0,False
9646,Acpro-MR Tablet,16,1592,tablet,100mg,10.0,strip,75.1,False
9647,Acpro-MR Tablet,23,1592,tablet,100mg,10.0,strip,75.1,False
9652,Aripod 200mg Tablet DT,346,648,tablet,200mg,10.0,strip,200.0,False
9653,Aripod 200mg Tablet DT,593,648,tablet,200mg,10.0,strip,200.0,False
9654,Antuc-L 75mg/20mg Capsule,288,1511,capsule,75mg,10.0,strip,194.0,False
9655,Antuc-L 75mg/20mg Capsule,641,1511,capsule,75mg,10.0,strip,194.0,False
9657,Azid XL 100mg Syrup,2,606,syrup,100mg/5ml,30.0,bottle,62.1,False
9665,Amoxytis CV 625 Tablet,1,823,tablet,500mg,10.0,strip,241.0,False
9666,Axclopain-Plus Tablet,16,39,tablet,100mg,10.0,strip,50.0,False
9667,Axclopain-Plus Tablet,23,39,tablet,100mg,10.0,strip,50.0,False
9670,Amedron 200 Tablet,266,39,tablet,200mg,10.0,strip,118.0,False
9675,Acmas-P Tablet,16,1198,tablet,100mg,10.0,strip,40.0,False
9676,Acmas-P Tablet,23,1198,tablet,100mg,10.0,strip,40.0,False
9677,Alien 150 Tablet,512,311,tablet,150mg,1.0,strip,240.0,False
9678,Amolin CV 500mg/125mg Tablet,1,126,tablet,500mg,10.0,strip,106.8,False
9679,Aziflo 500mg Tablet,2,753,tablet,500mg,3.0,strip,70.0,False
9681,Alenfast 100mg Tablet,467,2,tablet,100mg,10.0,strip,133.73,False
9682,Alenfast 100mg Tablet,1540,2,tablet,100mg,10.0,strip,133.73,False
9683,Agicef 200mg Tablet,183,61,tablet,200mg,10.0,strip,245.0,False
9685,Atrocord F 10mg/160mg Tablet,33,1599,tablet,10mg,10.0,strip,138.6,False
9686,Atrocord F 10mg/160mg Tablet,1502,1599,tablet,10mg,10.0,strip,138.6,False
9687,Atrocord F 10mg/160mg Tablet,1755,1599,tablet,10mg,10.0,strip,138.6,False
9688,Altex -PD Syrup,3,134,syrup,15mg/5ml,100.0,bottle,62.0,False
9689,Altex -PD Syrup,49,134,syrup,15mg/5ml,100.0,bottle,62.0,False
9690,Altex -PD Syrup,73,134,syrup,15mg/5ml,100.0,bottle,62.0,False
9691,Altex -PD Syrup,743,134,syrup,15mg/5ml,100.0,bottle,62.0,False
9692,Abex 20mg Tablet,289,1310,tablet,20mg,10.0,strip,41.5,False
9693,Aluxo 40mg Tablet,596,347,tablet,40mg,10.0,strip,105.0,False
9696,Atoxcare ASP 10mg/75mg Capsule,33,424,capsule,10mg,10.0,strip,75.0,False
9697,Atoxcare ASP 10mg/75mg Capsule,1502,424,capsule,10mg,10.0,strip,75.0,False
9698,Atoxcare ASP 10mg/75mg Capsule,1755,424,capsule,10mg,10.0,strip,75.0,False
9699,Aryl Plus Tablet,16,574,tablet,100mg,10.0,strip,76.0,False
9700,Aryl Plus Tablet,23,574,tablet,100mg,10.0,strip,76.0,False
9701,Amicor 100mg Injection,597,20,injection,100mg,20.0,ml,550.0,False
9703,Angifine 20mg Tablet SR,565,1543,tablet,20mg,10.0,strip,18.0,False
9704,Arzin 10mg Tablet,598,1601,tablet,10mg,10.0,strip,45.0,False
9705,Alkasil Syrup,22,1602,syrup,,100.0,bottle,29.7,False
9706,Acefan MR 100mg/325mg/250mg Tablet,16,1603,tablet,100mg,10.0,strip,66.0,False
9707,Acefan MR 100mg/325mg/250mg Tablet,23,1603,tablet,100mg,10.0,strip,66.0,False
9709,Arpidox 10mg Tablet,35,302,tablet,10mg,10.0,strip,22.0,False
9710,Arpidox 10mg Tablet,136,302,tablet,10mg,10.0,strip,22.0,False
9712,Albrim LS Eye Drop,128,2,drops,,5.0,ml,210.77,False
9713,Allermax Plus Tablet,6,78,tablet,10mg,10.0,strip,101.0,False
9714,Allermax Plus Tablet,521,78,tablet,10mg,10.0,strip,101.0,False
9715,Anefol XT Injection,307,47,injection,,1.0,ml,39.6,False
9717,Abide 400mg Drop,13,118,drops,400mg,10.0,ml,6.03,False
9720,Alkeprost 250mg Tablet,231,15,tablet,250mg,120.0,units,49500.0,False
9721,Acostin 1Million IU Injection,600,13,injection,,,,810.42,False
9730,Acicure 20mg Capsule,360,984,capsule,20mg,10.0,strip,36.0,False
9731,Alvikof Plus Tablet,106,1312,tablet,30mg,10.0,strip,33.0,False
9732,Alvikof Plus Tablet,267,1312,tablet,30mg,10.0,strip,33.0,False
9733,Alvikof Plus Tablet,323,1312,tablet,30mg,10.0,strip,33.0,False
9737,Adsunib 50 Capsule,601,368,capsule,50mg,28.0,units,7400.0,False
9738,Ajapride M Forte 1mg/1000mg Tablet PR,41,49,tablet,1mg,10.0,strip,63.73,False
9739,Aptamox CV 500mg/125mg Tablet,1,453,tablet,500mg,10.0,strip,178.9,False
9740,Aapi Syrup Sugar Free,48,1607,syrup,2mg/5ml,200.0,bottle,125.0,False
9741,Azrolid 500mg Tablet,2,52,tablet,500mg,5.0,strip,119.5,False
9743,Acebiotic Ear Drop,498,679,drops,,5.0,bottle,56.0,False
9744,Acebiotic Ear Drop,932,679,drops,,5.0,bottle,56.0,False
9745,Aspidol 75 Tablet,444,524,tablet,75mg,10.0,strip,58.0,False
9746,Amlocor 5mg Tablet,20,11,tablet,5mg,10.0,strip,24.65,False
9749,Asidrop D Capsule SR,18,1255,capsule,10mg,10.0,strip,103.6,False
9750,Asidrop D Capsule SR,302,1255,capsule,10mg,10.0,strip,103.6,False
9751,Asidrop D Capsule SR,558,1255,capsule,10mg,10.0,strip,103.6,False
9752,Alicare 5mg Tablet,94,968,tablet,5mg,10.0,strip,39.0,False
9756,Asthabon 2mg Syrup,14,373,syrup,2mg/5ml,100.0,bottle,16.22,False
9757,Asthabon 2mg Syrup,497,373,syrup,2mg/5ml,100.0,bottle,16.22,False
9758,Asthabon 2mg Syrup,1172,373,syrup,2mg/5ml,100.0,bottle,16.22,False
9765,Avir P 100mg/325mg Tablet,16,1319,tablet,100mg,10.0,strip,29.0,False
9766,Avir P 100mg/325mg Tablet,23,1319,tablet,100mg,10.0,strip,29.0,False
9768,Amovix-CV Tablet,1,1407,tablet,500mg,6.0,strip,90.0,False
9769,Ambrodex L Syrup,45,327,syrup,1mg,100.0,bottle,80.0,False
9770,Ambrodex L Syrup,176,327,syrup,1mg,100.0,bottle,80.0,False
9771,Aropax 25 Tablet PR,418,774,tablet,25mg,10.0,strip,148.0,False
9772,Alkaflow Syrup,22,1611,syrup,,100.0,bottle,61.0,False
9773,Amlos 5mg Tablet,20,1612,tablet,5mg,10.0,strip,27.0,False
9774,Azatend Injection,278,21,injection,100mg,,,2625.0,False
9775,Alriza 10 Tablet,576,113,tablet,10mg,10.0,strip,150.0,False
9778,Acestine 600 Tablet,438,734,tablet,600mg,10.0,strip,176.0,False
9779,Agrophyllin 77mg/23mg Tablet,180,1442,tablet,77mg,10.0,strip,2.39,False
9780,Agrophyllin 77mg/23mg Tablet,542,1442,tablet,77mg,10.0,strip,2.39,False
9788,Anicort 6mg Tablet,312,61,tablet,6mg,10.0,strip,90.0,False
9799,Acizen P 100mg/325mg Tablet,16,923,tablet,100mg,10.0,strip,45.0,False
9800,Acizen P 100mg/325mg Tablet,23,923,tablet,100mg,10.0,strip,45.0,False
9801,Amopress 2.5mg Tablet,20,583,tablet,2.5mg,10.0,strip,16.8,False
9802,Amvio 5mg Tablet,20,119,tablet,5mg,14.0,strip,49.0,False
9803,Airvent 100mg Capsule,28,527,capsule,100mg,10.0,strip,112.5,False
9804,Airvent 100mg Capsule,1297,527,capsule,100mg,10.0,strip,112.5,False
9805,Airvent 100mg Capsule,1553,527,capsule,100mg,10.0,strip,112.5,False
9806,Atrowell F 10mg/145mg Tablet,33,1618,tablet,10mg,10.0,strip,110.0,False
9807,Atrowell F 10mg/145mg Tablet,1502,1618,tablet,10mg,10.0,strip,110.0,False
9808,Atrowell F 10mg/145mg Tablet,1755,1618,tablet,10mg,10.0,strip,110.0,False
9809,Alzol 400mg Tablet,13,213,tablet,400mg,1.0,strip,12.0,False
9810,Acloden-SP Tablet,16,1619,tablet,100mg,10.0,strip,70.0,False
9811,Acloden-SP Tablet,23,1619,tablet,100mg,10.0,strip,70.0,False
9812,Arthro 150mg Tablet,431,1620,tablet,150mg,10.0,strip,65.0,False
9813,Antop-DSR Capsule,18,1621,capsule,30mg,10.0,strip,89.0,False
9814,Antop-DSR Capsule,302,1621,capsule,30mg,10.0,strip,89.0,False
9815,Antop-DSR Capsule,558,1621,capsule,30mg,10.0,strip,89.0,False
9816,Alphacitam 800mg Tablet,543,11,tablet,800mg,10.0,strip,351.6,False
9817,Aelxim-Plus Tablet,183,134,tablet,200mg,10.0,strip,210.0,False
9818,Azik 250mg Tablet,2,892,tablet,250mg,10.0,strip,100.0,False
9819,Acemarc Plus 100 mg/500 mg Tablet,16,604,tablet,100mg,10.0,strip,49.5,False
9820,Acemarc Plus 100 mg/500 mg Tablet,23,604,tablet,100mg,10.0,strip,49.5,False
9821,Albol 400mg Tablet,13,324,tablet,400mg,3.0,strip,24.3,False
9822,Atrona 10mg Tablet,33,578,tablet,10mg,10.0,strip,44.9,False
9823,Atrona 10mg Tablet,1502,578,tablet,10mg,10.0,strip,44.9,False
9824,Atrona 10mg Tablet,1755,578,tablet,10mg,10.0,strip,44.9,False
9825,Asvoxia-P Tablet,441,1078,tablet,60mg,10.0,strip,99.9,False
9826,Asvoxia-P Tablet,506,1078,tablet,60mg,10.0,strip,99.9,False
9827,Ariba L 75mg/20mg Capsule,288,1622,capsule,75mg,10.0,strip,180.0,False
9828,Ariba L 75mg/20mg Capsule,641,1622,capsule,75mg,10.0,strip,180.0,False
9829,Alkoffin Plus Syrup,365,673,syrup,3.33mg,170.0,bottle,145.4,False
9830,Alvaxia-M Tablet,94,1623,tablet,5mg,10.0,strip,95.0,False
9831,Ascodex AX Syrup,3,3,syrup,15mg/5ml,100.0,bottle,93.0,False
9832,Ascodex AX Syrup,49,3,syrup,15mg/5ml,100.0,bottle,93.0,False
9833,Ascodex AX Syrup,73,3,syrup,15mg/5ml,100.0,bottle,93.0,False
9834,Ascodex AX Syrup,743,3,syrup,15mg/5ml,100.0,bottle,93.0,False
9835,Ampicon 100 Tablet,222,766,tablet,100mg,10.0,strip,127.0,False
9836,Azicepta 500mg Tablet,2,1624,tablet,500mg,3.0,strip,66.0,False
9839,Acevel 100mg Capsule,28,172,capsule,100mg,10.0,strip,57.0,False
9840,Acevel 100mg Capsule,1297,172,capsule,100mg,10.0,strip,57.0,False
9841,Acevel 100mg Capsule,1553,172,capsule,100mg,10.0,strip,57.0,False
9845,Azibris 500mg Tablet,2,1625,tablet,500mg,3.0,strip,67.0,False
9849,Angofen-P Tablet,16,971,tablet,100mg,10.0,strip,45.7,False
9850,Angofen-P Tablet,23,971,tablet,100mg,10.0,strip,45.7,False
9851,Alcetam 400mg Tablet,543,15,tablet,400mg,10.0,strip,48.07,False
9852,Amokav 200 mg/28.5 mg Dry Syrup,1,340,syrup,200mg,30.0,bottle,60.81,False
9853,Arden A 100 mg/500 mg Tablet,16,273,tablet,100mg,10.0,strip,46.67,False
9854,Arden A 100 mg/500 mg Tablet,23,273,tablet,100mg,10.0,strip,46.67,False
9856,Alikast L Syrup,94,499,syrup,2.5mg,60.0,bottle,60.0,False
9858,Anzicyp Syrup,48,683,syrup,2mg,200.0,bottle,95.0,False
9859,Asthamon 10mg Tablet,6,324,tablet,10mg,10.0,strip,140.0,False
9860,Asthamon 10mg Tablet,521,324,tablet,10mg,10.0,strip,140.0,False
9865,Aginac-SP Tablet,16,1626,tablet,100mg,10.0,strip,70.0,False
9866,Aginac-SP Tablet,23,1626,tablet,100mg,10.0,strip,70.0,False
9867,Alzed 600 Tablet,584,1627,tablet,600mg,6.0,strip,220.0,False
9868,Acecloflam 100mg Tablet,16,297,tablet,100mg,10.0,strip,55.0,False
9869,Acecloflam 100mg Tablet,23,297,tablet,100mg,10.0,strip,55.0,False
9870,Amicip 500mg Injection,38,6,injection,500mg,2.0,ml,13.75,False
9871,Allercet AX Syrup,52,24,syrup,2.5mg,60.0,bottle,50.0,False
9872,Acifact P 100mg/500mg Tablet,16,707,tablet,100mg,10.0,strip,35.0,False
9873,Acifact P 100mg/500mg Tablet,23,707,tablet,100mg,10.0,strip,35.0,False
9875,Abevmy 100mg Injection,187,121,injection,100mg,4.0,ml,13451.0,False
9876,Axipod 200mg Tablet,346,1288,tablet,200mg,10.0,strip,180.0,False
9877,Axipod 200mg Tablet,593,1288,tablet,200mg,10.0,strip,180.0,False
9878,Azoking 500mg Tablet,2,326,tablet,500mg,3.0,strip,67.95,False
9879,Acizen SP 100mg/325mg/15mg Tablet,16,923,tablet,100mg,10.0,strip,79.0,False
9880,Acizen SP 100mg/325mg/15mg Tablet,23,923,tablet,100mg,10.0,strip,79.0,False
9881,Acelom-SP Tablet,16,1628,tablet,100mg,10.0,strip,60.0,False
9882,Acelom-SP Tablet,23,1628,tablet,100mg,10.0,strip,60.0,False
9885,Azigold 500mg Tablet,2,845,tablet,500mg,3.0,strip,60.65,False
9886,Antipres 25mg Tablet,168,557,tablet,25mg,10.0,strip,8.75,False
9887,Amokav 500mg/125mg Tablet,1,340,tablet,500mg,6.0,strip,118.13,False
9888,Angionox 60mg Injection,556,21,injection,60mg,6.0,ml,599.0,False
9889,Appedine Syrup,48,503,syrup,2mg/5ml,200.0,bottle,75.0,False
9890,Alnacob G Capsule,199,454,capsule,300mg,10.0,strip,105.0,False
9891,Alnacob G Capsule,284,454,capsule,300mg,10.0,strip,105.0,False
9892,Alnacob G Capsule,1122,454,capsule,300mg,10.0,strip,105.0,False
9894,Acio 10 mg/20 mg Capsule,18,126,capsule,10mg,10.0,strip,49.5,False
9895,Acio 10 mg/20 mg Capsule,302,126,capsule,10mg,10.0,strip,49.5,False
9896,Acio 10 mg/20 mg Capsule,558,126,capsule,10mg,10.0,strip,49.5,False
9897,Aceclovik 100mg/325mg Tablet,16,26,tablet,100mg,10.0,strip,60.0,False
9898,Aceclovik 100mg/325mg Tablet,23,26,tablet,100mg,10.0,strip,60.0,False
9899,Albisti-Plus Tablet,113,39,tablet,6mg,10.0,strip,390.0,False
9900,Alcoxib TH 60mg/4mg Tablet,441,1629,tablet,60mg,10.0,strip,195.0,False
9901,Alcoxib TH 60mg/4mg Tablet,506,1629,tablet,60mg,10.0,strip,195.0,False
9904,Articlor 125mg Dry Syrup,588,962,syrup,125mg,30.0,bottle,132.0,False
9905,Atorfirst-F Tablet,33,1631,tablet,10mg,10.0,strip,142.25,False
9906,Atorfirst-F Tablet,1502,1631,tablet,10mg,10.0,strip,142.25,False
9907,Atorfirst-F Tablet,1755,1631,tablet,10mg,10.0,strip,142.25,False
9908,Acfen P 100mg/500mg Tablet,16,1537,tablet,100mg,10.0,strip,47.5,False
9909,Acfen P 100mg/500mg Tablet,23,1537,tablet,100mg,10.0,strip,47.5,False
9910,Atrocord 40mg Tablet,33,1599,tablet,40mg,10.0,strip,216.57,False
9911,Atrocord 40mg Tablet,1502,1599,tablet,40mg,10.0,strip,216.57,False
9912,Atrocord 40mg Tablet,1755,1599,tablet,40mg,10.0,strip,216.57,False
9915,Acemin Tablet,603,355,tablet,,10.0,strip,17.56,False
9916,Acemin Tablet,767,355,tablet,,10.0,strip,17.56,False
9917,Azilet 250mg Tablet,2,250,tablet,250mg,6.0,strip,59.55,False
9918,Andox Tablet,298,604,tablet,,10.0,strip,37.5,False
9923,Amtol 5mg/50mg Tablet,20,1184,tablet,5mg,10.0,strip,45.0,False
9924,Aabis P 100mg/325mg Tablet,16,866,tablet,100mg,10.0,strip,40.0,False
9925,Aabis P 100mg/325mg Tablet,23,866,tablet,100mg,10.0,strip,40.0,False
9926,Astem 10mg Tablet,604,29,tablet,10mg,10.0,strip,17.7,False
9932,Accuglim M  2 Tablet SR,41,1633,tablet,2mg,10.0,strip,82.0,False
9933,Altranova Tablet,445,1092,tablet,37.5mg,10.0,strip,55.0,False
9934,Altranova Tablet,447,1092,tablet,37.5mg,10.0,strip,55.0,False
9935,Alzic 4mg Injection,368,368,injection,4mg,,,730.0,False
9942,Altacef 250 mg Injection,147,3,injection,250mg,,,124.5,False
9943,Algina 250mg/5ml Syrup,60,275,syrup,250mg/5ml,60.0,bottle,39.4,False
9944,Algina 250mg/5ml Syrup,764,275,syrup,250mg/5ml,60.0,bottle,39.4,False
9948,Atorday 20mg Tablet,33,875,tablet,20mg,10.0,strip,50.96,False
9949,Atorday 20mg Tablet,1502,875,tablet,20mg,10.0,strip,50.96,False
9950,Atorday 20mg Tablet,1755,875,tablet,20mg,10.0,strip,50.96,False
9951,Aroxy Tablet,431,1319,tablet,150mg,10.0,strip,105.0,False
9952,Azit 250mg Tablet,2,955,tablet,250mg,6.0,strip,65.0,False
9964,Acevis-P Tablet,16,1537,tablet,100mg,10.0,strip,31.0,False
9965,Acevis-P Tablet,23,1537,tablet,100mg,10.0,strip,31.0,False
9975,Acrolax-LS Syrup,45,342,syrup,1mg/5ml,100.0,bottle,69.0,False
9976,Acrolax-LS Syrup,176,342,syrup,1mg/5ml,100.0,bottle,69.0,False
9977,Acelive P 100mg/325mg Tablet,16,1643,tablet,100mg,10.0,strip,45.0,False
9978,Acelive P 100mg/325mg Tablet,23,1643,tablet,100mg,10.0,strip,45.0,False
9979,Avlife DS 180mg/96mg/200mg Tablet,249,1644,tablet,180mg,10.0,strip,490.0,False
9980,Avlife DS 180mg/96mg/200mg Tablet,803,1644,tablet,180mg,10.0,strip,490.0,False
9981,Athi 5mg Tablet,356,505,tablet,5mg,10.0,strip,56.5,False
9985,Atrapure 100mg/ml Injection,239,20,injection,100mg/ml,10.0,ml,526.53,False
9986,AMLODIL-L 5MG/5MG TABLET,20,13,tablet,5mg,10.0,strip,65.0,False
9987,Arileev-M Syrup,94,648,syrup,2.5mg/5ml,60.0,bottle,75.0,False
9988,Arvisone 100mg Injection,154,505,injection,100mg,,,54.0,False
9991,Aciban L 75 mg/40 mg Capsule,288,8,capsule,75mg,10.0,strip,133.33,False
9992,Aciban L 75 mg/40 mg Capsule,641,8,capsule,75mg,10.0,strip,133.33,False
9996,Alviroz Asp 75mg/10mg Capsule,166,347,capsule,75mg,10.0,strip,69.0,False
9997,Athzol 40 Tablet,281,543,tablet,40mg,10.0,strip,109.0,False
9998,Athzol 40 Tablet,1077,543,tablet,40mg,10.0,strip,109.0,False
10005,Agin 5mg Tablet,94,1648,tablet,5mg,10.0,strip,32.0,False
10006,Anoxy CV LB 500mg/125mg Tablet,1,971,tablet,500mg,6.0,strip,157.6,False
10007,Arbitel R 40 mg/5 mg Tablet,83,24,tablet,40mg,10.0,strip,81.5,False
10013,Adcarb 450mg Injection,607,368,injection,450mg,45.0,ml,2330.0,False
10014,Ariphrenz 5mg Tablet,91,15,tablet,5mg,10.0,strip,81.5,False
10021,Antuc-DSR 30mg/20mg Capsule,18,1511,capsule,30mg,10.0,strip,82.0,False
10022,Antuc-DSR 30mg/20mg Capsule,302,1511,capsule,30mg,10.0,strip,82.0,False
10023,Antuc-DSR 30mg/20mg Capsule,558,1511,capsule,30mg,10.0,strip,82.0,False
10025,Ampilox C 125mg/125mg Syrup,53,35,syrup,125mg,60.0,bottle,71.9,False
10026,Acizo-DSR Capsule,18,1001,capsule,30mg,10.0,strip,79.0,False
10027,Acizo-DSR Capsule,302,1001,capsule,30mg,10.0,strip,79.0,False
10028,Acizo-DSR Capsule,558,1001,capsule,30mg,10.0,strip,79.0,False
10029,Alifix LB 200 Tablet DT,183,499,tablet,200mg,10.0,strip,160.0,False
10031,Apiglow Syrup,48,646,syrup,2mg,200.0,bottle,98.0,False
10032,Allegratune 180 Tablet,4,1443,tablet,180mg,10.0,strip,123.0,False
10033,Aperia Syrup,48,1653,syrup,2mg,200.0,bottle,86.0,False
10035,Aceraise-SP Tablet,16,1654,tablet,100mg,10.0,strip,82.0,False
10036,Aceraise-SP Tablet,23,1654,tablet,100mg,10.0,strip,82.0,False
10037,Atorvakind 20mg Tablet,33,12,tablet,20mg,10.0,strip,142.34,False
10038,Atorvakind 20mg Tablet,1502,12,tablet,20mg,10.0,strip,142.34,False
10039,Atorvakind 20mg Tablet,1755,12,tablet,20mg,10.0,strip,142.34,False
10040,Acenol P 100mg/325mg Tablet,16,1655,tablet,100mg,10.0,strip,48.0,False
10041,Acenol P 100mg/325mg Tablet,23,1655,tablet,100mg,10.0,strip,48.0,False
10042,Anzatric 5mg Tablet,559,545,tablet,5mg,10.0,strip,36.75,False
10045,Acne Rob 20mg Capsule,129,1226,capsule,20mg,10.0,strip,150.0,False
10047,Astelong 10mg Tablet,604,11,tablet,10mg,10.0,strip,21.1,False
10048,Atom 25mg Tablet,244,1131,tablet,25mg,10.0,strip,100.0,False
10051,Acylin 400 Tablet DT,47,174,tablet,400mg,10.0,strip,124.0,False
10054,Amoxy Plus CV 500 mg/125 mg Tablet,1,380,tablet,500mg,6.0,strip,154.0,False
10057,Ativas 10mg Tablet,33,1657,tablet,10mg,10.0,strip,63.0,False
10058,Ativas 10mg Tablet,1502,1657,tablet,10mg,10.0,strip,63.0,False
10059,Ativas 10mg Tablet,1755,1657,tablet,10mg,10.0,strip,63.0,False
10062,Amal T 100mg Tablet,222,53,tablet,100mg,10.0,strip,137.36,False
10063,Anthex Syrup,3,603,syrup,30mg/5ml,100.0,bottle,79.2,False
10064,Anthex Syrup,49,603,syrup,30mg/5ml,100.0,bottle,79.2,False
10065,Anthex Syrup,73,603,syrup,30mg/5ml,100.0,bottle,79.2,False
10066,Anthex Syrup,743,603,syrup,30mg/5ml,100.0,bottle,79.2,False
10072,AC 50mg Tablet,385,9,tablet,50mg,10.0,strip,68.0,False
10073,AC 50mg Tablet,721,9,tablet,50mg,10.0,strip,68.0,False
10074,Arbazeal -ES 80 Tablet,146,38,tablet,80mg,10.0,strip,180.29,False
10075,Affecon 100 mg/500 mg Tablet,16,198,tablet,100mg,10.0,strip,42.5,False
10076,Affecon 100 mg/500 mg Tablet,23,198,tablet,100mg,10.0,strip,42.5,False
10077,Amitrend 100mg Tablet,222,230,tablet,100mg,10.0,strip,106.0,False
10078,Adp H 5 mg/12.5 mg Tablet,20,250,tablet,5mg,10.0,strip,46.49,False
10079,Alrubicin 100mg Injection,609,15,injection,100mg,,,2314.0,False
10080,Arotex 10mg Syrup,7,775,syrup,10mg,100.0,bottle,51.3,False
10081,Alkacel 2mg Tablet,514,314,tablet,2mg,25.0,strip,2500.0,False
10084,Alerzole 10mg Tablet,604,120,tablet,10mg,10.0,strip,12.51,False
10085,Alzam 1mg Tablet,15,609,tablet,1mg,10.0,strip,15.0,False
10086,Alzam 1mg Tablet,150,609,tablet,1mg,10.0,strip,15.0,False
10087,Alzam 1mg Tablet,1561,609,tablet,1mg,10.0,strip,15.0,False
10088,Alzam 1mg Tablet,1624,609,tablet,1mg,10.0,strip,15.0,False
10089,Azolid 500mg Tablet,2,1661,tablet,500mg,3.0,strip,65.0,False
10091,Astofen-TH Tablet,16,877,tablet,100mg,10.0,strip,175.0,False
10092,Astofen-TH Tablet,23,877,tablet,100mg,10.0,strip,175.0,False
10093,Acephar MR 100mg/325mg/250mg Tablet,16,469,tablet,100mg,10.0,strip,52.0,False
10094,Acephar MR 100mg/325mg/250mg Tablet,23,469,tablet,100mg,10.0,strip,52.0,False
10096,Anzo-P Tablet,15,1662,tablet,0.25mg,10.0,strip,40.0,False
10097,Anzo-P Tablet,150,1662,tablet,0.25mg,10.0,strip,40.0,False
10098,Anzo-P Tablet,1561,1662,tablet,0.25mg,10.0,strip,40.0,False
10099,Anzo-P Tablet,1624,1662,tablet,0.25mg,10.0,strip,40.0,False
10102,Amdipine 5mg Tablet,20,304,tablet,5mg,10.0,strip,10.1,False
10103,Alercid 5mg Tablet,94,1326,tablet,5mg,10.0,strip,35.0,False
10106,Alfastat-F Tablet,236,113,tablet,160mg,10.0,strip,225.0,False
10107,Alfastat-F Tablet,1318,113,tablet,160mg,10.0,strip,225.0,False
10109,Avace SP 100mg/325mg/15mg Tablet,16,1665,tablet,100mg,10.0,strip,95.0,False
10110,Avace SP 100mg/325mg/15mg Tablet,23,1665,tablet,100mg,10.0,strip,95.0,False
10111,Acicool P 40mg Tablet,281,612,tablet,40mg,10.0,strip,64.0,False
10112,Acicool P 40mg Tablet,1077,612,tablet,40mg,10.0,strip,64.0,False
10113,Afderm 200 Capsule,156,209,capsule,200mg,7.0,strip,184.47,False
10115,Aristomox 125mg Tablet,1,10,tablet,125mg,10.0,strip,17.58,False
10116,Alora 0.5mg Tablet SR,15,65,tablet,0.5mg,10.0,strip,23.5,False
10117,Alora 0.5mg Tablet SR,150,65,tablet,0.5mg,10.0,strip,23.5,False
10118,Alora 0.5mg Tablet SR,1561,65,tablet,0.5mg,10.0,strip,23.5,False
10119,Alora 0.5mg Tablet SR,1624,65,tablet,0.5mg,10.0,strip,23.5,False
10124,Acenate P 100mg/325mg Tablet,16,836,tablet,100mg,10.0,strip,29.0,False
10125,Acenate P 100mg/325mg Tablet,23,836,tablet,100mg,10.0,strip,29.0,False
10126,Atecard-AM Tablet,20,2,tablet,5mg,15.0,strip,122.5,False
10127,Aptizeg Syrup Orange Sugar Free,48,1666,syrup,2mg,200.0,bottle,130.0,False
10128,Aloflox 200mg Tablet,89,619,tablet,200mg,10.0,strip,55.0,False
10129,Aloflox 200mg Tablet,436,619,tablet,200mg,10.0,strip,55.0,False
10133,Aricef XL 200mg/500mg Tablet,183,24,tablet,200mg,10.0,strip,250.0,False
10136,Acepil SP 100mg/325mg/15mg Tablet,16,919,tablet,100mg,10.0,strip,75.55,False
10137,Acepil SP 100mg/325mg/15mg Tablet,23,919,tablet,100mg,10.0,strip,75.55,False
10138,Avopod CV 200mg/125mg Tablet,346,646,tablet,200mg,6.0,strip,185.0,False
10139,Avopod CV 200mg/125mg Tablet,593,646,tablet,200mg,6.0,strip,185.0,False
10142,Axtra 200mg Capsule,156,416,capsule,200mg,10.0,strip,200.0,False
10143,Amiford 25 Tablet,35,596,tablet,25mg,10.0,strip,25.2,False
10144,Amiford 25 Tablet,136,596,tablet,25mg,10.0,strip,25.2,False
10145,Asenapt 10 Sublingual tablet,611,13,tablet,10mg,,,89.0,False
10146,Abipan-DM Tablet,18,536,tablet,10mg,10.0,strip,59.0,False
10147,Abipan-DM Tablet,302,536,tablet,10mg,10.0,strip,59.0,False
10148,Abipan-DM Tablet,558,536,tablet,10mg,10.0,strip,59.0,False
10149,Alocet-M Syrup,94,359,syrup,,60.0,bottle,68.0,False
10150,Anchlor Eye Ointment,612,617,ointment,,5.0,tube,50.0,False
10151,Azicare 500mg Tablet,2,1669,tablet,500mg,10.0,strip,163.0,False
10153,Adsleep 5mg Tablet,533,156,tablet,5mg,10.0,strip,45.18,False
10161,Alofen M 10mg/120mg Tablet,6,673,tablet,10mg,10.0,strip,145.4,False
10162,Alofen M 10mg/120mg Tablet,521,673,tablet,10mg,10.0,strip,145.4,False
10163,Acontop D 30mg/40mg Capsule SR,18,1110,capsule,30mg,10.0,strip,85.0,False
10164,Acontop D 30mg/40mg Capsule SR,302,1110,capsule,30mg,10.0,strip,85.0,False
10165,Acontop D 30mg/40mg Capsule SR,558,1110,capsule,30mg,10.0,strip,85.0,False
10166,Azibrand 250mg Tablet,2,89,tablet,250mg,10.0,strip,118.49,False
10167,At Cold 5mg/325mg/10mg Tablet,52,1571,tablet,5mg,10.0,strip,48.0,False
10171,Alprax MT 0.125mg Tablet,15,11,tablet,0.125mg,15.0,strip,15.0,False
10172,Alprax MT 0.125mg Tablet,150,11,tablet,0.125mg,15.0,strip,15.0,False
10173,Alprax MT 0.125mg Tablet,1561,11,tablet,0.125mg,15.0,strip,15.0,False
10174,Alprax MT 0.125mg Tablet,1624,11,tablet,0.125mg,15.0,strip,15.0,False
10177,Alnitro 6.4mg Tablet CR,43,347,tablet,6.4mg,30.0,units,299.0,False
10178,Aculum SP Tablet,16,536,tablet,100mg,10.0,strip,65.0,False
10179,Aculum SP Tablet,23,536,tablet,100mg,10.0,strip,65.0,False
10180,Avcet 10mg Tablet,52,505,tablet,10mg,10.0,strip,20.0,False
10185,Azoflox OZ Syrup,89,47,syrup,50mg/5ml,30.0,bottle,56.61,False
10186,Azoflox OZ Syrup,436,47,syrup,50mg/5ml,30.0,bottle,56.61,False
10187,Atix 10 Tablet,33,1543,tablet,10mg,10.0,strip,52.56,False
10188,Atix 10 Tablet,1502,1543,tablet,10mg,10.0,strip,52.56,False
10189,Atix 10 Tablet,1755,1543,tablet,10mg,10.0,strip,52.56,False
10190,Acekyor-SP Tablet,16,1672,tablet,100mg,10.0,strip,95.0,False
10191,Acekyor-SP Tablet,23,1672,tablet,100mg,10.0,strip,95.0,False
10193,Arimip 75mg Tablet SR,300,56,tablet,75mg,10.0,strip,150.86,False
10194,Axpero 1mg Tablet,526,25,tablet,1mg,14.0,strip,495.0,False
10195,Amcef LB 200mg Tablet,183,838,tablet,200mg,10.0,strip,145.0,False
10196,Asomak-XP Tablet,16,1674,tablet,100mg,10.0,strip,90.0,False
10197,Asomak-XP Tablet,23,1674,tablet,100mg,10.0,strip,90.0,False
10198,Apsy Syrup,48,901,syrup,2mg,200.0,bottle,85.0,False
10199,Agward-O Tablet,183,679,tablet,200mg,10.0,strip,130.0,False
10202,Aceviz-SP Tablet,16,1676,tablet,100mg,10.0,strip,63.0,False
10203,Aceviz-SP Tablet,23,1676,tablet,100mg,10.0,strip,63.0,False
10205,Amyn 250mg Tablet,1,449,tablet,250mg,10.0,strip,30.0,False
10206,Azidoz 500mg Tablet,2,1050,tablet,500mg,3.0,strip,64.5,False
10207,Atodin-ASP 75 Capsule,33,291,capsule,10mg,10.0,strip,35.75,False
10208,Atodin-ASP 75 Capsule,1502,291,capsule,10mg,10.0,strip,35.75,False
10209,Atodin-ASP 75 Capsule,1755,291,capsule,10mg,10.0,strip,35.75,False
10214,Aclopride 100mg Tablet,16,1165,tablet,100mg,10.0,strip,24.2,False
10215,Aclopride 100mg Tablet,23,1165,tablet,100mg,10.0,strip,24.2,False
10217,Acizole 40mg Tablet,281,777,tablet,40mg,10.0,strip,48.0,False
10218,Acizole 40mg Tablet,1077,777,tablet,40mg,10.0,strip,48.0,False
10221,Alco PS 100 mg/500 mg/15 mg Tablet,16,844,tablet,100mg,10.0,strip,60.0,False
10222,Alco PS 100 mg/500 mg/15 mg Tablet,23,844,tablet,100mg,10.0,strip,60.0,False
10225,Albicold N Tablet,106,728,tablet,25mg,10.0,strip,45.0,False
10226,Albicold N Tablet,267,728,tablet,25mg,10.0,strip,45.0,False
10227,Albicold N Tablet,323,728,tablet,25mg,10.0,strip,45.0,False
10228,Asthamax 400mg Tablet,518,353,tablet,400mg,10.0,strip,45.0,False
10229,Asthamax 400mg Tablet,1104,353,tablet,400mg,10.0,strip,45.0,False
10233,Angibloc 50 Tablet PR,280,15,tablet,47.5mg,10.0,strip,52.45,False
10234,Angibloc 50 Tablet PR,826,15,tablet,47.5mg,10.0,strip,52.45,False
10235,Avencid 40mg Tablet,281,815,tablet,40mg,10.0,strip,70.0,False
10236,Avencid 40mg Tablet,1077,815,tablet,40mg,10.0,strip,70.0,False
10237,Azican 500mg Tablet,2,1678,tablet,500mg,3.0,strip,56.0,False
10238,Acegone-P Tablet,16,1467,tablet,100mg,10.0,strip,46.4,False
10239,Acegone-P Tablet,23,1467,tablet,100mg,10.0,strip,46.4,False
10240,Aceker P 100mg/325mg Tablet,16,1679,tablet,100mg,10.0,strip,45.0,False
10241,Aceker P 100mg/325mg Tablet,23,1679,tablet,100mg,10.0,strip,45.0,False
10246,Actisprin 150mg Tablet,132,15,tablet,150mg,14.0,strip,5.86,False
10247,Actisprin 150mg Tablet,1166,15,tablet,150mg,14.0,strip,5.86,False
10248,Actisprin 150mg Tablet,1537,15,tablet,150mg,14.0,strip,5.86,False
10249,Actisprin 150mg Tablet,1670,15,tablet,150mg,14.0,strip,5.86,False
10256,Atmont 40mg Tablet,33,1415,tablet,40mg,10.0,strip,196.0,False
10257,Atmont 40mg Tablet,1502,1415,tablet,40mg,10.0,strip,196.0,False
10258,Atmont 40mg Tablet,1755,1415,tablet,40mg,10.0,strip,196.0,False
10260,Appsure Syrup,48,1682,syrup,2mg,200.0,bottle,86.0,False
10262,Abvoge GM 1 Tablet SR,41,5,tablet,1mg,10.0,strip,114.74,False
10263,Azitaz 500 Tablet,2,166,tablet,500mg,5.0,strip,119.5,False
10264,Anabol Syrup,48,593,syrup,,100.0,bottle,33.2,False
10270,A-Rex Syrup,457,1684,syrup,12.5mg,100.0,bottle,60.0,False
10273,Alcyp Plus Syrup,48,134,syrup,2mg,200.0,bottle,78.0,False
10274,Acenec 100mg/500mg Tablet,16,1686,tablet,100mg,10.0,strip,38.5,False
10275,Acenec 100mg/500mg Tablet,23,1686,tablet,100mg,10.0,strip,38.5,False
10276,Abrofyl Syrup,28,15,syrup,50mg/5ml,100.0,bottle,89.5,False
10277,Abrofyl Syrup,1297,15,syrup,50mg/5ml,100.0,bottle,89.5,False
10278,Abrofyl Syrup,1553,15,syrup,50mg/5ml,100.0,bottle,89.5,False
10279,Antoine 500mg Tablet,2,1494,tablet,500mg,3.0,strip,52.0,False
10281,Akurit Z Tablet,36,19,tablet,60mg,6.0,strip,8.5,False
10285,Aristocillin 100mg Injection,53,10,injection,100mg,,,10.9,False
10286,Ampilox C DS 500 mg/500 mg Injection,53,35,injection,500mg,,,22.1,False
10288,Actiflox T 4 Tablet,16,851,tablet,100mg,10.0,strip,150.0,False
10289,Actiflox T 4 Tablet,23,851,tablet,100mg,10.0,strip,150.0,False
10293,Astepan 40 Tablet,281,567,tablet,40mg,10.0,strip,59.0,False
10294,Astepan 40 Tablet,1077,567,tablet,40mg,10.0,strip,59.0,False
10296,Apz 2mg Tablet,91,360,tablet,2mg,10.0,strip,38.0,False
10297,Azorex 500mg Tablet,2,281,tablet,500mg,3.0,strip,56.1,False
10298,Alonac Forte 100mg/50000IU Tablet,16,324,tablet,100mg,10.0,strip,156.3,False
10299,Alonac Forte 100mg/50000IU Tablet,23,324,tablet,100mg,10.0,strip,156.3,False
10301,Aclomet T 40mg/25mg Tablet,83,49,tablet,40mg,10.0,strip,110.6,False
10302,Amoline-NB Tablet,540,130,tablet,5mg,10.0,strip,30.0,False
10303,Amoline-NB Tablet,756,130,tablet,5mg,10.0,strip,30.0,False
10304,Amoline-NB Tablet,1068,130,tablet,5mg,10.0,strip,30.0,False
10311,Aldo H 5mg/12.5mg Tablet,20,65,tablet,5mg,10.0,strip,51.2,False
10314,Auxitop 40mg Tablet,281,113,tablet,40mg,10.0,strip,95.0,False
10315,Auxitop 40mg Tablet,1077,113,tablet,40mg,10.0,strip,95.0,False
10316,Azact 500mg Tablet,2,567,tablet,500mg,6.0,strip,139.9,False
10317,Aclodase 100 mg/500 mg/15 mg Tablet,16,1691,tablet,100mg,10.0,strip,71.0,False
10318,Aclodase 100 mg/500 mg/15 mg Tablet,23,1691,tablet,100mg,10.0,strip,71.0,False
10321,Astofen-MR Tablet,16,877,tablet,100mg,10.0,strip,85.0,False
10322,Astofen-MR Tablet,23,877,tablet,100mg,10.0,strip,85.0,False
10323,Appydone Syrup,48,600,syrup,2mg,200.0,bottle,85.0,False
10324,Alvion P 750mcg/75mg Tablet,88,1692,tablet,,10.0,strip,110.0,False
10325,Alkatis Liquid Ice Cream,22,710,syrup,,100.0,bottle,75.0,False
10326,Atd 40 Injection,119,1037,injection,40mg,2.0,ml,21.0,False
10327,Atd 40 Injection,220,1037,injection,40mg,2.0,ml,21.0,False
10328,Atd 40 Injection,1619,1037,injection,40mg,2.0,ml,21.0,False
10329,Adcox-P Tablet,441,861,tablet,60mg,10.0,strip,90.0,False
10330,Adcox-P Tablet,506,861,tablet,60mg,10.0,strip,90.0,False
10331,Abaxp-SR 12.5 Tablet,418,1693,tablet,12.5mg,10.0,strip,139.0,False
10332,Aminex AT 5mg/50mg Tablet,20,1559,tablet,5mg,10.0,strip,38.0,False
10333,Altireb-DSR Capsule,18,1694,capsule,30mg,10.0,strip,88.0,False
10334,Altireb-DSR Capsule,302,1694,capsule,30mg,10.0,strip,88.0,False
10335,Altireb-DSR Capsule,558,1694,capsule,30mg,10.0,strip,88.0,False
10336,AFD-Clona 0.25mg Tablet MD,175,209,tablet,0.25mg,10.0,strip,20.38,False
10337,AFD-Clona 0.25mg Tablet MD,179,209,tablet,0.25mg,10.0,strip,20.38,False
10338,Albavir Tablet,367,121,tablet,600mg,30.0,units,1486.0,False
10342,Adequet 100 Tablet,484,5,tablet,100mg,10.0,strip,68.69,False
10343,Amphy IBL 500 Tablet,1,189,tablet,250mg,10.0,strip,290.0,False
10344,Arpit 5mg Tablet,91,336,tablet,5mg,10.0,strip,63.8,False
10349,Azimak 500mg Tablet,2,1041,tablet,500mg,3.0,strip,54.3,False
10350,Acefe SP Tablet,16,278,tablet,100mg,10.0,strip,73.0,False
10351,Acefe SP Tablet,23,278,tablet,100mg,10.0,strip,73.0,False
10354,Aromac 500mg Tablet,397,376,tablet,500mg,4.0,strip,192.0,False
10356,Arzepam 0.5mg Tablet,175,480,tablet,0.5mg,10.0,strip,31.0,False
10357,Arzepam 0.5mg Tablet,179,480,tablet,0.5mg,10.0,strip,31.0,False
10358,Apinac SP 100mg/325mg/10mg Tablet,16,1385,tablet,100mg,10.0,strip,75.0,False
10359,Apinac SP 100mg/325mg/10mg Tablet,23,1385,tablet,100mg,10.0,strip,75.0,False
10362,Asifen-SP Tablet,16,1700,tablet,100mg,10.0,strip,64.0,False
10363,Asifen-SP Tablet,23,1700,tablet,100mg,10.0,strip,64.0,False
10365,Aceviz-P Tablet,16,1676,tablet,100mg,10.0,strip,42.0,False
10366,Aceviz-P Tablet,23,1676,tablet,100mg,10.0,strip,42.0,False
10367,Auger Duo Dry Syrup,1,349,syrup,200mg,30.0,bottle,55.0,False
10368,Asic SP 100mg/325mg/15mg Tablet,16,1361,tablet,100mg,10.0,strip,90.0,False
10369,Asic SP 100mg/325mg/15mg Tablet,23,1361,tablet,100mg,10.0,strip,90.0,False
10370,Amantide Capsule,64,326,capsule,100mg,15.0,strip,303.75,False
10371,Amican 500mg Injection,38,1612,injection,500mg,2.0,ml,68.75,False
10373,Amidone 100 Tablet,266,734,tablet,100mg,10.0,strip,62.6,False
10374,Ampilox DS 500 mg/500 mg Injection,53,35,injection,500mg,,,26.0,False
10376,AMPIGARD 375MG TABLET,398,1702,tablet,375mg,10.0,strip,399.0,False
10377,Albro Capsule,28,134,capsule,100mg,10.0,strip,76.0,False
10378,Albro Capsule,1297,134,capsule,100mg,10.0,strip,76.0,False
10379,Albro Capsule,1553,134,capsule,100mg,10.0,strip,76.0,False
10380,Alce 5mg Tablet,94,946,tablet,5mg,10.0,strip,25.0,False
10386,Atast 10mg Tablet,33,603,tablet,10mg,10.0,strip,57.62,False
10387,Atast 10mg Tablet,1502,603,tablet,10mg,10.0,strip,57.62,False
10388,Atast 10mg Tablet,1755,603,tablet,10mg,10.0,strip,57.62,False
10389,Addcef 200 DT Tablet,183,1147,tablet,200mg,10.0,strip,97.5,False
10392,Anset G 1mg Tablet MD,615,1339,tablet,1mg,10.0,strip,71.0,False
10393,Acticlo-P Tablet,16,1624,tablet,100mg,10.0,strip,42.0,False
10394,Acticlo-P Tablet,23,1624,tablet,100mg,10.0,strip,42.0,False
10399,Albutamol LS Syrup,3,111,syrup,30mg,100.0,bottle,81.75,False
10400,Albutamol LS Syrup,49,111,syrup,30mg,100.0,bottle,81.75,False
10401,Albutamol LS Syrup,73,111,syrup,30mg,100.0,bottle,81.75,False
10402,Albutamol LS Syrup,743,111,syrup,30mg,100.0,bottle,81.75,False
10403,Allelin 10mg Tablet,94,174,tablet,10mg,10.0,strip,51.0,False
10404,ALIVHER ES 2 TABLET,255,51,tablet,2mg,10.0,strip,247.0,False
10406,ALKACEL 5 MG TABLET,514,314,tablet,5mg,25.0,strip,3930.0,False
10417,Azitrovin 500 Tablet,2,713,tablet,500mg,3.0,strip,67.1,False
10423,Aester P 100mg/325mg Tablet,16,274,tablet,100mg,10.0,strip,40.0,False
10424,Aester P 100mg/325mg Tablet,23,274,tablet,100mg,10.0,strip,40.0,False
10426,Aciclaz P 100mg/325mg Tablet,16,937,tablet,100mg,10.0,strip,40.0,False
10427,Aciclaz P 100mg/325mg Tablet,23,937,tablet,100mg,10.0,strip,40.0,False
10428,Agrus NS Syrup,8,189,syrup,7.5mg/5ml,60.0,bottle,39.9,False
10429,Agrus NS Syrup,10,189,syrup,7.5mg/5ml,60.0,bottle,39.9,False
10430,Agrus NS Syrup,301,189,syrup,7.5mg/5ml,60.0,bottle,39.9,False
10431,Agrus NS Syrup,1251,189,syrup,7.5mg/5ml,60.0,bottle,39.9,False
10432,Agrus NS Syrup,1508,189,syrup,7.5mg/5ml,60.0,bottle,39.9,False
10437,Aslonac S Tablet,16,563,tablet,100mg,10.0,strip,58.0,False
10438,Aslonac S Tablet,23,563,tablet,100mg,10.0,strip,58.0,False
10442,Alfacin 500mg Tablet,159,1711,tablet,500mg,10.0,strip,64.0,False
10443,Alfacin 500mg Tablet,451,1711,tablet,500mg,10.0,strip,64.0,False
10444,Arispas 500 Tablet,2,721,tablet,500mg,3.0,strip,70.0,False
10445,Asthagrip-N Tablet,28,366,tablet,100mg,10.0,strip,153.0,False
10446,Asthagrip-N Tablet,1297,366,tablet,100mg,10.0,strip,153.0,False
10447,Asthagrip-N Tablet,1553,366,tablet,100mg,10.0,strip,153.0,False
10448,Albidex Syrup,8,728,syrup,5mg,100.0,bottle,72.0,False
10449,Albidex Syrup,10,728,syrup,5mg,100.0,bottle,72.0,False
10450,Albidex Syrup,301,728,syrup,5mg,100.0,bottle,72.0,False
10451,Albidex Syrup,1251,728,syrup,5mg,100.0,bottle,72.0,False
10452,Albidex Syrup,1508,728,syrup,5mg,100.0,bottle,72.0,False
10453,Axicold-P Oral Drops,27,475,drops,1mg,15.0,bottle,40.0,False
10454,Acfylin FM 10mg/120mg/200mg Tablet SR,6,1712,tablet,10mg,10.0,strip,214.0,False
10455,Acfylin FM 10mg/120mg/200mg Tablet SR,521,1712,tablet,10mg,10.0,strip,214.0,False
10456,Amalar XL 20mg/120mg Tablet,366,24,tablet,20mg,6.0,strip,81.0,False
10457,Alphadex 100mcg Injection,617,190,injection,,1.0,ml,330.0,False
10458,Aliderm-G Ointment,308,134,ointment,,10.0,tube,36.0,False
10462,Ampholyn 50mg Injection,262,143,injection,50mg,,,269.0,False
10464,Asenapt 5 Sublingual tablet,611,13,tablet,5mg,,,58.0,False
10465,A Rex Drop,7,751,drops,,15.0,ml,39.0,False
10466,Arouse 100mg Tablet,77,1715,tablet,100mg,4.0,strip,110.0,False
10476,Acevog SP 100mg/325mg/15mg Tablet,16,1300,tablet,100mg,10.0,strip,69.5,False
10477,Acevog SP 100mg/325mg/15mg Tablet,23,1300,tablet,100mg,10.0,strip,69.5,False
10478,Aucti 100mg Injection,544,1429,injection,100mg,5.0,ml,250.0,False
10481,Abturbi 250 Tablet,450,5,tablet,250mg,7.0,strip,115.7,False
10485,Atropa 0.6mg Injection,75,244,injection,0.6mg,1.0,ml,1.55,False
10486,Atropa 0.6mg Injection,1190,244,injection,0.6mg,1.0,ml,1.55,False
10487,Amitryn 75 Tablet,35,83,tablet,75mg,10.0,strip,62.6,False
10488,Amitryn 75 Tablet,136,83,tablet,75mg,10.0,strip,62.6,False
10489,Aplaz D 0.25mg Tablet,175,336,tablet,0.25mg,10.0,strip,17.67,False
10490,Aplaz D 0.25mg Tablet,179,336,tablet,0.25mg,10.0,strip,17.67,False
10491,Anfoe 2000IU Injection,170,109,injection,,,,590.0,False
10492,Alzibit-Forte Tablet,235,134,tablet,48mg,10.0,strip,168.0,False
10493,Aphen-P 100mg/500mg Tablet,16,1355,tablet,100mg,10.0,strip,37.0,False
10494,Aphen-P 100mg/500mg Tablet,23,1355,tablet,100mg,10.0,strip,37.0,False
10495,Acebronil 100mg Capsule,28,485,capsule,100mg,10.0,strip,80.0,False
10496,Acebronil 100mg Capsule,1297,485,capsule,100mg,10.0,strip,80.0,False
10497,Acebronil 100mg Capsule,1553,485,capsule,100mg,10.0,strip,80.0,False
10498,AG Cort 40mg Injection,456,1717,injection,40mg,,,55.0,False
10499,Alrega NT Plus 75mg/10mg/1500mcg Tablet,151,127,tablet,75mg,10.0,strip,177.0,False
10500,Acilex MR 100mg/325mg/250mg Tablet,16,474,tablet,100mg,10.0,strip,65.0,False
10501,Acilex MR 100mg/325mg/250mg Tablet,23,474,tablet,100mg,10.0,strip,65.0,False
10502,Averflox MS Syrup,89,1601,syrup,50mg,60.0,bottle,65.0,False
10503,Averflox MS Syrup,436,1601,syrup,50mg,60.0,bottle,65.0,False
10504,Ariba 20mg Tablet,289,1622,tablet,20mg,10.0,strip,55.0,False
10505,Advomont-L Tablet,94,1571,tablet,5mg,10.0,strip,120.0,False
10506,Alero 120mg Tablet,4,598,tablet,120mg,10.0,strip,100.0,False
10507,Atorec Gold 75mg/10mg/75mg Tablet,132,46,tablet,75mg,10.0,strip,46.75,False
10508,Atorec Gold 75mg/10mg/75mg Tablet,1166,46,tablet,75mg,10.0,strip,46.75,False
10509,Atorec Gold 75mg/10mg/75mg Tablet,1537,46,tablet,75mg,10.0,strip,46.75,False
10510,Atorec Gold 75mg/10mg/75mg Tablet,1670,46,tablet,75mg,10.0,strip,46.75,False
10511,Accemol 100mg/325mg Tablet,16,275,tablet,100mg,10.0,strip,48.0,False
10512,Accemol 100mg/325mg Tablet,23,275,tablet,100mg,10.0,strip,48.0,False
10513,Atorlip 10 Tablet,33,6,tablet,10mg,10.0,strip,91.86,False
10514,Atorlip 10 Tablet,1502,6,tablet,10mg,10.0,strip,91.86,False
10515,Atorlip 10 Tablet,1755,6,tablet,10mg,10.0,strip,91.86,False
10518,Adiflam Compound 50 mg/500 mg Tablet,247,173,tablet,50mg,10.0,strip,16.5,False
10519,Adiflam Compound 50 mg/500 mg Tablet,759,173,tablet,50mg,10.0,strip,16.5,False
10520,Azamox-CV Tablet,1,68,tablet,500mg,10.0,strip,109.54,False
10530,Amogesic-MR Tablet,329,1279,tablet,250mg,10.0,strip,45.0,False
10531,Amogesic-MR Tablet,1392,1279,tablet,250mg,10.0,strip,45.0,False
10532,Auranil 10mg Tablet,598,1721,tablet,10mg,10.0,strip,27.0,False
10533,Acefinac 100mg Tablet,16,236,tablet,100mg,10.0,strip,35.0,False
10534,Acefinac 100mg Tablet,23,236,tablet,100mg,10.0,strip,35.0,False
10535,Agirest 250 Tablet,2,232,tablet,250mg,6.0,strip,65.0,False
10536,Alokoff T Syrup,68,619,syrup,2mg/5ml,100.0,bottle,79.0,False
10537,Alokoff T Syrup,386,619,syrup,2mg/5ml,100.0,bottle,79.0,False
10538,Alokoff T Syrup,592,619,syrup,2mg/5ml,100.0,bottle,79.0,False
10539,Alokoff T Syrup,830,619,syrup,2mg/5ml,100.0,bottle,79.0,False
10540,Azom 0.25mg Tablet,15,323,tablet,0.25mg,10.0,strip,22.0,False
10541,Azom 0.25mg Tablet,150,323,tablet,0.25mg,10.0,strip,22.0,False
10542,Azom 0.25mg Tablet,1561,323,tablet,0.25mg,10.0,strip,22.0,False
10543,Azom 0.25mg Tablet,1624,323,tablet,0.25mg,10.0,strip,22.0,False
10547,Acezof-TH4 Tablet,16,887,tablet,100mg,10.0,strip,150.0,False
10548,Acezof-TH4 Tablet,23,887,tablet,100mg,10.0,strip,150.0,False
10549,Amlo CB 5mg Tablet,20,1064,tablet,5mg,10.0,strip,32.1,False
10552,Allergo 120mg Tablet,4,1723,tablet,120mg,10.0,strip,97.13,False
10553,Aripod-CV 200mg/125mg Tablet,346,648,tablet,200mg,6.0,strip,180.0,False
10554,Aripod-CV 200mg/125mg Tablet,593,648,tablet,200mg,6.0,strip,180.0,False
10555,Auxifast 1000mg/500mg Injection,522,113,injection,1000mg,,,350.0,False
10556,Avrax LS Syrup,3,815,syrup,30mg,100.0,bottle,75.0,False
10557,Avrax LS Syrup,49,815,syrup,30mg,100.0,bottle,75.0,False
10558,Avrax LS Syrup,73,815,syrup,30mg,100.0,bottle,75.0,False
10559,Avrax LS Syrup,743,815,syrup,30mg,100.0,bottle,75.0,False
10560,Adfoj 6mg Tablet,312,1588,tablet,6mg,10.0,strip,80.0,False
10563,Asomex CV 5 mg/10 mg Tablet,20,46,tablet,5mg,10.0,strip,80.56,False
10564,Acelopara SP 100mg/325mg/15mg Tablet,16,639,tablet,100mg,10.0,strip,85.0,False
10565,Acelopara SP 100mg/325mg/15mg Tablet,23,639,tablet,100mg,10.0,strip,85.0,False
10566,Anidox 200mg Tablet,346,1079,tablet,200mg,10.0,strip,240.0,False
10567,Anidox 200mg Tablet,593,1079,tablet,200mg,10.0,strip,240.0,False
10568,Av Cid 500mg Tablet,186,505,tablet,500mg,10.0,strip,154.6,False
10569,Av Cid 500mg Tablet,1585,505,tablet,500mg,10.0,strip,154.6,False
10572,Amlotis AT 5mg/50mg Tablet,20,710,tablet,5mg,14.0,strip,60.0,False
10575,Azino 500mg Tablet,2,667,tablet,500mg,10.0,strip,203.0,False
10576,Aflox OZ 200mg/500mg Tablet,89,557,tablet,200mg,10.0,strip,73.7,False
10577,Aflox OZ 200mg/500mg Tablet,436,557,tablet,200mg,10.0,strip,73.7,False
10580,Atoder 20mg Tablet,33,26,tablet,20mg,10.0,strip,130.0,False
10581,Atoder 20mg Tablet,1502,26,tablet,20mg,10.0,strip,130.0,False
10582,Atoder 20mg Tablet,1755,26,tablet,20mg,10.0,strip,130.0,False
10588,Aripant D 10mg/40mg Tablet,18,795,tablet,10mg,10.0,strip,68.0,False
10589,Aripant D 10mg/40mg Tablet,302,795,tablet,10mg,10.0,strip,68.0,False
10590,Aripant D 10mg/40mg Tablet,558,795,tablet,10mg,10.0,strip,68.0,False
10591,Azomaxx 500mg Tablet,2,1229,tablet,500mg,3.0,strip,56.16,False
10594,Acetec-Forte Tablet,16,1727,tablet,100mg,10.0,strip,79.5,False
10595,Acetec-Forte Tablet,23,1727,tablet,100mg,10.0,strip,79.5,False
10596,Alben-Plus Chewable Tablet,113,489,tablet,6mg,,,14.95,False
10598,Anixim Plus 200mg Tablet,183,1728,tablet,200mg,10.0,strip,139.0,False
10599,Atv F 10mg/160mg Tablet,33,287,tablet,10mg,10.0,strip,100.0,False
10600,Atv F 10mg/160mg Tablet,1502,287,tablet,10mg,10.0,strip,100.0,False
10601,Atv F 10mg/160mg Tablet,1755,287,tablet,10mg,10.0,strip,100.0,False
10602,Amloheart AT 5mg/50mg Tablet,20,697,tablet,5mg,10.0,strip,23.0,False
10603,Alkafast Syrup,22,1037,syrup,,100.0,bottle,61.0,False
10606,Atomox 18mg Tablet,244,645,tablet,18mg,10.0,strip,112.4,False
10613,ANZIDIN 5MG TABLET,227,17,tablet,5mg,10.0,strip,5.08,False
10618,Aclovir Ointment,47,61,ointment,,5.0,tube,155.88,False
10619,Ambiform 1000mg Tablet,622,1,tablet,1000mg,2.0,strip,32.6,False
10623,Anlam Tablet,3,149,tablet,75mg,10.0,strip,121.0,False
10624,Anlam Tablet,49,149,tablet,75mg,10.0,strip,121.0,False
10625,Anlam Tablet,73,149,tablet,75mg,10.0,strip,121.0,False
10626,Anlam Tablet,743,149,tablet,75mg,10.0,strip,121.0,False
10627,Angiotensin 2.5mg Tablet,603,364,tablet,2.5mg,10.0,strip,35.0,False
10628,Angiotensin 2.5mg Tablet,767,364,tablet,2.5mg,10.0,strip,35.0,False
10629,Amoxcil 625 Tablet,1,1732,tablet,500mg,10.0,strip,200.0,False
10632,Atobiz MC 500mcg Injection,88,29,injection,,1.0,ml,29.9,False
10636,Arviclo 800mg Tablet,47,505,tablet,800mg,10.0,strip,225.0,False
10638,Albenum Plus Tablet,113,468,tablet,6mg,1.0,strip,28.6,False
10639,Azusa T 8/40 Tablet,83,49,tablet,40mg,15.0,strip,228.0,False
10642,Acdac-SP Tablet,16,343,tablet,100mg,10.0,strip,115.0,False
10643,Acdac-SP Tablet,23,343,tablet,100mg,10.0,strip,115.0,False
10644,Antrima DS 800mg/160mg Tablet,623,5,tablet,800mg,10.0,strip,10.29,False
10645,Avotrax CV 625 Tablet,1,1736,tablet,500mg,6.0,strip,118.0,False
10652,Avicof Syrup,27,716,syrup,4mg,100.0,bottle,38.0,False
10653,Aflox TZ 200mg/600mg Tablet,89,557,tablet,200mg,10.0,strip,67.6,False
10654,Aflox TZ 200mg/600mg Tablet,436,557,tablet,200mg,10.0,strip,67.6,False
10655,Aripra 15mg Tablet,91,13,tablet,15mg,10.0,strip,81.0,False
10656,Athxim-O 250 Tablet,147,543,tablet,250mg,6.0,strip,213.0,False
10659,Axicold L Tablet,94,913,tablet,5mg,10.0,strip,40.0,False
10660,Astamol 100mg/500mg Tablet,16,1738,tablet,100mg,10.0,strip,39.0,False
10661,Astamol 100mg/500mg Tablet,23,1738,tablet,100mg,10.0,strip,39.0,False
10664,Aptel 40 Tablet,83,1547,tablet,40mg,10.0,strip,69.0,False
10665,Amovix-LB 625 Tablet,1,1407,tablet,500mg,6.0,strip,150.0,False
10666,Alvitel 40mg Tablet,83,1739,tablet,40mg,10.0,strip,64.0,False
10668,Abamlo 5 Tablet,20,5,tablet,5mg,10.0,strip,28.56,False
10669,Ampholip 100mg Injection,262,28,injection,100mg,,,7276.0,False
10672,Alzepil 5mg Tablet,116,176,tablet,5mg,10.0,strip,80.0,False
10674,Avelife 200mg Soft Gelatin Capsule,161,1742,capsule,200mg,,,289.0,False
10677,Arcure 400mg/500mg Tablet,259,145,tablet,400mg,10.0,strip,9.42,False
10678,Arcure 400mg/500mg Tablet,362,145,tablet,400mg,10.0,strip,9.42,False
10679,Azinkya 500mg Tablet,2,1743,tablet,500mg,3.0,strip,58.58,False
10680,Axyrin Plus 50mg/750mg Tablet,455,287,tablet,50mg,10.0,strip,200.0,False
10681,Axyrin Plus 50mg/750mg Tablet,1563,287,tablet,50mg,10.0,strip,200.0,False
10683,Arconyx MR Tablet,441,404,tablet,60mg,10.0,strip,185.0,False
10684,Arconyx MR Tablet,506,404,tablet,60mg,10.0,strip,185.0,False
10692,Auslog Injection,456,39,injection,40mg,1.0,ml,135.0,False
10693,Acsis SP 100mg/325mg/15mg Tablet,16,1604,tablet,100mg,10.0,strip,99.0,False
10694,Acsis SP 100mg/325mg/15mg Tablet,23,1604,tablet,100mg,10.0,strip,99.0,False
10695,Amlong 2.5mg Tablet,20,24,tablet,2.5mg,10.0,strip,25.25,False
10696,Alvocet 10mg Tablet MD,94,792,tablet,10mg,10.0,strip,54.0,False
10697,Avermont L 5mg/10mg Tablet,94,1744,tablet,5mg,10.0,strip,95.0,False
10698,Afoglip M  1000 Tablet ER,144,11,tablet,1000mg,10.0,strip,147.55,False
10699,Adrole 0.25mg Tablet,527,95,tablet,0.25mg,10.0,strip,48.0,False
10700,Althrocin 100mg Tablet,29,2,tablet,100mg,10.0,strip,17.41,False
10701,ASCODEX C 4MG/10MG SYRUP,27,3,syrup,4mg,100.0,bottle,28.57,False
10702,Aplaz 2mg Tablet,175,336,tablet,2mg,10.0,strip,71.08,False
10703,Aplaz 2mg Tablet,179,336,tablet,2mg,10.0,strip,71.08,False
10704,Alcon Plus Syrup,27,635,syrup,1mg,60.0,bottle,65.78,False
10705,Agthro 500mg Tablet,2,1745,tablet,500mg,3.0,strip,61.87,False
10706,Aldoloc 20 mg/50 mg Tablet,54,943,tablet,20mg,10.0,strip,50.0,False
10709,Alfree Plus 5mg/60mg Tablet,52,898,tablet,5mg,10.0,strip,25.0,False
10710,Avrax D Syrup,8,815,syrup,5mg,100.0,bottle,72.0,False
10711,Avrax D Syrup,10,815,syrup,5mg,100.0,bottle,72.0,False
10712,Avrax D Syrup,301,815,syrup,5mg,100.0,bottle,72.0,False
10713,Avrax D Syrup,1251,815,syrup,5mg,100.0,bottle,72.0,False
10714,Avrax D Syrup,1508,815,syrup,5mg,100.0,bottle,72.0,False
10715,Aaram 0.5mg Tablet,15,308,tablet,0.5mg,15.0,strip,33.0,False
10716,Aaram 0.5mg Tablet,150,308,tablet,0.5mg,15.0,strip,33.0,False
10717,Aaram 0.5mg Tablet,1561,308,tablet,0.5mg,15.0,strip,33.0,False
10718,Aaram 0.5mg Tablet,1624,308,tablet,0.5mg,15.0,strip,33.0,False
10719,Astharil-EX Syrup,3,1289,syrup,15mg,100.0,bottle,51.9,False
10720,Astharil-EX Syrup,49,1289,syrup,15mg,100.0,bottle,51.9,False
10721,Astharil-EX Syrup,73,1289,syrup,15mg,100.0,bottle,51.9,False
10722,Astharil-EX Syrup,743,1289,syrup,15mg,100.0,bottle,51.9,False
10723,Astharil Tablet,106,1289,tablet,30mg,10.0,strip,29.9,False
10724,Astharil Tablet,267,1289,tablet,30mg,10.0,strip,29.9,False
10725,Astharil Tablet,323,1289,tablet,30mg,10.0,strip,29.9,False
10729,Almerzil 5mg Tablet,116,324,tablet,5mg,10.0,strip,118.6,False
10730,Acutus-LS Syrup,45,484,syrup,1mg/5ml,100.0,bottle,88.0,False
10731,Acutus-LS Syrup,176,484,syrup,1mg/5ml,100.0,bottle,88.0,False
10732,Abanor-NP Tablet,151,1019,tablet,75mg,10.0,strip,145.0,False
10733,ABP 200 SR Tablet,28,1113,tablet,200mg,10.0,strip,165.0,False
10734,ABP 200 SR Tablet,1297,1113,tablet,200mg,10.0,strip,165.0,False
10735,ABP 200 SR Tablet,1553,1113,tablet,200mg,10.0,strip,165.0,False
10736,Anrox Injection,202,971,injection,20mg,2.0,ml,28.7,False
10737,Aclocare-SP Tablet,16,1746,tablet,100mg,10.0,strip,70.0,False
10738,Aclocare-SP Tablet,23,1746,tablet,100mg,10.0,strip,70.0,False
10740,Adthal 100mg Capsule,624,368,capsule,100mg,10.0,strip,595.0,False
10741,Azimix 500mg Tablet,2,1747,tablet,500mg,3.0,strip,61.0,False
10742,Albro-M 200mg/10mg Tablet,28,134,tablet,200mg,10.0,strip,165.0,False
10743,Albro-M 200mg/10mg Tablet,1297,134,tablet,200mg,10.0,strip,165.0,False
10744,Albro-M 200mg/10mg Tablet,1553,134,tablet,200mg,10.0,strip,165.0,False
10745,Atrox 50mg Tablet DT,431,578,tablet,50mg,10.0,strip,30.0,False
10746,Afrelect 0.5mg Tablet,625,764,tablet,0.5mg,10.0,strip,67.0,False
10747,Azicare 200mg/5ml Syrup,2,344,syrup,200mg/5ml,15.0,bottle,47.18,False
10748,Amclue 500 mg/125 mg Tablet,1,367,tablet,500mg,10.0,strip,235.0,False
10749,Alfagaba 300mg Tablet,199,230,tablet,300mg,10.0,strip,142.17,False
10750,Alfagaba 300mg Tablet,284,230,tablet,300mg,10.0,strip,142.17,False
10751,Alfagaba 300mg Tablet,1122,230,tablet,300mg,10.0,strip,142.17,False
10753,Aptil 10mg Tablet,35,697,tablet,10mg,10.0,strip,24.0,False
10754,Aptil 10mg Tablet,136,697,tablet,10mg,10.0,strip,24.0,False
10755,A-Tryp Forte Tablet,35,424,tablet,25mg,10.0,strip,152.0,False
10756,A-Tryp Forte Tablet,136,424,tablet,25mg,10.0,strip,152.0,False
10759,Acebroford 100mg Capsule,28,583,capsule,100mg,10.0,strip,110.0,False
10760,Acebroford 100mg Capsule,1297,583,capsule,100mg,10.0,strip,110.0,False
10761,Acebroford 100mg Capsule,1553,583,capsule,100mg,10.0,strip,110.0,False
10762,Amarin M1 Tablet ER,41,1050,tablet,1mg,10.0,strip,65.0,False
10763,Aarcid Syrup,245,1750,syrup,400mg,170.0,bottle,70.0,False
10764,Anin Pro 200 SR Tablet,161,61,tablet,200mg,10.0,strip,300.9,False
10765,Azikem 500mg Tablet,2,240,tablet,500mg,3.0,strip,71.33,False
10766,Anitus D Syrup,8,1751,syrup,5mg,100.0,bottle,72.0,False
10767,Anitus D Syrup,10,1751,syrup,5mg,100.0,bottle,72.0,False
10768,Anitus D Syrup,301,1751,syrup,5mg,100.0,bottle,72.0,False
10769,Anitus D Syrup,1251,1751,syrup,5mg,100.0,bottle,72.0,False
10770,Anitus D Syrup,1508,1751,syrup,5mg,100.0,bottle,72.0,False
10771,Abra-DSR Capsule,18,294,capsule,30mg,10.0,strip,72.0,False
10772,Abra-DSR Capsule,302,294,capsule,30mg,10.0,strip,72.0,False
10773,Abra-DSR Capsule,558,294,capsule,30mg,10.0,strip,72.0,False
10781,Ascovar Injection,416,833,injection,250mg,6.0,ml,495.0,False
10782,Aquashot Injection,178,48,injection,20mg,1.0,ml,30.0,False
10783,Aquashot Injection,291,48,injection,20mg,1.0,ml,30.0,False
10784,Aquashot Injection,310,48,injection,20mg,1.0,ml,30.0,False
10785,Acidez-P 40mg Tablet,281,1147,tablet,40mg,10.0,strip,63.0,False
10786,Acidez-P 40mg Tablet,1077,1147,tablet,40mg,10.0,strip,63.0,False
10787,Alfakim 250mg Injection,38,13,injection,250mg,2.0,ml,46.8,False
10790,Abrofyl 100mg Tablet,28,15,tablet,100mg,10.0,strip,47.0,False
10791,Abrofyl 100mg Tablet,1297,15,tablet,100mg,10.0,strip,47.0,False
10792,Abrofyl 100mg Tablet,1553,15,tablet,100mg,10.0,strip,47.0,False
10793,Alkagal 1.25gm Syrup,22,262,syrup,1.25gm,100.0,bottle,63.8,False
10794,Azorex 250mg Tablet,2,281,tablet,250mg,6.0,strip,57.0,False
10796,Altracef 200mg Tablet DT,183,1744,tablet,200mg,10.0,strip,105.1,False
10797,Aconcef-LB Tablet DT,183,1110,tablet,200mg,10.0,strip,125.0,False
10798,Apiboom Syrup,48,1756,syrup,2mg,200.0,bottle,115.0,False
10799,Axzyb 1mg Tablet,526,3,tablet,1mg,60.0,units,2100.0,False
10800,Alvoflam-SP Tablet,16,850,tablet,100mg,10.0,strip,80.0,False
10801,Alvoflam-SP Tablet,23,850,tablet,100mg,10.0,strip,80.0,False
10802,Azenap 10 Tablet,270,766,tablet,10mg,10.0,strip,75.0,False
10803,Alaquin 200mg Tablet,332,127,tablet,200mg,15.0,strip,86.0,False
10804,Alflaz 6 Tablet,312,127,tablet,6mg,10.0,strip,89.0,False
10805,Alpraquil 0.5mg Tablet,15,1229,tablet,0.5mg,10.0,strip,22.0,False
10806,Alpraquil 0.5mg Tablet,150,1229,tablet,0.5mg,10.0,strip,22.0,False
10807,Alpraquil 0.5mg Tablet,1561,1229,tablet,0.5mg,10.0,strip,22.0,False
10808,Alpraquil 0.5mg Tablet,1624,1229,tablet,0.5mg,10.0,strip,22.0,False
10809,Aclance-P Tablet,16,828,tablet,100mg,10.0,strip,40.0,False
10810,Aclance-P Tablet,23,828,tablet,100mg,10.0,strip,40.0,False
10814,Atorniz-A Capsule,33,52,capsule,10mg,10.0,strip,60.0,False
10815,Atorniz-A Capsule,1502,52,capsule,10mg,10.0,strip,60.0,False
10816,Atorniz-A Capsule,1755,52,capsule,10mg,10.0,strip,60.0,False
10817,Axaril-LS Dry Syrup,3,1757,syrup,30mg,100.0,bottle,83.0,False
10818,Axaril-LS Dry Syrup,49,1757,syrup,30mg,100.0,bottle,83.0,False
10819,Axaril-LS Dry Syrup,73,1757,syrup,30mg,100.0,bottle,83.0,False
10820,Axaril-LS Dry Syrup,743,1757,syrup,30mg,100.0,bottle,83.0,False
10821,Aceclowoc P Tablet,16,97,tablet,100mg,10.0,strip,41.8,False
10822,Aceclowoc P Tablet,23,97,tablet,100mg,10.0,strip,41.8,False
10823,Aprazol 0.25mg Tablet,454,753,tablet,0.25mg,10.0,strip,11.25,False
10824,Aflox 200mg Tablet,89,557,tablet,200mg,10.0,strip,43.2,False
10825,Aflox 200mg Tablet,436,557,tablet,200mg,10.0,strip,43.2,False
10826,Alertin 5mg Tablet,94,1436,tablet,5mg,10.0,strip,26.87,False
10830,Amirox 500mg Tablet,2,563,tablet,500mg,3.0,strip,68.5,False
10831,Atamax 10mg Tablet,7,334,tablet,10mg,10.0,strip,20.0,False
10832,Appimet Syrup,48,749,syrup,2mg,200.0,bottle,95.0,False
10833,Axcel 100mg/325mg Tablet,16,722,tablet,100mg,10.0,strip,32.5,False
10834,Axcel 100mg/325mg Tablet,23,722,tablet,100mg,10.0,strip,32.5,False
10835,Amol SP 50mg/325mg/15mg Tablet,247,1315,tablet,50mg,10.0,strip,74.0,False
10836,Amol SP 50mg/325mg/15mg Tablet,759,1315,tablet,50mg,10.0,strip,74.0,False
10837,Adipostat 10 Tablet,166,827,tablet,10mg,10.0,strip,128.7,False
10838,Axim O 200mg/200mg Tablet,183,403,tablet,200mg,10.0,strip,178.0,False
10840,Akogra-M 10mg/120mg Tablet,6,1684,tablet,10mg,10.0,strip,130.0,False
10841,Akogra-M 10mg/120mg Tablet,521,1684,tablet,10mg,10.0,strip,130.0,False
10842,Astefin 1mg Tablet,417,1760,tablet,1mg,10.0,strip,50.0,False
10843,Ake-Plus Tablet,16,1508,tablet,100mg,10.0,strip,42.0,False
10844,Ake-Plus Tablet,23,1508,tablet,100mg,10.0,strip,42.0,False
10846,Atorva 80 MD Tablet,33,21,tablet,80mg,10.0,strip,585.7,False
10847,Atorva 80 MD Tablet,1502,21,tablet,80mg,10.0,strip,585.7,False
10848,Atorva 80 MD Tablet,1755,21,tablet,80mg,10.0,strip,585.7,False
10851,Agivog 0.3 Tablet,387,1102,tablet,0.3mg,10.0,strip,104.5,False
10852,Agivog 0.3 Tablet,948,1102,tablet,0.3mg,10.0,strip,104.5,False
10853,A-Phyl 10mg/ml Syrup,28,92,syrup,10mg/ml,100.0,bottle,85.0,False
10854,A-Phyl 10mg/ml Syrup,1297,92,syrup,10mg/ml,100.0,bottle,85.0,False
10855,A-Phyl 10mg/ml Syrup,1553,92,syrup,10mg/ml,100.0,bottle,85.0,False
10856,Aclova P Tablet,16,376,tablet,100mg,10.0,strip,36.3,False
10857,Aclova P Tablet,23,376,tablet,100mg,10.0,strip,36.3,False
10858,Amfast AT 5 mg/50 mg Tablet,20,89,tablet,5mg,10.0,strip,38.0,False
10859,Antican O 150mg Tablet,63,1762,tablet,150mg,1.0,strip,12.1,False
10860,Antican O 150mg Tablet,369,1762,tablet,150mg,1.0,strip,12.1,False
10861,Antican O 150mg Tablet,1308,1762,tablet,150mg,1.0,strip,12.1,False
10863,Astoclav DS Dry Syrup,1,482,syrup,200mg,30.0,bottle,52.92,False
10865,Axsol-P 100mg/325mg Tablet,16,1115,tablet,100mg,10.0,strip,30.0,False
10866,Axsol-P 100mg/325mg Tablet,23,1115,tablet,100mg,10.0,strip,30.0,False
10871,Artinate 60mg Injection,263,600,injection,60mg,,,194.0,False
10874,Atrocord 10mg Tablet,33,1599,tablet,10mg,10.0,strip,57.65,False
10875,Atrocord 10mg Tablet,1502,1599,tablet,10mg,10.0,strip,57.65,False
10876,Atrocord 10mg Tablet,1755,1599,tablet,10mg,10.0,strip,57.65,False
10877,Acilonic-SP Tablet,16,1766,tablet,100mg,10.0,strip,59.0,False
10878,Acilonic-SP Tablet,23,1766,tablet,100mg,10.0,strip,59.0,False
10879,Aspidot 75mg Tablet,132,357,tablet,75mg,10.0,strip,2.43,False
10880,Aspidot 75mg Tablet,1166,357,tablet,75mg,10.0,strip,2.43,False
10881,Aspidot 75mg Tablet,1537,357,tablet,75mg,10.0,strip,2.43,False
10882,Aspidot 75mg Tablet,1670,357,tablet,75mg,10.0,strip,2.43,False
10886,Altodin 10mg Tablet,203,638,tablet,10mg,10.0,strip,39.6,False
10887,Altodin 10mg Tablet,605,638,tablet,10mg,10.0,strip,39.6,False
10888,Amidone 200 Tablet,266,734,tablet,200mg,10.0,strip,124.09,False
10889,Ampoxin LB 250mg/250mg/60Million cells Capsule,53,11,capsule,250mg,10.0,strip,39.4,False
10894,Azis 500mg Tablet,2,1769,tablet,500mg,2.0,strip,70.76,False
10895,Arifril 10mg Tablet,91,385,tablet,10mg,10.0,strip,88.0,False
10896,Adzin 25mg Tablet,7,465,tablet,25mg,10.0,strip,24.0,False
10898,APD Capsule,360,1771,capsule,20mg,10.0,strip,36.0,False
10899,Alexcef OF 200mg/200mg Tablet,183,1325,tablet,200mg,10.0,strip,105.0,False
10900,Arimip 50mg Tablet,300,156,tablet,50mg,10.0,strip,112.6,False
10901,Abituss-A Syrup,3,694,syrup,15mg,100.0,bottle,58.0,False
10902,Abituss-A Syrup,49,694,syrup,15mg,100.0,bottle,58.0,False
10903,Abituss-A Syrup,73,694,syrup,15mg,100.0,bottle,58.0,False
10904,Abituss-A Syrup,743,694,syrup,15mg,100.0,bottle,58.0,False
10907,Arident 5mg Tablet,91,480,tablet,5mg,10.0,strip,47.0,False
10908,Amimed 500mg Injection,38,673,injection,500mg,2.0,ml,68.45,False
10909,Acecdoz P 100mg/325mg Tablet,16,1772,tablet,100mg,10.0,strip,52.0,False
10910,Acecdoz P 100mg/325mg Tablet,23,1772,tablet,100mg,10.0,strip,52.0,False
10911,Azza 500mg Tablet,2,899,tablet,500mg,3.0,strip,66.0,False
10912,Aldep 25mg Tablet,35,53,tablet,25mg,15.0,strip,41.87,False
10913,Aldep 25mg Tablet,136,53,tablet,25mg,15.0,strip,41.87,False
10914,Aarpik 10mg Tablet,33,1083,tablet,10mg,10.0,strip,69.0,False
10915,Aarpik 10mg Tablet,1502,1083,tablet,10mg,10.0,strip,69.0,False
10916,Aarpik 10mg Tablet,1755,1083,tablet,10mg,10.0,strip,69.0,False
10917,Aritel M 40mg/25mg Tablet,83,648,tablet,40mg,10.0,strip,130.0,False
10918,Amalzol 40 Tablet,281,759,tablet,40mg,10.0,strip,53.0,False
10919,Amalzol 40 Tablet,1077,759,tablet,40mg,10.0,strip,53.0,False
10920,Adbiron 250mg Tablet,231,368,tablet,250mg,120.0,units,38500.0,False
10921,Artiflo 3mg Tablet,42,57,tablet,3mg,10.0,strip,145.85,False
10923,Athzol-DM Tablet,18,543,tablet,10mg,10.0,strip,109.0,False
10924,Athzol-DM Tablet,302,543,tablet,10mg,10.0,strip,109.0,False
10925,Athzol-DM Tablet,558,543,tablet,10mg,10.0,strip,109.0,False
10926,Anzal Plus -H 0.25mg/10mg Tablet,15,1197,tablet,0.25mg,10.0,strip,10.0,False
10927,Anzal Plus -H 0.25mg/10mg Tablet,150,1197,tablet,0.25mg,10.0,strip,10.0,False
10928,Anzal Plus -H 0.25mg/10mg Tablet,1561,1197,tablet,0.25mg,10.0,strip,10.0,False
10929,Anzal Plus -H 0.25mg/10mg Tablet,1624,1197,tablet,0.25mg,10.0,strip,10.0,False
10930,ATZEE-AM 5MG/50MG TABLET,20,287,tablet,5mg,15.0,strip,37.5,False
10933,Adzole DM 10mg/20mg Capsule,18,368,capsule,10mg,15.0,strip,70.9,False
10934,Adzole DM 10mg/20mg Capsule,302,368,capsule,10mg,15.0,strip,70.9,False
10935,Adzole DM 10mg/20mg Capsule,558,368,capsule,10mg,15.0,strip,70.9,False
10936,Abclox CV 500 mg/125 mg Tablet,1,111,tablet,500mg,6.0,strip,120.47,False
10937,Aridom C 10mg/20mg Tablet,18,505,tablet,10mg,10.0,strip,36.0,False
10938,Aridom C 10mg/20mg Tablet,302,505,tablet,10mg,10.0,strip,36.0,False
10939,Aridom C 10mg/20mg Tablet,558,505,tablet,10mg,10.0,strip,36.0,False
10944,Ambro PD Syrup,496,341,syrup,100mg,100.0,bottle,39.9,False
10945,Ambro PD Syrup,1509,341,syrup,100mg,100.0,bottle,39.9,False
10948,Azimax 100mg Tablet DT,2,6,tablet,100mg,10.0,strip,59.4,False
10950,Awin 500mg Capsule,1,1776,capsule,500mg,15.0,strip,99.0,False
10953,Azole D 10mg/20mg Capsule,18,396,capsule,10mg,10.0,strip,48.0,False
10954,Azole D 10mg/20mg Capsule,302,396,capsule,10mg,10.0,strip,48.0,False
10955,Azole D 10mg/20mg Capsule,558,396,capsule,10mg,10.0,strip,48.0,False
10956,Alerdin 10mg Tablet,52,31,tablet,10mg,10.0,strip,11.0,False
10957,Azikaa 500mg Tablet,2,244,tablet,500mg,3.0,strip,64.94,False
10958,Amlosar H 50mg/5mg/12.5mg Tablet,145,1260,tablet,50mg,10.0,strip,113.0,False
10959,All GO-M Tablet,94,1777,tablet,5mg,10.0,strip,85.0,False
10960,Aristat 50mg Tablet,155,33,tablet,50mg,10.0,strip,41.31,False
10962,AMF 40MG/5MG TABLET,54,26,tablet,40mg,10.0,strip,14.0,False
10964,Acrol 200mg Tablet SR,16,181,tablet,200mg,10.0,strip,50.0,False
10965,Acrol 200mg Tablet SR,23,181,tablet,200mg,10.0,strip,50.0,False
10966,Apricol Forte 2.5mg Injection,627,15,injection,2.5mg,2.0,ml,4.5,False
10968,Avox 500mg/125mg Tablet,1,1001,tablet,500mg,6.0,strip,113.28,False
10969,Amcid Syrup,101,1330,syrup,200mg,170.0,bottle,42.9,False
10970,Amy CV Dry Syrup,1,923,syrup,200mg,30.0,bottle,55.0,False
10973,Acipact-XL Tablet,16,490,tablet,100mg,10.0,strip,125.0,False
10974,Acipact-XL Tablet,23,490,tablet,100mg,10.0,strip,125.0,False
10978,Anuf 500mg Tablet,2,1782,tablet,500mg,6.0,strip,147.0,False
10979,Amisant OD 400mg Tablet,222,14,tablet,400mg,10.0,strip,299.0,False
10989,Agivog M 0.3 Tablet SR,144,1102,tablet,500mg,15.0,strip,105.77,False
10990,Auguka 500 mg/125 mg Tablet,1,244,tablet,500mg,6.0,strip,229.48,False
10991,Aamin 5mg Tablet,20,1783,tablet,5mg,10.0,strip,29.43,False
10992,Azilin XL 100mg/5ml Syrup,2,174,syrup,100mg/5ml,30.0,bottle,49.71,False
10993,Acepar Syrup,16,134,syrup,50mg/5ml,60.0,bottle,38.0,False
10994,Acepar Syrup,23,134,syrup,50mg/5ml,60.0,bottle,38.0,False
10995,Analco Plus Tablet,16,638,tablet,100mg,10.0,strip,70.0,False
10996,Analco Plus Tablet,23,638,tablet,100mg,10.0,strip,70.0,False
10999,Axymin 100mg Tablet,628,287,tablet,100mg,10.0,strip,260.0,False
11003,Alarm Forte 0.5 mg/50 mg Tablet,15,775,tablet,0.5mg,10.0,strip,72.9,False
11004,Alarm Forte 0.5 mg/50 mg Tablet,150,775,tablet,0.5mg,10.0,strip,72.9,False
11005,Alarm Forte 0.5 mg/50 mg Tablet,1561,775,tablet,0.5mg,10.0,strip,72.9,False
11006,Alarm Forte 0.5 mg/50 mg Tablet,1624,775,tablet,0.5mg,10.0,strip,72.9,False
11011,Atral 500mg Tablet,2,818,tablet,500mg,3.0,strip,54.0,False
11015,Azexia 500mg Tablet,2,496,tablet,500mg,10.0,strip,108.3,False
11016,Appemor Syrup,48,713,syrup,2mg,200.0,bottle,110.0,False
11017,Aceplee-P Tablet,16,682,tablet,100mg,10.0,strip,42.0,False
11018,Aceplee-P Tablet,23,682,tablet,100mg,10.0,strip,42.0,False
11019,Acnomycin 100 Capsule,628,1467,capsule,100mg,10.0,strip,386.5,False
11020,Atorniz 10mg Tablet,33,52,tablet,10mg,10.0,strip,61.6,False
11021,Atorniz 10mg Tablet,1502,52,tablet,10mg,10.0,strip,61.6,False
11022,Atorniz 10mg Tablet,1755,52,tablet,10mg,10.0,strip,61.6,False
11023,Atarol Tablet MD,203,1001,tablet,10mg,10.0,strip,44.9,False
11024,Atarol Tablet MD,605,1001,tablet,10mg,10.0,strip,44.9,False
11028,Aclosung-P Tablet,16,1788,tablet,100mg,10.0,strip,45.0,False
11029,Aclosung-P Tablet,23,1788,tablet,100mg,10.0,strip,45.0,False
11030,Albetop-Plus Tablet,113,1789,tablet,6mg,1.0,strip,22.0,False
11031,AMAT 5MG/10MG TABLET,20,5,tablet,5mg,10.0,strip,40.0,False
11032,Alminth Plus Tablet,113,11,tablet,6mg,10.0,strip,15.25,False
11033,AM Slim 120mg Capsule,629,375,capsule,120mg,10.0,strip,450.0,False
11035,Aqualac Syrup,602,13,syrup,,100.0,bottle,90.0,False
11036,Alstat 500mg Tablet,630,74,tablet,500mg,10.0,strip,262.0,False
11037,Asthavent-BR Syrup,14,1790,syrup,2mg,100.0,bottle,27.4,False
11038,Asthavent-BR Syrup,497,1790,syrup,2mg,100.0,bottle,27.4,False
11039,Asthavent-BR Syrup,1172,1790,syrup,2mg,100.0,bottle,27.4,False
11040,Amcet Cold 5 mg/60 mg Tablet,52,19,tablet,5mg,10.0,strip,49.0,False
11050,Afix AZ 200mg/250mg Tablet,183,194,tablet,200mg,10.0,strip,250.0,False
11051,Acetro S 100mg/325mg/15mg Tablet,16,1795,tablet,100mg,10.0,strip,80.0,False
11052,Acetro S 100mg/325mg/15mg Tablet,23,1795,tablet,100mg,10.0,strip,80.0,False
11056,Anastronat 1mg Tablet,115,56,tablet,1mg,10.0,strip,400.0,False
11058,Axaril-DX Syrup,8,1757,syrup,5mg/5ml,100.0,bottle,74.7,False
11059,Axaril-DX Syrup,10,1757,syrup,5mg/5ml,100.0,bottle,74.7,False
11060,Axaril-DX Syrup,301,1757,syrup,5mg/5ml,100.0,bottle,74.7,False
11061,Axaril-DX Syrup,1251,1757,syrup,5mg/5ml,100.0,bottle,74.7,False
11062,Axaril-DX Syrup,1508,1757,syrup,5mg/5ml,100.0,bottle,74.7,False
11063,Ampar Tablet,20,1354,tablet,5mg,10.0,strip,28.0,False
11066,Acynac SP 100mg/325mg/15mg Tablet,16,619,tablet,100mg,10.0,strip,69.0,False
11067,Acynac SP 100mg/325mg/15mg Tablet,23,619,tablet,100mg,10.0,strip,69.0,False
11068,Azadual 100mg Injection,278,248,injection,100mg,,,3900.0,False
11069,Acirid 1.53gm Syrup,22,1777,syrup,1.53gm,100.0,bottle,65.0,False
11071,Anxiclo 0.25mg Tablet MD,175,1563,tablet,0.25mg,10.0,strip,10.0,False
11072,Anxiclo 0.25mg Tablet MD,179,1563,tablet,0.25mg,10.0,strip,10.0,False
11073,Augmed 250 mg/125 mg Tablet,1,142,tablet,250mg,6.0,strip,165.72,False
11074,Amlonis H Tablet,145,273,tablet,50mg,10.0,strip,89.0,False
11075,Aztrone 500mg Injection,205,104,injection,500mg,,,469.0,False
11076,Ampilox 250 mg/250 mg Injection,53,35,injection,250mg,,,19.0,False
11083,Atenova 25 Tablet,79,19,tablet,25mg,14.0,strip,29.5,False
11089,Acikinz-T Tablet,16,1560,tablet,100mg,10.0,strip,165.0,False
11090,Acikinz-T Tablet,23,1560,tablet,100mg,10.0,strip,165.0,False
11091,Alsigra 25mg Tablet,77,2,tablet,25mg,4.0,strip,48.0,False
11094,Acefan SP 100mg/325mg/15mg Tablet,16,957,tablet,100mg,10.0,strip,72.0,False
11095,Acefan SP 100mg/325mg/15mg Tablet,23,957,tablet,100mg,10.0,strip,72.0,False
11100,Accuzon Plus 250 mg/125 mg Injection,241,33,injection,250mg,,,51.0,False
11101,Allerhin D Plus Syrup,3,411,syrup,15mg/5ml,60.0,bottle,39.6,False
11102,Allerhin D Plus Syrup,49,411,syrup,15mg/5ml,60.0,bottle,39.6,False
11103,Allerhin D Plus Syrup,73,411,syrup,15mg/5ml,60.0,bottle,39.6,False
11104,Allerhin D Plus Syrup,743,411,syrup,15mg/5ml,60.0,bottle,39.6,False
11105,Alprop 0.25 mg/20 mg Tablet,15,360,tablet,0.25mg,10.0,strip,18.0,False
11106,Alprop 0.25 mg/20 mg Tablet,150,360,tablet,0.25mg,10.0,strip,18.0,False
11107,Alprop 0.25 mg/20 mg Tablet,1561,360,tablet,0.25mg,10.0,strip,18.0,False
11108,Alprop 0.25 mg/20 mg Tablet,1624,360,tablet,0.25mg,10.0,strip,18.0,False
11109,Aurocef 500mg Capsule,443,45,capsule,500mg,10.0,strip,55.96,False
11110,AM AT 5 mg/50 mg Tablet,20,1252,tablet,5mg,10.0,strip,20.0,False
11111,Aztreo 500mg Injection,205,21,injection,500mg,,,343.9,False
11113,Azitec 250mg Tablet,2,267,tablet,250mg,6.0,strip,68.0,False
11114,Almox C Plus Tablet,1,15,tablet,250mg,10.0,strip,85.0,False
11115,Aziral 500mg Tablet,2,751,tablet,500mg,10.0,strip,226.56,False
11117,AC ZAN P Tablet,16,1802,tablet,100mg,10.0,strip,40.0,False
11118,AC ZAN P Tablet,23,1802,tablet,100mg,10.0,strip,40.0,False
11122,Azipress 40mg Tablet,146,697,tablet,40mg,10.0,strip,70.0,False
11123,Adpaxil 260mg/43.4ml Injection,493,368,injection,6mg/ml,4.0,ml,10100.0,False
11124,Andoxy 100mg Injection,298,1804,injection,100mg,,,89.0,False
11125,Acutaz 1000mg/125mg Injection,631,1385,injection,1000mg,,,170.0,False
11126,Afix SB 200mg/150mg Tablet,183,194,tablet,200mg,10.0,strip,350.0,False
11132,Ainavent PD Syrup,587,1807,syrup,50mg/5ml,100.0,bottle,50.0,False
11133,Aceliv-TH Tablet,16,761,tablet,100mg,10.0,strip,185.0,False
11134,Aceliv-TH Tablet,23,761,tablet,100mg,10.0,strip,185.0,False
11135,Adriamycin 10mg Injection,233,14,injection,10mg,5.0,ml,413.33,False
11136,Atormax 10mg Tablet,33,142,tablet,10mg,10.0,strip,58.57,False
11137,Atormax 10mg Tablet,1502,142,tablet,10mg,10.0,strip,58.57,False
11138,Atormax 10mg Tablet,1755,142,tablet,10mg,10.0,strip,58.57,False
11139,Adexim 500mg Tablet,147,374,tablet,500mg,10.0,strip,371.87,False
11140,Amlogard Met 2.5mg/25mg Tablet,20,14,tablet,2.5mg,10.0,strip,52.37,False
11141,Ache P 100 mg/500 mg Tablet,16,1808,tablet,100mg,10.0,strip,27.61,False
11142,Ache P 100 mg/500 mg Tablet,23,1808,tablet,100mg,10.0,strip,27.61,False
11144,Atria 10mg Tablet,33,1576,tablet,10mg,10.0,strip,49.0,False
11145,Atria 10mg Tablet,1502,1576,tablet,10mg,10.0,strip,49.0,False
11146,Atria 10mg Tablet,1755,1576,tablet,10mg,10.0,strip,49.0,False
11148,Anten 50mg Tablet,79,434,tablet,50mg,10.0,strip,10.0,False
11149,Asthagrip 200 SR Tablet,28,366,tablet,200mg,10.0,strip,175.8,False
11150,Asthagrip 200 SR Tablet,1297,366,tablet,200mg,10.0,strip,175.8,False
11151,Asthagrip 200 SR Tablet,1553,366,tablet,200mg,10.0,strip,175.8,False
11152,Azinext 500mg Tablet,2,191,tablet,500mg,3.0,strip,68.67,False
11153,Aziter 250mg Tablet,2,96,tablet,250mg,3.0,strip,34.36,False
11154,Axirab DSR Capsule,18,172,capsule,30mg,10.0,strip,38.0,False
11155,Axirab DSR Capsule,302,172,capsule,30mg,10.0,strip,38.0,False
11156,Axirab DSR Capsule,558,172,capsule,30mg,10.0,strip,38.0,False
11158,Azitom 100mg Oral Drops,2,39,drops,100mg,15.0,bottle,26.8,False
11159,Amolox 500mg Capsule,1,1810,capsule,500mg,10.0,strip,70.75,False
11160,Agclo-NC Ear Drop,553,1218,drops,,5.0,bottle,80.15,False
11161,Agclo-NC Ear Drop,1072,1218,drops,,5.0,bottle,80.15,False
11163,Azvas CV 10mg/75mg Capsule,33,257,capsule,10mg,10.0,strip,54.9,False
11164,Azvas CV 10mg/75mg Capsule,1502,257,capsule,10mg,10.0,strip,54.9,False
11165,Azvas CV 10mg/75mg Capsule,1755,257,capsule,10mg,10.0,strip,54.9,False
11166,Alzox MR 250mg/50mg/500mg Tablet,329,1811,tablet,250mg,10.0,strip,40.0,False
11167,Alzox MR 250mg/50mg/500mg Tablet,1392,1811,tablet,250mg,10.0,strip,40.0,False
11168,Anxirid-T Tablet,321,612,tablet,10mg,10.0,strip,38.0,False
11171,Alinfec 250mg Injection,38,5,injection,250mg,2.0,ml,30.08,False
11172,Api 20mg Tablet,289,824,tablet,20mg,10.0,strip,38.46,False
11173,Azitec 250mg Injection,2,267,injection,250mg,1.0,ml,193.7,False
11175,Amlogold 5mg Tablet,20,367,tablet,5mg,10.0,strip,25.5,False
11178,Afexdine 120mg Tablet,4,368,tablet,120mg,10.0,strip,61.97,False
11182,Amoten 25mg Tablet,35,17,tablet,25mg,10.0,strip,28.5,False
11183,Amoten 25mg Tablet,136,17,tablet,25mg,10.0,strip,28.5,False
11184,Anxitol 0.5mg Tablet,153,478,tablet,0.5mg,10.0,strip,40.0,False
11185,Anxitol 0.5mg Tablet,486,478,tablet,0.5mg,10.0,strip,40.0,False
11186,Afcid-SR Capsule,18,1517,capsule,30mg,10.0,strip,95.0,False
11187,Afcid-SR Capsule,302,1517,capsule,30mg,10.0,strip,95.0,False
11188,Afcid-SR Capsule,558,1517,capsule,30mg,10.0,strip,95.0,False
11189,A Pred 20mg Tablet,322,312,tablet,20mg,10.0,strip,24.0,False
11190,Abijem-DSR Capsule,18,1816,capsule,30mg,10.0,strip,109.0,False
11191,Abijem-DSR Capsule,302,1816,capsule,30mg,10.0,strip,109.0,False
11192,Abijem-DSR Capsule,558,1816,capsule,30mg,10.0,strip,109.0,False
11193,Aldezol DF Syrup,269,74,syrup,100mg,60.0,bottle,11.94,False
11194,Acinist SP 100mg/325mg/15mg Tablet,16,1817,tablet,100mg,10.0,strip,83.5,False
11195,Acinist SP 100mg/325mg/15mg Tablet,23,1817,tablet,100mg,10.0,strip,83.5,False
11197,Amlocef 500mg Tablet,147,1300,tablet,500mg,10.0,strip,490.0,False
11198,Aginac-P Tablet,16,1626,tablet,100mg,10.0,strip,45.0,False
11199,Aginac-P Tablet,23,1626,tablet,100mg,10.0,strip,45.0,False
11200,Atspas Tablet,178,1647,tablet,10mg,10.0,strip,40.0,False
11201,Atspas Tablet,291,1647,tablet,10mg,10.0,strip,40.0,False
11202,Atspas Tablet,310,1647,tablet,10mg,10.0,strip,40.0,False
11204,Azilid 500mg Tablet,2,399,tablet,500mg,3.0,strip,75.0,False
11205,Aviflam 100 mg/500 mg Tablet,16,1367,tablet,100mg,10.0,strip,28.65,False
11206,Aviflam 100 mg/500 mg Tablet,23,1367,tablet,100mg,10.0,strip,28.65,False
11208,Allervict M 5mg/10mg Tablet,94,1240,tablet,5mg,10.0,strip,89.0,False
11211,Acenate MR Tablet,16,836,tablet,100mg,10.0,strip,70.0,False
11212,Acenate MR Tablet,23,836,tablet,100mg,10.0,strip,70.0,False
11213,Arox 150mg Tablet,431,1079,tablet,150mg,10.0,strip,70.0,False
11214,Aller B 0.5mg Tablet,345,1821,tablet,0.5mg,10.0,strip,4.3,False
11215,Acezol MR Tablet,16,1041,tablet,100mg,10.0,strip,60.0,False
11216,Acezol MR Tablet,23,1041,tablet,100mg,10.0,strip,60.0,False
11217,Afixim 200mg Tablet,183,1373,tablet,200mg,10.0,strip,139.5,False
11218,Alervin 10mg Tablet,52,1790,tablet,10mg,20.0,strip,27.2,False
11219,Augduo 625 Tablet,1,827,tablet,500mg,10.0,strip,200.58,False
11220,Arbozil 40 Tablet,146,57,tablet,40mg,10.0,strip,167.85,False
11221,Azirocin 250 Tablet,2,1822,tablet,250mg,6.0,strip,56.0,False
11224,Avol 100 mg/500 mg Tablet,16,260,tablet,100mg,10.0,strip,32.5,False
11225,Avol 100 mg/500 mg Tablet,23,260,tablet,100mg,10.0,strip,32.5,False
11228,Acer 250mg Tablet,425,1083,tablet,250mg,10.0,strip,33.0,False
11229,Acetate T 100mg/4mg Tablet,16,577,tablet,100mg,10.0,strip,180.0,False
11230,Acetate T 100mg/4mg Tablet,23,577,tablet,100mg,10.0,strip,180.0,False
11231,Auglife 625 Tablet,1,637,tablet,500mg,6.0,strip,113.29,False
11232,Acecold Syrup,52,1331,syrup,2.5mg/5ml,100.0,bottle,53.0,False
11233,Altoxim-LB DT Tablet,183,1218,tablet,200mg,10.0,strip,140.0,False
11234,Ausric 100 Tablet,479,39,tablet,100mg,10.0,strip,20.83,False
11240,Amlo L 5 mg/5 mg Tablet,20,176,tablet,5mg,10.0,strip,54.0,False
11241,Azotum 2gm Injection,205,1536,injection,2gm,,,846.15,False
11243,Abflox O 200mg/500mg Tablet,89,1121,tablet,200mg,10.0,strip,82.5,False
11244,Abflox O 200mg/500mg Tablet,436,1121,tablet,200mg,10.0,strip,82.5,False
11245,Alto 200mg Tablet SR,16,481,tablet,200mg,10.0,strip,40.0,False
11246,Alto 200mg Tablet SR,23,481,tablet,200mg,10.0,strip,40.0,False
11247,Alikast FX 10mg/120mg Tablet,6,499,tablet,10mg,10.0,strip,160.0,False
11248,Alikast FX 10mg/120mg Tablet,521,499,tablet,10mg,10.0,strip,160.0,False
11254,Actlm Tablet,94,250,tablet,5mg,10.0,strip,127.58,False
11260,Acnec Zen 50 mg/10 mg Tablet,247,571,tablet,50mg,10.0,strip,53.55,False
11261,Acnec Zen 50 mg/10 mg Tablet,759,571,tablet,50mg,10.0,strip,53.55,False
11262,Ariphrenz 15mg Tablet,91,15,tablet,15mg,10.0,strip,184.0,False
11266,Axocare Tablet,88,1168,tablet,,10.0,strip,119.0,False
11267,Atvast 10mg Tablet,33,463,tablet,10mg,10.0,strip,46.42,False
11268,Atvast 10mg Tablet,1502,463,tablet,10mg,10.0,strip,46.42,False
11269,Atvast 10mg Tablet,1755,463,tablet,10mg,10.0,strip,46.42,False
11270,Abritiga 250mg Tablet,231,287,tablet,250mg,120.0,units,59990.0,False
11274,Acent 200mg Tablet SR,16,375,tablet,200mg,10.0,strip,40.56,False
11275,Acent 200mg Tablet SR,23,375,tablet,200mg,10.0,strip,40.56,False
11278,Acedee SP 100mg/325mg/15mg Tablet,16,1804,tablet,100mg,10.0,strip,80.0,False
11279,Acedee SP 100mg/325mg/15mg Tablet,23,1804,tablet,100mg,10.0,strip,80.0,False
11280,Acelic-TH4 Tablet,16,1153,tablet,100mg,10.0,strip,160.0,False
11281,Acelic-TH4 Tablet,23,1153,tablet,100mg,10.0,strip,160.0,False
11282,Aceclonac SP 100mg/325mg/10mg Tablet,16,584,tablet,100mg,10.0,strip,75.0,False
11283,Aceclonac SP 100mg/325mg/10mg Tablet,23,584,tablet,100mg,10.0,strip,75.0,False
11286,Atenopress 25mg Tablet,79,35,tablet,25mg,14.0,strip,3.43,False
11287,Aldepraz D Capsule SR,18,478,capsule,,10.0,strip,110.0,False
11288,Aldepraz D Capsule SR,302,478,capsule,,10.0,strip,110.0,False
11289,Aldepraz D Capsule SR,558,478,capsule,,10.0,strip,110.0,False
11291,Acrofen SP Tablet,16,312,tablet,,10.0,strip,62.35,False
11292,Acrofen SP Tablet,23,312,tablet,,10.0,strip,62.35,False
11293,Acemol S 100 mg/500 mg/15 mg Tablet,16,270,tablet,100mg,10.0,strip,49.83,False
11294,Acemol S 100 mg/500 mg/15 mg Tablet,23,270,tablet,100mg,10.0,strip,49.83,False
11295,Axel P 100mg/500mg Tablet,16,968,tablet,100mg,10.0,strip,31.0,False
11296,Axel P 100mg/500mg Tablet,23,968,tablet,100mg,10.0,strip,31.0,False
11297,Aceleo SP Tablet,16,845,tablet,100mg,10.0,strip,80.0,False
11298,Aceleo SP Tablet,23,845,tablet,100mg,10.0,strip,80.0,False
11303,AB AT Injection,452,287,injection,,2.0,ml,69.0,False
11304,Amirise 10mg Tablet,35,1828,tablet,10mg,10.0,strip,12.0,False
11305,Amirise 10mg Tablet,136,1828,tablet,10mg,10.0,strip,12.0,False
11306,Amitwix 10mg Tablet,35,1829,tablet,10mg,10.0,strip,18.0,False
11307,Amitwix 10mg Tablet,136,1829,tablet,10mg,10.0,strip,18.0,False
11308,Anziolet A 75mg/75mg Tablet,132,63,tablet,75mg,15.0,strip,69.0,False
11309,Anziolet A 75mg/75mg Tablet,1166,63,tablet,75mg,15.0,strip,69.0,False
11310,Anziolet A 75mg/75mg Tablet,1537,63,tablet,75mg,15.0,strip,69.0,False
11311,Anziolet A 75mg/75mg Tablet,1670,63,tablet,75mg,15.0,strip,69.0,False
11313,Alencef LB 200mg Tablet DT,183,503,tablet,200mg,10.0,strip,125.0,False
11318,Alzocept 5mg Tablet,116,524,tablet,5mg,10.0,strip,98.0,False
11319,Acpro-SP Tablet,16,1592,tablet,100mg,10.0,strip,95.0,False
11320,Acpro-SP Tablet,23,1592,tablet,100mg,10.0,strip,95.0,False
11321,Alvirab-DSR Capsule,18,1312,capsule,30mg,10.0,strip,86.0,False
11322,Alvirab-DSR Capsule,302,1312,capsule,30mg,10.0,strip,86.0,False
11323,Alvirab-DSR Capsule,558,1312,capsule,30mg,10.0,strip,86.0,False
11324,Apicyp Syrup,48,910,syrup,2mg,200.0,bottle,86.0,False
11325,Aclobet-SP Tablet,16,1832,tablet,100mg,10.0,strip,78.0,False
11326,Aclobet-SP Tablet,23,1832,tablet,100mg,10.0,strip,78.0,False
11328,Apolar M 75 Capsule,88,524,capsule,,10.0,strip,126.0,False
11331,Aspo 150 Tablet,132,130,tablet,150mg,14.0,strip,7.98,False
11332,Aspo 150 Tablet,1166,130,tablet,150mg,14.0,strip,7.98,False
11333,Aspo 150 Tablet,1537,130,tablet,150mg,14.0,strip,7.98,False
11334,Aspo 150 Tablet,1670,130,tablet,150mg,14.0,strip,7.98,False
11335,Atoril 10mg Tablet,33,45,tablet,10mg,10.0,strip,60.95,False
11336,Atoril 10mg Tablet,1502,45,tablet,10mg,10.0,strip,60.95,False
11337,Atoril 10mg Tablet,1755,45,tablet,10mg,10.0,strip,60.95,False
11340,Azistatic 500mg Tablet,2,174,tablet,500mg,3.0,strip,57.2,False
11341,Atrapure 50mg Injection,239,20,injection,50mg,5.0,ml,273.62,False
11343,Amibex TZ 400mg/600mg Tablet,313,61,tablet,400mg,10.0,strip,26.25,False
11344,Amibex TZ 400mg/600mg Tablet,738,61,tablet,400mg,10.0,strip,26.25,False
11347,Atenrite AD 5mg/50mg Tablet,20,1096,tablet,5mg,10.0,strip,30.0,False
11348,Alnacob P Capsule,88,454,capsule,,10.0,strip,145.0,False
11349,Alcofast 500mg Tablet,137,1289,tablet,500mg,10.0,strip,129.0,False
11350,Antagon D 10mg/40mg Tablet,18,835,tablet,10mg,10.0,strip,70.0,False
11351,Antagon D 10mg/40mg Tablet,302,835,tablet,10mg,10.0,strip,70.0,False
11352,Antagon D 10mg/40mg Tablet,558,835,tablet,10mg,10.0,strip,70.0,False
11353,Alcef 1000mg Injection,241,628,injection,1000mg,,,74.0,False
11354,Azitox 250 Tablet,2,1835,tablet,250mg,6.0,strip,71.0,False
11355,Alenzer-P Tablet,16,1836,tablet,100mg,10.0,strip,29.0,False
11356,Alenzer-P Tablet,23,1836,tablet,100mg,10.0,strip,29.0,False
11357,Aphyline 100mg Capsule,28,722,capsule,100mg,10.0,strip,123.2,False
11358,Aphyline 100mg Capsule,1297,722,capsule,100mg,10.0,strip,123.2,False
11359,Aphyline 100mg Capsule,1553,722,capsule,100mg,10.0,strip,123.2,False
11360,Aciana SP 100mg/325mg/15mg Tablet,16,192,tablet,100mg,10.0,strip,75.0,False
11361,Aciana SP 100mg/325mg/15mg Tablet,23,192,tablet,100mg,10.0,strip,75.0,False
11364,Appicet Syrup,48,1838,syrup,2mg/5ml,200.0,bottle,82.0,False
11365,Astopan D 30mg/40mg Capsule SR,18,1478,capsule,30mg,10.0,strip,90.0,False
11366,Astopan D 30mg/40mg Capsule SR,302,1478,capsule,30mg,10.0,strip,90.0,False
11367,Astopan D 30mg/40mg Capsule SR,558,1478,capsule,30mg,10.0,strip,90.0,False
11373,Agclo-AC Ear Drop,31,1218,drops,,5.0,bottle,70.15,False
11374,Agclo-AC Ear Drop,174,1218,drops,,5.0,bottle,70.15,False
11376,Asdale-SP Tablet,16,1841,tablet,100mg,10.0,strip,90.0,False
11377,Asdale-SP Tablet,23,1841,tablet,100mg,10.0,strip,90.0,False
11378,Aslor 16mg Tablet SR,516,396,tablet,16mg,10.0,strip,119.0,False
11379,Aslor 16mg Tablet SR,632,396,tablet,16mg,10.0,strip,119.0,False
11380,Alleto-FM Tablet,6,916,tablet,10mg,10.0,strip,138.0,False
11381,Alleto-FM Tablet,521,916,tablet,10mg,10.0,strip,138.0,False
11385,Actinac MR 100mg/325mg/250mg Tablet,16,49,tablet,100mg,10.0,strip,78.5,False
11386,Actinac MR 100mg/325mg/250mg Tablet,23,49,tablet,100mg,10.0,strip,78.5,False
11387,Azeewah XL 250mg/200mg Tablet,183,556,tablet,200mg,10.0,strip,260.0,False
11388,Acarsafe 25mg Tablet,385,35,tablet,25mg,10.0,strip,78.3,False
11389,Acarsafe 25mg Tablet,721,35,tablet,25mg,10.0,strip,78.3,False
11390,Actovis-PG Capsule,88,561,capsule,,10.0,strip,135.0,False
11391,Ampine TMT Tablet,83,680,tablet,40mg,10.0,strip,61.34,False
11392,Acobal-OD 1500 Injection,88,815,injection,,2.0,ml,35.0,False
11394,Amirex 100mg Tablet,222,1131,tablet,100mg,10.0,strip,95.0,False
11395,Alifix OX 200mg/200mg Tablet,183,499,tablet,200mg,10.0,strip,120.0,False
11397,Acutap 50mg Tablet,467,663,tablet,50mg,10.0,strip,99.0,False
11398,Acutap 50mg Tablet,1540,663,tablet,50mg,10.0,strip,99.0,False
11399,Atipam 1mg Tablet,17,61,tablet,1mg,10.0,strip,15.58,False
11402,Acevan-P Tablet,16,1844,tablet,100mg,10.0,strip,43.0,False
11403,Acevan-P Tablet,23,1844,tablet,100mg,10.0,strip,43.0,False
11404,Ambrovin Syrup,3,713,syrup,15mg/5ml,100.0,bottle,60.0,False
11405,Ambrovin Syrup,49,713,syrup,15mg/5ml,100.0,bottle,60.0,False
11406,Ambrovin Syrup,73,713,syrup,15mg/5ml,100.0,bottle,60.0,False
11407,Ambrovin Syrup,743,713,syrup,15mg/5ml,100.0,bottle,60.0,False
11408,Atoran 10mg Tablet,33,1258,tablet,10mg,10.0,strip,59.0,False
11409,Atoran 10mg Tablet,1502,1258,tablet,10mg,10.0,strip,59.0,False
11410,Atoran 10mg Tablet,1755,1258,tablet,10mg,10.0,strip,59.0,False
11411,Acevno-Plus Tablet,16,667,tablet,100mg,10.0,strip,42.0,False
11412,Acevno-Plus Tablet,23,667,tablet,100mg,10.0,strip,42.0,False
11413,Atrest 25mg Tablet,7,1448,tablet,25mg,15.0,strip,52.0,False
11414,Azjoy Plus 0.5mg/5mg Tablet,175,257,tablet,0.5mg,10.0,strip,69.0,False
11415,Azjoy Plus 0.5mg/5mg Tablet,179,257,tablet,0.5mg,10.0,strip,69.0,False
11416,Apriglim 1 Tablet,41,254,tablet,1mg,15.0,strip,65.05,False
11417,Acenip-MR Tablet,16,291,tablet,100mg,10.0,strip,60.0,False
11418,Acenip-MR Tablet,23,291,tablet,100mg,10.0,strip,60.0,False
11419,Ascolix LS Syrup,3,117,syrup,30mg/5ml,100.0,bottle,95.0,False
11420,Ascolix LS Syrup,49,117,syrup,30mg/5ml,100.0,bottle,95.0,False
11421,Ascolix LS Syrup,73,117,syrup,30mg/5ml,100.0,bottle,95.0,False
11422,Ascolix LS Syrup,743,117,syrup,30mg/5ml,100.0,bottle,95.0,False
11423,Avpred 4mg Tablet,420,505,tablet,4mg,10.0,strip,65.0,False
11424,Acirab L 75mg/20mg Capsule SR,288,379,capsule,75mg,10.0,strip,170.0,False
11425,Acirab L 75mg/20mg Capsule SR,641,379,capsule,75mg,10.0,strip,170.0,False
11426,Aroff 200mg Tablet SR,16,11,tablet,200mg,10.0,strip,59.29,False
11427,Aroff 200mg Tablet SR,23,11,tablet,200mg,10.0,strip,59.29,False
11430,Aclotaz P 100 mg/500 mg Tablet,16,1455,tablet,100mg,10.0,strip,34.65,False
11431,Aclotaz P 100 mg/500 mg Tablet,23,1455,tablet,100mg,10.0,strip,34.65,False
11432,Angionox 40mg Injection,556,21,injection,40mg,4.0,ml,431.76,False
11433,Aripat 15mg Tablet MD,91,1197,tablet,15mg,10.0,strip,102.53,False
11434,AMD 5MG TABLET,20,287,tablet,5mg,15.0,strip,22.5,False
11435,Actispas Plus Tablet,178,1279,tablet,20mg,10.0,strip,9.6,False
11436,Actispas Plus Tablet,291,1279,tablet,20mg,10.0,strip,9.6,False
11437,Actispas Plus Tablet,310,1279,tablet,20mg,10.0,strip,9.6,False
11438,Aziman 500mg Tablet,2,345,tablet,500mg,10.0,strip,250.0,False
11439,Acrimol MR Tablet,16,455,tablet,100mg,10.0,strip,70.0,False
11440,Acrimol MR Tablet,23,455,tablet,100mg,10.0,strip,70.0,False
11441,Aceprime-T Tablet,16,546,tablet,100mg,10.0,strip,139.0,False
11442,Aceprime-T Tablet,23,546,tablet,100mg,10.0,strip,139.0,False
11443,Arolin-XN Syrup,3,1846,syrup,15mg,60.0,bottle,30.0,False
11444,Arolin-XN Syrup,49,1846,syrup,15mg,60.0,bottle,30.0,False
11445,Arolin-XN Syrup,73,1846,syrup,15mg,60.0,bottle,30.0,False
11446,Arolin-XN Syrup,743,1846,syrup,15mg,60.0,bottle,30.0,False
11448,Apmol 650mg Tablet,60,1847,tablet,650mg,10.0,strip,20.0,False
11449,Apmol 650mg Tablet,764,1847,tablet,650mg,10.0,strip,20.0,False
11451,Azidoz 250mg Tablet,2,1050,tablet,250mg,6.0,strip,64.0,False
11456,Appe Syrup,48,1848,syrup,2mg,200.0,bottle,79.0,False
11457,Aciclon-SP Tablet,16,1519,tablet,100mg,10.0,strip,90.0,False
11458,Aciclon-SP Tablet,23,1519,tablet,100mg,10.0,strip,90.0,False
11459,Acenox SP 100mg/500mg/15mg Tablet,16,1396,tablet,100mg,10.0,strip,76.0,False
11460,Acenox SP 100mg/500mg/15mg Tablet,23,1396,tablet,100mg,10.0,strip,76.0,False
11461,Amytum 500mg Tablet,147,39,tablet,500mg,4.0,strip,331.0,False
11462,Asolac Syrup,365,679,syrup,5mg/5ml,100.0,bottle,68.0,False
11463,Acetica-P Tablet,16,1573,tablet,100mg,10.0,strip,45.0,False
11464,Acetica-P Tablet,23,1573,tablet,100mg,10.0,strip,45.0,False
11465,Agt-Plus Syrup,3,494,syrup,15mg/5ml,100.0,bottle,75.0,False
11466,Agt-Plus Syrup,49,494,syrup,15mg/5ml,100.0,bottle,75.0,False
11467,Agt-Plus Syrup,73,494,syrup,15mg/5ml,100.0,bottle,75.0,False
11468,Agt-Plus Syrup,743,494,syrup,15mg/5ml,100.0,bottle,75.0,False
11470,Arowin-CV Tablet,1,915,tablet,200mg,10.0,strip,102.4,False
11471,Astin D 10 Tablet,33,24,tablet,10mg,10.0,strip,118.0,False
11472,Astin D 10 Tablet,1502,24,tablet,10mg,10.0,strip,118.0,False
11473,Astin D 10 Tablet,1755,24,tablet,10mg,10.0,strip,118.0,False
11474,Albicobal G 300mg/500mcg Tablet,199,728,tablet,300mg,10.0,strip,110.0,False
11475,Albicobal G 300mg/500mcg Tablet,284,728,tablet,300mg,10.0,strip,110.0,False
11476,Albicobal G 300mg/500mcg Tablet,1122,728,tablet,300mg,10.0,strip,110.0,False
11477,Azimo 500mg Tablet,2,355,tablet,500mg,6.0,strip,156.52,False
11478,Actoflox OR 200mg/500mg Tablet,89,544,tablet,200mg,10.0,strip,88.0,False
11479,Actoflox OR 200mg/500mg Tablet,436,544,tablet,200mg,10.0,strip,88.0,False
11480,Anthel 400mg Tablet,13,174,tablet,400mg,1.0,strip,10.4,False
11481,Acekare SP Tablet,16,929,tablet,100mg,10.0,strip,70.0,False
11482,Acekare SP Tablet,23,929,tablet,100mg,10.0,strip,70.0,False
11484,Amlomet 5mg/50mg Tablet,20,116,tablet,5mg,10.0,strip,59.0,False
11488,Axone SB 1000mg/500mg Injection,241,8,injection,1000mg,,,188.0,False
11491,Aciril R 200mg/20mg Capsule,16,1851,capsule,200mg,10.0,strip,65.0,False
11492,Aciril R 200mg/20mg Capsule,23,1851,capsule,200mg,10.0,strip,65.0,False
11493,Anshicet 5mg Tablet,94,616,tablet,5mg,10.0,strip,38.5,False
11494,Aziliv 250mg/250mg Tablet,159,1760,tablet,250mg,10.0,strip,180.0,False
11495,Aziliv 250mg/250mg Tablet,451,1760,tablet,250mg,10.0,strip,180.0,False
11499,Aceliv MR Tablet,16,761,tablet,100mg,10.0,strip,78.0,False
11500,Aceliv MR Tablet,23,761,tablet,100mg,10.0,strip,78.0,False
11501,Aureum Tablet,247,1621,tablet,50mg,10.0,strip,59.0,False
11502,Aureum Tablet,759,1621,tablet,50mg,10.0,strip,59.0,False
11503,Aclozest TA 100mg/325mg/37.5mg Tablet,16,373,tablet,100mg,10.0,strip,95.0,False
11504,Aclozest TA 100mg/325mg/37.5mg Tablet,23,373,tablet,100mg,10.0,strip,95.0,False
11509,Acicloflex 100mg Tablet,16,341,tablet,100mg,10.0,strip,28.0,False
11510,Acicloflex 100mg Tablet,23,341,tablet,100mg,10.0,strip,28.0,False
11514,Aclova-MR Tablet,16,376,tablet,100mg,10.0,strip,65.0,False
11515,Aclova-MR Tablet,23,376,tablet,100mg,10.0,strip,65.0,False
11516,Azm 500mg Tablet,2,194,tablet,500mg,3.0,strip,79.0,False
11517,Azibig 500mg Tablet,2,428,tablet,500mg,3.0,strip,64.0,False
11524,Aziphar 500mg Tablet,2,710,tablet,500mg,3.0,strip,56.16,False
11527,Amifine 10mg Tablet,35,1854,tablet,10mg,10.0,strip,19.0,False
11528,Amifine 10mg Tablet,136,1854,tablet,10mg,10.0,strip,19.0,False
11531,Algin SP 100mg/325mg/15mg Tablet,16,96,tablet,100mg,10.0,strip,65.0,False
11532,Algin SP 100mg/325mg/15mg Tablet,23,96,tablet,100mg,10.0,strip,65.0,False
11536,Allezo 5mg Tablet,94,1856,tablet,5mg,10.0,strip,35.0,False
11537,Aclorax P 100mg/325mg Tablet,16,1857,tablet,100mg,10.0,strip,29.9,False
11538,Aclorax P 100mg/325mg Tablet,23,1857,tablet,100mg,10.0,strip,29.9,False
11539,Axotil 750 Injection,147,1092,injection,750mg,,,110.0,False
11540,Atiza 10mg Tablet,94,1138,tablet,10mg,10.0,strip,57.0,False
11541,Artiflex SP 100mg/325mg/15mg Tablet,16,3,tablet,100mg,10.0,strip,120.0,False
11542,Artiflex SP 100mg/325mg/15mg Tablet,23,3,tablet,100mg,10.0,strip,120.0,False
11546,Alvirox 500mg Tablet,147,1312,tablet,500mg,6.0,strip,324.0,False
11548,Atdom MD Tablet,18,823,tablet,10mg,10.0,strip,24.0,False
11549,Atdom MD Tablet,302,823,tablet,10mg,10.0,strip,24.0,False
11550,Atdom MD Tablet,558,823,tablet,10mg,10.0,strip,24.0,False
11551,Azitoss 500mg Tablet,2,1860,tablet,500mg,3.0,strip,56.0,False
11552,Amfiza 50mg Injection,262,3,injection,50mg,5.0,gm,7816.53,False
11554,Agrocin 250mg Tablet,29,1442,tablet,250mg,10.0,strip,11.5,False
11555,Azocin 500mg Injection,2,657,injection,500mg,,,189.0,False
11558,Anicoba 1500mcg Injection,88,648,injection,,2.0,ml,55.0,False
11559,Accufine 30mg Softgel Capsule,129,364,capsule,30mg,10.0,strip,350.0,False
11560,Acicloflex SF 100 mg/15 mg Tablet,16,341,tablet,100mg,10.0,strip,49.0,False
11561,Acicloflex SF 100 mg/15 mg Tablet,23,341,tablet,100mg,10.0,strip,49.0,False
11564,Ampilin 250mg Injection,53,143,injection,250mg,,,17.62,False
11568,Amitreat 25mg Tablet,35,645,tablet,25mg,10.0,strip,25.5,False
11569,Amitreat 25mg Tablet,136,645,tablet,25mg,10.0,strip,25.5,False
11572,Amsol 200 Tablet,222,1865,tablet,200mg,10.0,strip,173.0,False
11573,Aerocef 100mg Tablet,346,745,tablet,100mg,50.0,strip,640.0,False
11574,Aerocef 100mg Tablet,593,745,tablet,100mg,50.0,strip,640.0,False
11575,Asofyl 200 Tablet SR,28,759,tablet,200mg,10.0,strip,151.0,False
11576,Asofyl 200 Tablet SR,1297,759,tablet,200mg,10.0,strip,151.0,False
11577,Asofyl 200 Tablet SR,1553,759,tablet,200mg,10.0,strip,151.0,False
11578,Atorin 5 Tablet,33,29,tablet,5mg,10.0,strip,42.5,False
11579,Atorin 5 Tablet,1502,29,tablet,5mg,10.0,strip,42.5,False
11580,Atorin 5 Tablet,1755,29,tablet,5mg,10.0,strip,42.5,False
11581,Adside Injection,634,368,injection,100mg,5.0,ml,174.0,False
11584,Aztrohigh 500mg Injection,205,12,injection,500mg,,,480.0,False
11585,Azimerc 500mg Tablet,2,1866,tablet,500mg,3.0,strip,66.0,False
11595,Azofen 1mg Tablet,489,218,tablet,1mg,10.0,strip,16.88,False
11596,Acedil S 100mg/500mg/10mg Tablet,16,710,tablet,100mg,10.0,strip,65.1,False
11597,Acedil S 100mg/500mg/10mg Tablet,23,710,tablet,100mg,10.0,strip,65.1,False
11599,Augmentox Dry Syrup,1,125,syrup,,30.0,bottle,63.31,False
11600,Apriglim 1 Tablet,41,254,tablet,1mg,10.0,strip,36.67,False
11601,Acebromin 100mg Capsule,28,1869,capsule,100mg,10.0,strip,110.0,False
11602,Acebromin 100mg Capsule,1297,1869,capsule,100mg,10.0,strip,110.0,False
11603,Acebromin 100mg Capsule,1553,1869,capsule,100mg,10.0,strip,110.0,False
11606,Acaster 100mg Capsule,28,1084,capsule,100mg,10.0,strip,75.5,False
11607,Acaster 100mg Capsule,1297,1084,capsule,100mg,10.0,strip,75.5,False
11608,Acaster 100mg Capsule,1553,1084,capsule,100mg,10.0,strip,75.5,False
11611,Arvilet 2.5mg Tablet,379,505,tablet,2.5mg,10.0,strip,260.0,False
11613,Acenol 200mg Tablet SR,16,1655,tablet,200mg,10.0,strip,48.0,False
11614,Acenol 200mg Tablet SR,23,1655,tablet,200mg,10.0,strip,48.0,False
11615,Anmol D 10mg/325mg Tablet,18,1804,tablet,10mg,10.0,strip,49.0,False
11616,Anmol D 10mg/325mg Tablet,302,1804,tablet,10mg,10.0,strip,49.0,False
11617,Anmol D 10mg/325mg Tablet,558,1804,tablet,10mg,10.0,strip,49.0,False
11618,Azides 500mg Tablet,2,577,tablet,500mg,3.0,strip,56.1,False
11622,Alzolam 0.75mg Tablet,15,13,tablet,0.75mg,10.0,strip,18.75,False
11623,Alzolam 0.75mg Tablet,150,13,tablet,0.75mg,10.0,strip,18.75,False
11624,Alzolam 0.75mg Tablet,1561,13,tablet,0.75mg,10.0,strip,18.75,False
11625,Alzolam 0.75mg Tablet,1624,13,tablet,0.75mg,10.0,strip,18.75,False
11626,Aansoo Lubricant Eye Drop,95,1395,drops,,10.0,bottle,120.0,False
11629,Acepa P 100mg/325mg Tablet,16,1653,tablet,100mg,10.0,strip,42.0,False
11630,Acepa P 100mg/325mg Tablet,23,1653,tablet,100mg,10.0,strip,42.0,False
11633,Aristocillin 250mg Capsule,53,10,capsule,250mg,15.0,strip,11.16,False
11637,ABL 100mg Tablet,28,734,tablet,100mg,10.0,strip,100.0,False
11638,ABL 100mg Tablet,1297,734,tablet,100mg,10.0,strip,100.0,False
11639,ABL 100mg Tablet,1553,734,tablet,100mg,10.0,strip,100.0,False
11641,Azpar MR 100mg/325mg/250mg Tablet,16,600,tablet,100mg,10.0,strip,68.0,False
11642,Azpar MR 100mg/325mg/250mg Tablet,23,600,tablet,100mg,10.0,strip,68.0,False
11643,Atazis 6mg/ml Oral Drops,7,52,drops,6mg/ml,15.0,bottle,48.0,False
11646,Atorvee 40mg Tablet,33,583,tablet,40mg,10.0,strip,155.0,False
11647,Atorvee 40mg Tablet,1502,583,tablet,40mg,10.0,strip,155.0,False
11648,Atorvee 40mg Tablet,1755,583,tablet,40mg,10.0,strip,155.0,False
11652,Alvi 100mg/100mg Capsule,90,454,capsule,100mg,10.0,strip,285.71,False
11653,Alosia-SP Tablet,16,1872,tablet,100mg,10.0,strip,76.0,False
11654,Alosia-SP Tablet,23,1872,tablet,100mg,10.0,strip,76.0,False
11655,Amoxil 250 Capsule,1,870,capsule,250mg,10.0,strip,43.0,False
11656,Apache-S Tablet,16,1395,tablet,100mg,10.0,strip,90.0,False
11657,Apache-S Tablet,23,1395,tablet,100mg,10.0,strip,90.0,False
11658,Arden Plus 400 mg/500 mg Tablet,259,273,tablet,400mg,10.0,strip,7.95,False
11659,Arden Plus 400 mg/500 mg Tablet,362,273,tablet,400mg,10.0,strip,7.95,False
11660,Atocare 40mg Tablet,33,376,tablet,40mg,10.0,strip,210.6,False
11661,Atocare 40mg Tablet,1502,376,tablet,40mg,10.0,strip,210.6,False
11662,Atocare 40mg Tablet,1755,376,tablet,40mg,10.0,strip,210.6,False
11665,Anti CC Drop,60,411,drops,125mg,15.0,ml,49.5,False
11666,Anti CC Drop,764,411,drops,125mg,15.0,ml,49.5,False
11668,Acenaac Plus 100mg/325mg Tablet,16,482,tablet,100mg,10.0,strip,55.0,False
11669,Acenaac Plus 100mg/325mg Tablet,23,482,tablet,100mg,10.0,strip,55.0,False
11670,Anzilum 1mg Tablet,15,8,tablet,1mg,10.0,strip,19.0,False
11671,Anzilum 1mg Tablet,150,8,tablet,1mg,10.0,strip,19.0,False
11672,Anzilum 1mg Tablet,1561,8,tablet,1mg,10.0,strip,19.0,False
11673,Anzilum 1mg Tablet,1624,8,tablet,1mg,10.0,strip,19.0,False
11674,Alviroz-Trio Capsule,132,347,capsule,75mg,10.0,strip,154.0,False
11675,Alviroz-Trio Capsule,1166,347,capsule,75mg,10.0,strip,154.0,False
11676,Alviroz-Trio Capsule,1537,347,capsule,75mg,10.0,strip,154.0,False
11677,Alviroz-Trio Capsule,1670,347,capsule,75mg,10.0,strip,154.0,False
11678,Axsol-SP Tablet,16,1115,tablet,100mg,10.0,strip,60.0,False
11679,Axsol-SP Tablet,23,1115,tablet,100mg,10.0,strip,60.0,False
11683,Avcyp T Syrup,48,815,syrup,2mg,200.0,bottle,125.0,False
11688,Apectin 4mg Tablet,48,1878,tablet,4mg,10.0,strip,6.37,False
11689,Ace-Itra 200 Capsule,156,679,capsule,200mg,4.0,strip,145.0,False
11690,Actisprin 75mg Tablet,132,15,tablet,75mg,14.0,strip,3.72,False
11691,Actisprin 75mg Tablet,1166,15,tablet,75mg,14.0,strip,3.72,False
11692,Actisprin 75mg Tablet,1537,15,tablet,75mg,14.0,strip,3.72,False
11693,Actisprin 75mg Tablet,1670,15,tablet,75mg,14.0,strip,3.72,False
11694,Arorab-DSR Capsule,18,171,capsule,30mg,15.0,strip,163.5,False
11695,Arorab-DSR Capsule,302,171,capsule,30mg,15.0,strip,163.5,False
11696,Arorab-DSR Capsule,558,171,capsule,30mg,15.0,strip,163.5,False
11697,Amalt 200mg Tablet,222,53,tablet,200mg,10.0,strip,255.55,False
11703,Anvimox-LB 625 Tablet,1,1230,tablet,500mg,6.0,strip,195.0,False
11707,Alietop DSR Capsule,18,499,capsule,30mg,10.0,strip,85.0,False
11708,Alietop DSR Capsule,302,499,capsule,30mg,10.0,strip,85.0,False
11709,Alietop DSR Capsule,558,499,capsule,30mg,10.0,strip,85.0,False
11710,Azythr 500mg Tablet,2,1879,tablet,500mg,3.0,strip,66.0,False
11711,Aceflam Plus 100 mg/500 mg Tablet,16,24,tablet,100mg,10.0,strip,35.0,False
11712,Aceflam Plus 100 mg/500 mg Tablet,23,24,tablet,100mg,10.0,strip,35.0,False
11713,Algos Spas Tablet,119,18,tablet,80mg,10.0,strip,130.0,False
11714,Algos Spas Tablet,220,18,tablet,80mg,10.0,strip,130.0,False
11715,Algos Spas Tablet,1619,18,tablet,80mg,10.0,strip,130.0,False
11717,Articalm 10mg Tablet,355,8,tablet,10mg,10.0,strip,54.4,False
11718,Acrotex 200mg Tablet,183,312,tablet,200mg,10.0,strip,139.07,False
11719,Axone O 100mg/5ml Syrup,346,8,syrup,100mg/5ml,30.0,bottle,28.21,False
11720,Axone O 100mg/5ml Syrup,593,8,syrup,100mg/5ml,30.0,bottle,28.21,False
11721,Alzigo M 5mg/10mg Tablet,116,336,tablet,5mg,10.0,strip,175.0,False
11723,Adcarb 150mg Injection,607,368,injection,150mg,15.0,ml,775.0,False
11725,Aclopen MR 100 mg/500 mg/250 mg Tablet,16,50,tablet,100mg,10.0,strip,230.0,False
11726,Aclopen MR 100 mg/500 mg/250 mg Tablet,23,50,tablet,100mg,10.0,strip,230.0,False
11727,Alday RD 5 mg/20 mg Tablet,52,188,tablet,5mg,10.0,strip,50.0,False
11728,Aquiti 100mg Tablet SR,484,251,tablet,100mg,10.0,strip,75.0,False
11734,Azadine 150 Injection,278,25,injection,150mg,,,6495.0,False
11736,Apkef 500mg Capsule,443,49,capsule,500mg,10.0,strip,110.0,False
11738,Aziwok 500mg Injection,2,7,injection,500mg,10.0,ml,96.65,False
11739,Acitec 20mg Capsule,360,932,capsule,20mg,20.0,strip,80.0,False
11741,Apgain Syrup,48,1289,syrup,2mg,200.0,bottle,85.0,False
11745,Amaday 5mg Tablet,20,49,tablet,5mg,10.0,strip,23.63,False
11747,Avis Tablet,199,21,tablet,,10.0,strip,232.2,False
11748,Avis Tablet,284,21,tablet,,10.0,strip,232.2,False
11749,Avis Tablet,1122,21,tablet,,10.0,strip,232.2,False
11752,Aldrex Syrup,68,15,syrup,4mg,100.0,bottle,27.5,False
11753,Aldrex Syrup,386,15,syrup,4mg,100.0,bottle,27.5,False
11754,Aldrex Syrup,592,15,syrup,4mg,100.0,bottle,27.5,False
11755,Aldrex Syrup,830,15,syrup,4mg,100.0,bottle,27.5,False
11756,Asvs Polyvalent Injection,509,80,injection,,10.0,ml,566.29,False
11759,Allut N 5mg Tablet,356,1027,tablet,5mg,10.0,strip,51.5,False
11760,Aronim P 100mg/325mg Tablet,37,1848,tablet,100mg,10.0,strip,35.0,False
11761,Aronim P 100mg/325mg Tablet,686,1848,tablet,100mg,10.0,strip,35.0,False
11764,Aceros 200mg Tablet SR,16,583,tablet,200mg,10.0,strip,52.0,False
11765,Aceros 200mg Tablet SR,23,583,tablet,200mg,10.0,strip,52.0,False
11768,Amlo CB 2.5mg Tablet,20,1064,tablet,2.5mg,10.0,strip,18.0,False
11769,Azidos 250mg Tablet,2,557,tablet,250mg,10.0,strip,110.0,False
11772,Alfurox 500mg Tablet,147,1429,tablet,500mg,10.0,strip,520.0,False
11773,Acilex Plus 100mg/325mg Tablet,16,1886,tablet,100mg,10.0,strip,46.5,False
